{
  "soil": {
    "precision": 0.7086187245827691,
    "recall": 0.6482564291657307,
    "f1-score": 0.6770949306116413,
    "support": 1998743.0,
    "iou": 0.5118242769488321
  },
  "plant": {
    "precision": 0.3861005647862579,
    "recall": 0.4535264776866167,
    "f1-score": 0.41710621578980883,
    "support": 974953.0,
    "iou": 0.2635086573404736
  },
  "accuracy": 0.5844124617983816,
  "macro avg": {
    "precision": 0.5473596446845135,
    "recall": 0.5508914534261737,
    "f1-score": 0.547100573200725,
    "support": 2973696.0
  },
  "weighted avg": {
    "precision": 0.6028782428899235,
    "recall": 0.5844124617983816,
    "f1-score": 0.5918552902846913,
    "support": 2973696.0
  },
  "inference_time_seconds": 0.029327041999977155
}