{
  "soil": {
    "precision": 0.9479551748872959,
    "recall": 0.9746485449715422,
    "f1-score": 0.9611165549705514,
    "support": 2047417.0,
    "iou": 0.9251437777442947
  },
  "plant": {
    "precision": 0.9402447083094451,
    "recall": 0.8817224615909461,
    "f1-score": 0.9100437070485624,
    "support": 926279.0,
    "iou": 0.8349359629681123
  },
  "accuracy": 0.9457029232308884,
  "macro avg": {
    "precision": 0.9440999415983704,
    "recall": 0.9281855032812442,
    "f1-score": 0.9355801310095568,
    "support": 2973696.0
  },
  "weighted avg": {
    "precision": 0.9455534353445635,
    "recall": 0.9457029232308884,
    "f1-score": 0.9452078317855546,
    "support": 2973696.0
  }
}