{
  "soil": {
    "precision": 0.9748159421428412,
    "recall": 0.9782652777970597,
    "f1-score": 0.9765375640350621,
    "support": 13901857.0,
    "iou": 0.9541508605680927
  },
  "plant": {
    "precision": 0.9170665766388898,
    "recall": 0.9048495725537445,
    "f1-score": 0.9109171135485536,
    "support": 3692511.0,
    "iou": 0.8364075176285164
  },
  "accuracy": 0.9628576030693459,
  "macro avg": {
    "precision": 0.9459412593908655,
    "recall": 0.9415574251754022,
    "f1-score": 0.9437273387918079,
    "support": 17594368.0
  },
  "weighted avg": {
    "precision": 0.9626961452074604,
    "recall": 0.9628576030693459,
    "f1-score": 0.962765870999746,
    "support": 17594368.0
  }
}