{
  "soil": {
    "precision": 0.9480783065189676,
    "recall": 0.9666225222552374,
    "f1-score": 0.9572606123845898,
    "support": 1998743.0,
    "iou": 0.9180247948374737
  },
  "plant": {
    "precision": 0.9287146126869674,
    "recall": 0.8914737428368342,
    "f1-score": 0.9097132055446614,
    "support": 974953.0,
    "iou": 0.8343797340030298
  },
  "accuracy": 0.9419843185046488,
  "macro avg": {
    "precision": 0.9383964596029675,
    "recall": 0.9290481325460358,
    "f1-score": 0.9334869089646256,
    "support": 2973696.0
  },
  "weighted avg": {
    "precision": 0.9417297452024814,
    "recall": 0.9419843185046488,
    "f1-score": 0.9416717670753152,
    "support": 2973696.0
  }
}