{
  "soil": {
    "precision": 0.9485072541148074,
    "recall": 0.9661302128387692,
    "f1-score": 0.9572376296961649,
    "support": 1998743.0,
    "iou": 0.9179825211924837
  },
  "plant": {
    "precision": 0.9278142750664575,
    "recall": 0.8924737910442863,
    "f1-score": 0.9098009692749259,
    "support": 974953.0,
    "iou": 0.8345274061286145
  },
  "accuracy": 0.9419812919679752,
  "macro avg": {
    "precision": 0.9381607645906325,
    "recall": 0.9293020019415277,
    "f1-score": 0.9335192994855455,
    "support": 2973696.0
  },
  "weighted avg": {
    "precision": 0.941722874675172,
    "recall": 0.9419812919679752,
    "f1-score": 0.9416850935970921,
    "support": 2973696.0
  },
  "inference_time_seconds": 0.44615986700000576
}