{
  "soil": {
    "precision": 0.8696208251976023,
    "recall": 0.9695143397625408,
    "f1-score": 0.9168547002400237,
    "support": 1998743.0,
    "iou": 0.8464743376933802
  },
  "plant": {
    "precision": 0.918249912458057,
    "recall": 0.7020071736791414,
    "f1-score": 0.7956984496980195,
    "support": 974953.0,
    "iou": 0.660713630650477
  },
  "accuracy": 0.8818097075154959,
  "macro avg": {
    "precision": 0.8939353688278296,
    "recall": 0.8357607567208412,
    "f1-score": 0.8562765749690215,
    "support": 2973696.0
  },
  "weighted avg": {
    "precision": 0.8855643091690111,
    "recall": 0.8818097075154959,
    "f1-score": 0.8771325329658037,
    "support": 2973696.0
  },
  "inference_time_seconds": 0.007266158999982508
}