{
  "soil": {
    "precision": 0.9564021169447892,
    "recall": 0.18856496336563938,
    "f1-score": 0.3150202887852784,
    "support": 1978061.0,
    "iou": 0.18695791212712976
  },
  "plant": {
    "precision": 0.3787715292023068,
    "recall": 0.9829224565227217,
    "f1-score": 0.5468233624402298,
    "support": 995635.0,
    "iou": 0.3762951786497728
  },
  "accuracy": 0.4545269590435606,
  "macro avg": {
    "precision": 0.667586823073548,
    "recall": 0.5857437099441806,
    "f1-score": 0.43092182561275405,
    "support": 2973696.0
  },
  "weighted avg": {
    "precision": 0.7630033195468754,
    "recall": 0.4545269590435606,
    "f1-score": 0.3926311989921212,
    "support": 2973696.0
  },
  "inference_time_seconds": 0.06382550699993317
}