{
  "soil": {
    "precision": 0.6930067012664017,
    "recall": 0.6541108925725361,
    "f1-score": 0.6729972706129055,
    "support": 1978293.0,
    "iou": 0.5071559053414639
  },
  "plant": {
    "precision": 0.38155538905513825,
    "recall": 0.42411666430581385,
    "f1-score": 0.40171183344117534,
    "support": 995403.0,
    "iou": 0.25133880225496275
  },
  "accuracy": 0.5771235526429064,
  "macro avg": {
    "precision": 0.53728104516077,
    "recall": 0.539113778439175,
    "f1-score": 0.5373545520270404,
    "support": 2973696.0
  },
  "weighted avg": {
    "precision": 0.5887527457413486,
    "recall": 0.5771235526429064,
    "f1-score": 0.5821882780268941,
    "support": 2973696.0
  },
  "inference_time_seconds": 0.03506833303254098
}