{
  "soil": {
    "precision": 0.6723600922654519,
    "recall": 1.0,
    "f1-score": 0.8040853107833297,
    "support": 1998743.0,
    "iou": 0.6723600922654519
  },
  "plant": {
    "precision": 1.0,
    "recall": 0.000993894064636962,
    "f1-score": 0.00198581444008845,
    "support": 974953.0,
    "iou": 0.000993894064636962
  },
  "accuracy": 0.6724668560606061,
  "macro avg": {
    "precision": 0.836180046132726,
    "recall": 0.5004969470323185,
    "f1-score": 0.4030355626117091,
    "support": 2973696.0
  },
  "weighted avg": {
    "precision": 0.7797797851209156,
    "recall": 0.6724668560606061,
    "f1-score": 0.541109771165853,
    "support": 2973696.0
  },
  "inference_time_seconds": 1.8103518010000244
}