{
  "soil": {
    "precision": 0.9010432876744255,
    "recall": 0.9063815529518413,
    "f1-score": 0.9037045369767059,
    "support": 2047417.0,
    "iou": 0.8243257109579992
  },
  "plant": {
    "precision": 0.7903230217393444,
    "recall": 0.7799734205352815,
    "f1-score": 0.7851141147602623,
    "support": 926279.0,
    "iou": 0.6462451529802183
  },
  "accuracy": 0.867006580363292,
  "macro avg": {
    "precision": 0.845683154706885,
    "recall": 0.8431774867435614,
    "f1-score": 0.8444093258684842,
    "support": 2973696.0
  },
  "weighted avg": {
    "precision": 0.8665549414513816,
    "recall": 0.867006580363292,
    "f1-score": 0.866764709334531,
    "support": 2973696.0
  }
}