{
  "soil": {
    "precision": 0.8879617179871269,
    "recall": 0.8689771521401201,
    "f1-score": 0.8783668664010117,
    "support": 1998743.0,
    "iou": 0.7831142287876185
  },
  "plant": {
    "precision": 0.7426701359751436,
    "recall": 0.7752219850597927,
    "f1-score": 0.7585970163185605,
    "support": 974953.0,
    "iou": 0.6110803875055181
  },
  "accuracy": 0.8382386767174587,
  "macro avg": {
    "precision": 0.8153159269811352,
    "recall": 0.8220995685999564,
    "f1-score": 0.8184819413597861,
    "support": 2973696.0
  },
  "weighted avg": {
    "precision": 0.8403265650470385,
    "recall": 0.8382386767174587,
    "f1-score": 0.8390992429965224,
    "support": 2973696.0
  },
  "inference_time_seconds": 0.4525141589999748
}