{
  "soil": {
    "precision": 0.93786880571368,
    "recall": 0.9037837175278094,
    "f1-score": 0.9205108402201339,
    "support": 13901857.0,
    "iou": 0.8527281926646195
  },
  "plant": {
    "precision": 0.6813565273570495,
    "recall": 0.7745848285895425,
    "f1-score": 0.7249858337983582,
    "support": 3692511.0,
    "iou": 0.5686100225522535
  },
  "accuracy": 0.8766688863163485,
  "macro avg": {
    "precision": 0.8096126665353648,
    "recall": 0.8391842730586759,
    "f1-score": 0.8227483370092461,
    "support": 17594368.0
  },
  "weighted avg": {
    "precision": 0.8840348510375632,
    "recall": 0.8766688863163485,
    "f1-score": 0.8794762184032275,
    "support": 17594368.0
  }
}