{
  "soil": {
    "precision": 0.885399931298584,
    "recall": 0.8704635863640298,
    "f1-score": 0.8778682304312462,
    "support": 1998743.0,
    "iou": 0.7823218754145242
  },
  "plant": {
    "precision": 0.7433157094830722,
    "recall": 0.7690227118640591,
    "f1-score": 0.7559507245324719,
    "support": 974953.0,
    "iou": 0.6076533618400098
  },
  "accuracy": 0.8372052825843664,
  "macro avg": {
    "precision": 0.8143578203908282,
    "recall": 0.8197431491140444,
    "f1-score": 0.816909477481859,
    "support": 2973696.0
  },
  "weighted avg": {
    "precision": 0.8388163402685329,
    "recall": 0.8372052825843664,
    "f1-score": 0.8378964787362082,
    "support": 2973696.0
  }
}