{
  "soil": {
    "precision": 0.7320310549420297,
    "recall": 0.6146287941971529,
    "f1-score": 0.6682123401859703,
    "support": 1998743.0,
    "iou": 0.501740900857483
  },
  "plant": {
    "precision": 0.40543986958021905,
    "recall": 0.5387449446281001,
    "f1-score": 0.46268204444734157,
    "support": 974953.0,
    "iou": 0.30096704639152516
  },
  "accuracy": 0.5897495910812672,
  "macro avg": {
    "precision": 0.5687354622611244,
    "recall": 0.5766868694126265,
    "f1-score": 0.565447192316656,
    "support": 2973696.0
  },
  "weighted avg": {
    "precision": 0.6249551951560752,
    "recall": 0.5897495910812672,
    "f1-score": 0.6008273827386511,
    "support": 2973696.0
  },
  "inference_time_seconds": 0.8322686550000071
}