{
  "soil": {
    "precision": 0.7320482674255185,
    "recall": 0.6194558279878903,
    "f1-score": 0.6710620665732628,
    "support": 1998743.0,
    "iou": 0.504961179671419
  },
  "plant": {
    "precision": 0.40687118918189696,
    "recall": 0.535163233509718,
    "f1-score": 0.46228141133608763,
    "support": 974953.0,
    "iou": 0.30062809589741196
  },
  "accuracy": 0.591819742165978,
  "macro avg": {
    "precision": 0.5694597283037077,
    "recall": 0.5773095307488041,
    "f1-score": 0.5666717389546753,
    "support": 2973696.0
  },
  "weighted avg": {
    "precision": 0.6254360353867178,
    "recall": 0.591819742165978,
    "f1-score": 0.6026114495076819,
    "support": 2973696.0
  },
  "inference_time_seconds": 1.5865860000485554
}