{
  "soil": {
    "precision": 0.9328413387561955,
    "recall": 0.9657544766885988,
    "f1-score": 0.9490126246095447,
    "support": 1998743.0,
    "iou": 0.9029724303367338
  },
  "plant": {
    "precision": 0.9243193518141773,
    "recall": 0.8574608211883035,
    "f1-score": 0.8896357052972116,
    "support": 974953.0,
    "iou": 0.8012106563056773
  },
  "accuracy": 0.9302494269757231,
  "macro avg": {
    "precision": 0.9285803452851864,
    "recall": 0.9116076489384511,
    "f1-score": 0.9193241649533781,
    "support": 2973696.0
  },
  "weighted avg": {
    "precision": 0.9300473286303853,
    "recall": 0.9302494269757231,
    "f1-score": 0.9295453671581048,
    "support": 2973696.0
  }
}