{
  "soil": {
    "precision": 0.9698229906008741,
    "recall": 0.9770276733532793,
    "f1-score": 0.9734120008432297,
    "support": 13901857.0,
    "iou": 0.9482012274084453
  },
  "plant": {
    "precision": 0.9110234044236712,
    "recall": 0.8855431981109874,
    "f1-score": 0.8981026119144211,
    "support": 3692511.0,
    "iou": 0.8150510398021471
  },
  "accuracy": 0.9578279253906705,
  "macro avg": {
    "precision": 0.9404231975122727,
    "recall": 0.9312854357321334,
    "f1-score": 0.9357573063788254,
    "support": 17594368.0
  },
  "weighted avg": {
    "precision": 0.9574827849876478,
    "recall": 0.9578279253906705,
    "f1-score": 0.9576069007667218,
    "support": 17594368.0
  }
}