{
  "soil": {
    "precision": 0.9317950739733987,
    "recall": 0.9660861851673777,
    "f1-score": 0.9486308419318691,
    "support": 1998743.0,
    "iou": 0.9022814057765957
  },
  "plant": {
    "precision": 0.9248000603507667,
    "recall": 0.8550278833954047,
    "f1-score": 0.8885463799397767,
    "support": 974953.0,
    "iou": 0.79944530649118
  },
  "accuracy": 0.9296747212896006,
  "macro avg": {
    "precision": 0.9282975671620827,
    "recall": 0.9105570342813911,
    "f1-score": 0.9185886109358229,
    "support": 2973696.0
  },
  "weighted avg": {
    "precision": 0.9295016957947193,
    "recall": 0.9296747212896006,
    "f1-score": 0.9289316102442398,
    "support": 2973696.0
  },
  "inference_time_seconds": 0.4451312300000154
}