{
  "soil": {
    "precision": 0.9353758487008084,
    "recall": 0.9758725262122958,
    "f1-score": 0.9551951535039284,
    "support": 2047417.0,
    "iou": 0.9142330806631837
  },
  "plant": {
    "precision": 0.9410257665313256,
    "recall": 0.8509725471483214,
    "f1-score": 0.8937364364289456,
    "support": 926279.0,
    "iou": 0.8078874382736928
  },
  "accuracy": 0.9369673295454546,
  "macro avg": {
    "precision": 0.9382008076160671,
    "recall": 0.9134225366803086,
    "f1-score": 0.924465794966437,
    "support": 2973696.0
  },
  "weighted avg": {
    "precision": 0.9371357462283747,
    "recall": 0.9369673295454546,
    "f1-score": 0.9360513274391599,
    "support": 2973696.0
  }
}