{
  "soil": {
    "precision": 0.6942319308320595,
    "recall": 0.5882512158891864,
    "f1-score": 0.636862602779794,
    "support": 1998743.0,
    "iou": 0.4672035292102788
  },
  "plant": {
    "precision": 0.35708655481419505,
    "recall": 0.4688420877724362,
    "f1-score": 0.40540355968341024,
    "support": 974953.0,
    "iou": 0.2542358363743254
  },
  "accuracy": 0.5491018584280303,
  "macro avg": {
    "precision": 0.5256592428231273,
    "recall": 0.5285466518308113,
    "f1-score": 0.5211330812316022,
    "support": 2973696.0
  },
  "weighted avg": {
    "precision": 0.5836957846406717,
    "recall": 0.5491018584280303,
    "f1-score": 0.5609766721251647,
    "support": 2973696.0
  },
  "inference_time_seconds": 3.533873658999994
}