{
  "soil": {
    "precision": 0.693385455448002,
    "recall": 0.5870354517814447,
    "f1-score": 0.6357938109248011,
    "support": 1998743.0,
    "iou": 0.46605404374818776
  },
  "plant": {
    "precision": 0.35591128007765804,
    "recall": 0.4678235771365389,
    "f1-score": 0.4042652480490536,
    "support": 974953.0,
    "iou": 0.2533411317606505
  },
  "accuracy": 0.547950765646522,
  "macro avg": {
    "precision": 0.52464836776283,
    "recall": 0.5274295144589918,
    "f1-score": 0.5200295294869274,
    "support": 2973696.0
  },
  "weighted avg": {
    "precision": 0.582741509429363,
    "recall": 0.547950765646522,
    "f1-score": 0.5598850875847561,
    "support": 2973696.0
  },
  "inference_time_seconds": 3.9160998340230435
}