{
  "soil": {
    "precision": 0.9516298844081743,
    "recall": 0.9725605482420044,
    "f1-score": 0.9619813781412249,
    "support": 2047417.0,
    "iou": 0.9267477074916144
  },
  "plant": {
    "precision": 0.9362494283668483,
    "recall": 0.8907327058046226,
    "f1-score": 0.9129240741212021,
    "support": 926279.0,
    "iou": 0.8397978948739846
  },
  "accuracy": 0.9470719266528925,
  "macro avg": {
    "precision": 0.9439396563875113,
    "recall": 0.9316466270233135,
    "f1-score": 0.9374527261312136,
    "support": 2973696.0
  },
  "weighted avg": {
    "precision": 0.9468390135721833,
    "recall": 0.9470719266528925,
    "f1-score": 0.9467004783752897,
    "support": 2973696.0
  }
}