{
  "soil": {
    "precision": 0.9497856432706141,
    "recall": 0.9602179970111215,
    "f1-score": 0.9549733296180563,
    "support": 1998743.0,
    "iou": 0.9138267535976147
  },
  "plant": {
    "precision": 0.9165644455030908,
    "recall": 0.8959252394730823,
    "f1-score": 0.9061273309708956,
    "support": 974953.0,
    "iou": 0.8283663689807268
  },
  "accuracy": 0.9391390377496557,
  "macro avg": {
    "precision": 0.9331750443868525,
    "recall": 0.9280716182421019,
    "f1-score": 0.930550330294476,
    "support": 2973696.0
  },
  "weighted avg": {
    "precision": 0.9388937745567173,
    "recall": 0.9391390377496557,
    "f1-score": 0.9389587292960849,
    "support": 2973696.0
  }
}