{
  "soil": {
    "precision": 0.9754381322153762,
    "recall": 0.9773076359510819,
    "f1-score": 0.9763719891781486,
    "support": 13901857.0,
    "iou": 0.9538347708893176
  },
  "plant": {
    "precision": 0.9139450503796237,
    "recall": 0.9073503098568968,
    "f1-score": 0.9106357406482788,
    "support": 3692511.0,
    "iou": 0.8359331902353732
  },
  "accuracy": 0.9626257675183332,
  "macro avg": {
    "precision": 0.9446915912975,
    "recall": 0.9423289729039894,
    "f1-score": 0.9435038649132137,
    "support": 17594368.0
  },
  "weighted avg": {
    "precision": 0.9625326455788333,
    "recall": 0.9626257675183332,
    "f1-score": 0.9625759937326017,
    "support": 17594368.0
  }
}