{
  "soil": {
    "precision": 0.9490944631136949,
    "recall": 0.9610054919516916,
    "f1-score": 0.9550128400500177,
    "support": 1998743.0,
    "iou": 0.9138991144118258
  },
  "plant": {
    "precision": 0.9179465800020845,
    "recall": 0.8943292651030358,
    "f1-score": 0.9059840338483247,
    "support": 974953.0,
    "iou": 0.8281268846881877
  },
  "accuracy": 0.9391450908230028,
  "macro avg": {
    "precision": 0.9335205215578897,
    "recall": 0.9276673785273637,
    "f1-score": 0.9304984369491712,
    "support": 2973696.0
  },
  "weighted avg": {
    "precision": 0.9388823492717575,
    "recall": 0.9391450908230028,
    "f1-score": 0.938938304625832,
    "support": 2973696.0
  },
  "inference_time_seconds": 0.3951792610000666
}