{
  "soil": {
    "precision": 0.9800504375376585,
    "recall": 0.4915239227854707,
    "f1-score": 0.6546977829653825,
    "support": 1998743.0,
    "iou": 0.48665480118549137
  },
  "plant": {
    "precision": 0.4844369208042742,
    "recall": 0.9794882419973066,
    "f1-score": 0.6482575475498953,
    "support": 974953.0,
    "iou": 0.4795717900069604
  },
  "accuracy": 0.6515074170325413,
  "macro avg": {
    "precision": 0.7322436791709663,
    "recall": 0.7355060823913886,
    "f1-score": 0.6514776652576388,
    "support": 2973696.0
  },
  "weighted avg": {
    "precision": 0.8175590850323039,
    "recall": 0.6515074170325413,
    "f1-score": 0.6525862938155045,
    "support": 2973696.0
  },
  "inference_time_seconds": 4.108167685000012
}