{
  "soil": {
    "precision": 0.9798224809006956,
    "recall": 0.49171304164667495,
    "f1-score": 0.6548146272723941,
    "support": 1998743.0,
    "iou": 0.48678393368539197
  },
  "plant": {
    "precision": 0.48446679241204293,
    "recall": 0.9792410505942337,
    "f1-score": 0.6482301410713328,
    "support": 974953.0,
    "iou": 0.47954179240620265
  },
  "accuracy": 0.6515534876463499,
  "macro avg": {
    "precision": 0.7321446366563693,
    "recall": 0.7354770461204543,
    "f1-score": 0.6515223841718635,
    "support": 2973696.0
  },
  "weighted avg": {
    "precision": 0.8174156597061023,
    "recall": 0.6515534876463499,
    "f1-score": 0.6526558442040565,
    "support": 2973696.0
  },
  "inference_time_seconds": 4.825921666924842
}