{
  "soil": {
    "precision": 0.6774270467328964,
    "recall": 0.9992310166939922,
    "f1-score": 0.8074468270046732,
    "support": 1998743.0,
    "iou": 0.6770740670427424
  },
  "plant": {
    "precision": 0.9396616024810583,
    "recall": 0.02455092707033057,
    "f1-score": 0.047851615211919725,
    "support": 974953.0,
    "iou": 0.024512283791948714
  },
  "accuracy": 0.67967337616219,
  "macro avg": {
    "precision": 0.8085443246069774,
    "recall": 0.5118909718821614,
    "f1-score": 0.42764922110829645,
    "support": 2973696.0
  },
  "weighted avg": {
    "precision": 0.7634030062224803,
    "recall": 0.67967337616219,
    "f1-score": 0.558406699660459,
    "support": 2973696.0
  }
}