{
  "soil": {
    "precision": 0.7932951187376371,
    "recall": 0.9994226670580773,
    "f1-score": 0.8845085708579783,
    "support": 13901857.0,
    "iou": 0.7929317498551258
  },
  "plant": {
    "precision": 0.900039854530962,
    "recall": 0.019570964040459188,
    "f1-score": 0.03830891779931261,
    "support": 3692511.0,
    "iou": 0.019528517077386336
  },
  "accuracy": 0.7937822489560296,
  "macro avg": {
    "precision": 0.8466674866342996,
    "recall": 0.5094968155492682,
    "f1-score": 0.4614087443286454,
    "support": 17594368.0
  },
  "weighted avg": {
    "precision": 0.8156975210921261,
    "recall": 0.7937822489560296,
    "f1-score": 0.7069175640587965,
    "support": 17594368.0
  }
}