{
  "soil": {
    "precision": 0.7958541956987192,
    "recall": 0.9995434422897603,
    "f1-score": 0.8861444679415923,
    "support": 13901857.0,
    "iou": 0.7955649924402629
  },
  "plant": {
    "precision": 0.9528100580673462,
    "recall": 0.034705922338484574,
    "f1-score": 0.06697238836585219,
    "support": 3692511.0,
    "iou": 0.03464636923071932
  },
  "accuracy": 0.7970540345637877,
  "macro avg": {
    "precision": 0.8743321268830326,
    "recall": 0.5171246823141225,
    "f1-score": 0.47655842815372224,
    "support": 17594368.0
  },
  "weighted avg": {
    "precision": 0.8287943529303198,
    "recall": 0.7970540345637877,
    "f1-score": 0.7142257087837587,
    "support": 17594368.0
  }
}