{
  "soil": {
    "precision": 0.6796974029344273,
    "recall": 0.998530076152862,
    "f1-score": 0.8088275373516456,
    "support": 1998743.0,
    "iou": 0.6790179950545241
  },
  "plant": {
    "precision": 0.9214060242897651,
    "recall": 0.03532888252049073,
    "f1-score": 0.0680486202689821,
    "support": 974953.0,
    "iou": 0.035222739548681804
  },
  "accuracy": 0.6827358949939738,
  "macro avg": {
    "precision": 0.8005517136120962,
    "recall": 0.5169294793366764,
    "f1-score": 0.4384380788103138,
    "support": 2973696.0
  },
  "weighted avg": {
    "precision": 0.758943750078268,
    "recall": 0.6827358949939738,
    "f1-score": 0.5659565015946301,
    "support": 2973696.0
  },
  "inference_time_seconds": 0.4747298329998557
}