{
  "soil": {
    "precision": 0.682121781033443,
    "recall": 0.9994256390141204,
    "f1-score": 0.8108364816444078,
    "support": 1998743.0,
    "iou": 0.6818544877374431
  },
  "plant": {
    "precision": 0.974598398017436,
    "recall": 0.04517756240557237,
    "f1-score": 0.08635226099767974,
    "support": 974953.0,
    "iou": 0.045124428722027744
  },
  "accuracy": 0.6865668178589877,
  "macro avg": {
    "precision": 0.8283600895254395,
    "recall": 0.5223016007098464,
    "f1-score": 0.4485943713210438,
    "support": 2973696.0
  },
  "weighted avg": {
    "precision": 0.778012872509638,
    "recall": 0.6865668178589877,
    "f1-score": 0.5733078087833656,
    "support": 2973696.0
  }
}