{
  "soil": {
    "precision": 0.6984697376132303,
    "recall": 0.9994778787125437,
    "f1-score": 0.8222928021834068,
    "support": 2047417.0,
    "iou": 0.6982149754267395
  },
  "plant": {
    "precision": 0.9756697089013815,
    "recall": 0.04627979258948978,
    "f1-score": 0.08836795105419824,
    "support": 926279.0,
    "iou": 0.04622644357889379
  },
  "accuracy": 0.7025654269972452,
  "macro avg": {
    "precision": 0.8370697232573059,
    "recall": 0.5228788356510168,
    "f1-score": 0.45533037661880255,
    "support": 2973696.0
  },
  "weighted avg": {
    "precision": 0.7848149834637871,
    "recall": 0.7025654269972452,
    "f1-score": 0.5936819498369961,
    "support": 2973696.0
  }
}