{
  "soil": {
    "precision": 0.6954803483134113,
    "recall": 0.9993797062347338,
    "f1-score": 0.8201844681209264,
    "support": 2047417.0,
    "iou": 0.6951802599298142
  },
  "plant": {
    "precision": 0.9598520532355451,
    "recall": 0.0327795405056144,
    "f1-score": 0.06339413223761682,
    "support": 926279.0,
    "iou": 0.03273465876196298
  },
  "accuracy": 0.6982926297778925,
  "macro avg": {
    "precision": 0.8276662007744782,
    "recall": 0.5160796233701741,
    "f1-score": 0.4417893001792716,
    "support": 2973696.0
  },
  "weighted avg": {
    "precision": 0.7778297069780392,
    "recall": 0.6982926297778925,
    "f1-score": 0.584451227220829,
    "support": 2973696.0
  }
}