{
  "soil": {
    "precision": 0.9499263599380975,
    "recall": 0.8997415874290807,
    "f1-score": 0.924153172733514,
    "support": 1977071.0,
    "iou": 0.8590006953699948
  },
  "plant": {
    "precision": 0.8199775855210458,
    "recall": 0.9059134579204816,
    "f1-score": 0.8608060546341492,
    "support": 996625.0,
    "iou": 0.7556273083576671
  },
  "accuracy": 0.9018100706998967,
  "macro avg": {
    "precision": 0.8849519727295716,
    "recall": 0.9028275226747812,
    "f1-score": 0.8924796136838316,
    "support": 2973696.0
  },
  "weighted avg": {
    "precision": 0.9063744308561086,
    "recall": 0.9018100706998967,
    "f1-score": 0.9029225823921411,
    "support": 2973696.0
  },
  "inference_time_seconds": 0.022204624954611063
}