{
  "soil": {
    "precision": 0.9596938049959772,
    "recall": 0.9624663661579443,
    "f1-score": 0.9610780859789273,
    "support": 2047417.0,
    "iou": 0.925072493907789
  },
  "plant": {
    "precision": 0.9165036876713996,
    "recall": 0.9106511105185371,
    "f1-score": 0.9135680258718117,
    "support": 926279.0,
    "iou": 0.8408883829150077
  },
  "accuracy": 0.9463263897856405,
  "macro avg": {
    "precision": 0.9380987463336884,
    "recall": 0.9365587383382408,
    "f1-score": 0.9373230559253696,
    "support": 2973696.0
  },
  "weighted avg": {
    "precision": 0.9462404800141054,
    "recall": 0.9463263897856405,
    "f1-score": 0.946279138485317,
    "support": 2973696.0
  }
}