{
  "soil": {
    "precision": 0.9591481540116668,
    "recall": 0.948748288299196,
    "f1-score": 0.9539198765334596,
    "support": 1998743.0,
    "iou": 0.9118994378483393
  },
  "plant": {
    "precision": 0.8972140975793302,
    "recall": 0.9171580578756104,
    "f1-score": 0.9070764636245687,
    "support": 974953.0,
    "iou": 0.8299541856631569
  },
  "accuracy": 0.9383911469094353,
  "macro avg": {
    "precision": 0.9281811257954985,
    "recall": 0.9329531730874032,
    "f1-score": 0.9304981700790141,
    "support": 2973696.0
  },
  "weighted avg": {
    "precision": 0.938842516138503,
    "recall": 0.9383911469094353,
    "f1-score": 0.9385618419711634,
    "support": 2973696.0
  }
}