{
  "soil": {
    "precision": 0.9565768706883869,
    "recall": 0.9564040999768354,
    "f1-score": 0.9564904775307252,
    "support": 1998743.0,
    "iou": 0.9166092469068851
  },
  "plant": {
    "precision": 0.9106574908183416,
    "recall": 0.9109946838462982,
    "f1-score": 0.910826056124623,
    "support": 974953.0,
    "iou": 0.8362539897748779
  },
  "accuracy": 0.9415162141658058,
  "macro avg": {
    "precision": 0.9336171807533642,
    "recall": 0.9336993919115668,
    "f1-score": 0.933658266827674,
    "support": 2973696.0
  },
  "weighted avg": {
    "precision": 0.941521788675148,
    "recall": 0.9415162141658058,
    "f1-score": 0.9415189859447852,
    "support": 2973696.0
  },
  "inference_time_seconds": 0.47812098199983666
}