{
  "soil": {
    "precision": 0.9564253335528244,
    "recall": 0.9534322321579113,
    "f1-score": 0.9549264374825712,
    "support": 1998743.0,
    "iou": 0.9137408807685208
  },
  "plant": {
    "precision": 0.9051403983660957,
    "recall": 0.9109475020847159,
    "f1-score": 0.9080346658582806,
    "support": 974953.0,
    "iou": 0.8315599749070719
  },
  "accuracy": 0.9395032309960399,
  "macro avg": {
    "precision": 0.9307828659594601,
    "recall": 0.9321898671213136,
    "f1-score": 0.9314805516704259,
    "support": 2973696.0
  },
  "weighted avg": {
    "precision": 0.9396111059333547,
    "recall": 0.9395032309960399,
    "f1-score": 0.9395525480801519,
    "support": 2973696.0
  }
}