{
  "soil": {
    "precision": 0.9581154316510888,
    "recall": 0.9665935175882587,
    "f1-score": 0.9623358022013878,
    "support": 2047417.0,
    "iou": 0.927405806467032
  },
  "plant": {
    "precision": 0.9246863445068171,
    "recall": 0.9066004950992088,
    "f1-score": 0.9155541115794947,
    "support": 926279.0,
    "iou": 0.8442598393848851
  },
  "accuracy": 0.9479062419292356,
  "macro avg": {
    "precision": 0.941400888078953,
    "recall": 0.9365970063437338,
    "f1-score": 0.9389449568904413,
    "support": 2973696.0
  },
  "weighted avg": {
    "precision": 0.9477025779461677,
    "recall": 0.9479062419292356,
    "f1-score": 0.9477637351146524,
    "support": 2973696.0
  }
}