{
  "soil": {
    "precision": 0.9745869255394004,
    "recall": 0.9741071282778984,
    "f1-score": 0.9743469678420628,
    "support": 13901857.0,
    "iou": 0.9499771728769443
  },
  "plant": {
    "precision": 0.9026968214729324,
    "recall": 0.9043699531294558,
    "f1-score": 0.9035326127394625,
    "support": 3692511.0,
    "iou": 0.824039659763058
  },
  "accuracy": 0.9594714626862414,
  "macro avg": {
    "precision": 0.9386418735061663,
    "recall": 0.9392385407036771,
    "f1-score": 0.9389397902907626,
    "support": 17594368.0
  },
  "weighted avg": {
    "precision": 0.9594994270821341,
    "recall": 0.9594714626862414,
    "f1-score": 0.959485235657408,
    "support": 17594368.0
  }
}