{
  "soil": {
    "precision": 0.9772237066224609,
    "recall": 0.9775484670860879,
    "f1-score": 0.97738605987687,
    "support": 13901857.0,
    "iou": 0.9557722827044445
  },
  "plant": {
    "precision": 0.9153668044961198,
    "recall": 0.9142215148445055,
    "f1-score": 0.9147938012048666,
    "support": 3692511.0,
    "iou": 0.8429677255995499
  },
  "accuracy": 0.9642581080491212,
  "macro avg": {
    "precision": 0.9462952555592904,
    "recall": 0.9458849909652967,
    "f1-score": 0.9460899305408683,
    "support": 17594368.0
  },
  "weighted avg": {
    "precision": 0.96424186541467,
    "recall": 0.9642581080491212,
    "f1-score": 0.964249890185454,
    "support": 17594368.0
  }
}