{
  "soil": {
    "precision": 0.9386258144039443,
    "recall": 0.9763135697320087,
    "f1-score": 0.9570988273519874,
    "support": 2047417.0,
    "iou": 0.9177272520672635
  },
  "plant": {
    "precision": 0.9425451176500556,
    "recall": 0.8588934867356379,
    "f1-score": 0.8987770779789307,
    "support": 926279.0,
    "iou": 0.8161627042137929
  },
  "accuracy": 0.9397382920110193,
  "macro avg": {
    "precision": 0.9405854660269999,
    "recall": 0.9176035282338233,
    "f1-score": 0.927937952665459,
    "support": 2973696.0
  },
  "weighted avg": {
    "precision": 0.9398466413786939,
    "recall": 0.9397382920110193,
    "f1-score": 0.9389321379232342,
    "support": 2973696.0
  }
}