{
  "soil": {
    "precision": 0.9370879116861873,
    "recall": 0.9618660328016159,
    "f1-score": 0.9493153160626674,
    "support": 1998743.0,
    "iou": 0.9035206571254147
  },
  "plant": {
    "precision": 0.9173411213280945,
    "recall": 0.867614131142732,
    "f1-score": 0.891784955214817,
    "support": 974953.0,
    "iou": 0.8047038879423273
  },
  "accuracy": 0.9309646984762396,
  "macro avg": {
    "precision": 0.9272145165071409,
    "recall": 0.9147400819721739,
    "f1-score": 0.9205501356387422,
    "support": 2973696.0
  },
  "weighted avg": {
    "precision": 0.9306137487253489,
    "recall": 0.9309646984762396,
    "f1-score": 0.9304534694247817,
    "support": 2973696.0
  },
  "inference_time_seconds": 0.47959444100001747
}