{
  "soil": {
    "precision": 0.9651770097185973,
    "recall": 0.9801036652873066,
    "f1-score": 0.9725830694055175,
    "support": 13901857.0,
    "iou": 0.9466293969311592
  },
  "plant": {
    "precision": 0.9204616168552495,
    "recall": 0.8668681014084996,
    "f1-score": 0.8928613518470712,
    "support": 3692511.0,
    "iou": 0.8064584804592065
  },
  "accuracy": 0.9563390398563905,
  "macro avg": {
    "precision": 0.9428193132869234,
    "recall": 0.9234858833479032,
    "f1-score": 0.9327222106262943,
    "support": 17594368.0
  },
  "weighted avg": {
    "precision": 0.955792638537022,
    "recall": 0.9563390398563905,
    "f1-score": 0.9558519586873914,
    "support": 17594368.0
  }
}