{
  "soil": {
    "precision": 0.9346770100424635,
    "recall": 0.9655823685186139,
    "f1-score": 0.9498783706465366,
    "support": 1998743.0,
    "iou": 0.9045412874995782
  },
  "plant": {
    "precision": 0.9243099077529752,
    "recall": 0.8616538438263178,
    "f1-score": 0.8918828102729723,
    "support": 974953.0,
    "iou": 0.8048632568299728
  },
  "accuracy": 0.9315084662319215,
  "macro avg": {
    "precision": 0.9294934588977193,
    "recall": 0.9136181061724659,
    "f1-score": 0.9208805904597545,
    "support": 2973696.0
  },
  "weighted avg": {
    "precision": 0.9312780622420012,
    "recall": 0.9315084662319215,
    "f1-score": 0.9308640041568592,
    "support": 2973696.0
  }
}