{
  "soil": {
    "precision": 0.9675511076753276,
    "recall": 0.9791787528817193,
    "f1-score": 0.9733302048305337,
    "support": 13901857.0,
    "iou": 0.9480460118824007
  },
  "plant": {
    "precision": 0.9178957317149272,
    "recall": 0.8763657034467873,
    "f1-score": 0.8966500899493001,
    "support": 3692511.0,
    "iou": 0.8126615879346001
  },
  "accuracy": 0.9576014892947562,
  "macro avg": {
    "precision": 0.9427234196951274,
    "recall": 0.9277722281642533,
    "f1-score": 0.9349901473899169,
    "support": 17594368.0
  },
  "weighted avg": {
    "precision": 0.9571299875792313,
    "recall": 0.9576014892947562,
    "f1-score": 0.9572374319795726,
    "support": 17594368.0
  }
}