{
  "soil": {
    "precision": 0.9352685802520625,
    "recall": 0.9648814279774839,
    "f1-score": 0.9498442537143809,
    "support": 1998743.0,
    "iou": 0.9044794137193096
  },
  "plant": {
    "precision": 0.9230059626969467,
    "recall": 0.8630928875545796,
    "f1-score": 0.8920445600891753,
    "support": 974953.0,
    "iou": 0.8051267478419283
  },
  "accuracy": 0.9315091387956267,
  "macro avg": {
    "precision": 0.9291372714745045,
    "recall": 0.9139871577660317,
    "f1-score": 0.920944406901778,
    "support": 2973696.0
  },
  "weighted avg": {
    "precision": 0.9312481707101278,
    "recall": 0.9315091387956267,
    "f1-score": 0.9308941039011602,
    "support": 2973696.0
  }
}