{
  "soil": {
    "precision": 0.9401769102872672,
    "recall": 0.97493524768037,
    "f1-score": 0.9572406556773281,
    "support": 2047417.0,
    "iou": 0.9179880869819557
  },
  "plant": {
    "precision": 0.9396674763045711,
    "recall": 0.862880406443415,
    "f1-score": 0.8996384080951564,
    "support": 926279.0,
    "iou": 0.8175843420141429
  },
  "accuracy": 0.9400311935046488,
  "macro avg": {
    "precision": 0.9399221932959192,
    "recall": 0.9189078270618924,
    "f1-score": 0.9284395318862422,
    "support": 2973696.0
  },
  "weighted avg": {
    "precision": 0.9400182262791985,
    "recall": 0.9400311935046488,
    "f1-score": 0.9392980844500856,
    "support": 2973696.0
  }
}