{
  "soil": {
    "precision": 0.812934909773779,
    "recall": 0.5538075680565235,
    "f1-score": 0.6588066335433892,
    "support": 1998743.0,
    "iou": 0.4912092842241942
  },
  "plant": {
    "precision": 0.4467809260556194,
    "recall": 0.7387422778328802,
    "f1-score": 0.5568106266060975,
    "support": 974953.0,
    "iou": 0.38581951673927845
  },
  "accuracy": 0.6144400772641184,
  "macro avg": {
    "precision": 0.6298579179146993,
    "recall": 0.6462749229447018,
    "f1-score": 0.6078086300747434,
    "support": 2973696.0
  },
  "weighted avg": {
    "precision": 0.6928880304397883,
    "recall": 0.6144400772641184,
    "f1-score": 0.6253663245973727,
    "support": 2973696.0
  },
  "inference_time_seconds": 0.04894166602753103
}