{
  "soil": {
    "precision": 0.8132497827513759,
    "recall": 0.5548407173908801,
    "f1-score": 0.6596407077350978,
    "support": 1998743.0,
    "iou": 0.4921372288324686
  },
  "plant": {
    "precision": 0.44737216398735197,
    "recall": 0.7387966394277468,
    "f1-score": 0.557285017740785,
    "support": 974953.0,
    "iou": 0.3862751996018688
  },
  "accuracy": 0.6151523222279615,
  "macro avg": {
    "precision": 0.6303109733693639,
    "recall": 0.6468186784093135,
    "f1-score": 0.6084628627379414,
    "support": 2973696.0
  },
  "weighted avg": {
    "precision": 0.6932935121551747,
    "recall": 0.6151523222279615,
    "f1-score": 0.6260824734613102,
    "support": 2973696.0
  },
  "inference_time_seconds": 0.04812616499998512
}