{
  "soil": {
    "precision": 0.8711287202755467,
    "recall": 0.5455043494836505,
    "f1-score": 0.6708928599996801,
    "support": 1998743.0,
    "iou": 0.5047695853921291
  },
  "plant": {
    "precision": 0.4724852285759912,
    "recall": 0.8345581787019477,
    "f1-score": 0.6033715630686816,
    "support": 974953.0,
    "iou": 0.4320201043553242
  },
  "accuracy": 0.6402732491821626,
  "macro avg": {
    "precision": 0.6718069744257689,
    "recall": 0.690031264092799,
    "f1-score": 0.6371322115341809,
    "support": 2973696.0
  },
  "weighted avg": {
    "precision": 0.7404298633100206,
    "recall": 0.6402732491821626,
    "f1-score": 0.6487553950379733,
    "support": 2973696.0
  },
  "inference_time_seconds": 0.05408987507689744
}