{
  "soil": {
    "precision": 0.87118832260196,
    "recall": 0.5448669488773694,
    "f1-score": 0.6704282421657614,
    "support": 1998743.0,
    "iou": 0.5042437448113616
  },
  "plant": {
    "precision": 0.4722198531813511,
    "recall": 0.8348392178905034,
    "f1-score": 0.6032285175588903,
    "support": 974953.0,
    "iou": 0.43187344898010077
  },
  "accuracy": 0.6399369673295454,
  "macro avg": {
    "precision": 0.6717040878916556,
    "recall": 0.6898530833839365,
    "f1-score": 0.6368283798623258,
    "support": 2973696.0
  },
  "weighted avg": {
    "precision": 0.7403829187654445,
    "recall": 0.6399369673295454,
    "f1-score": 0.6483962075850098,
    "support": 2973696.0
  },
  "inference_time_seconds": 0.05708604300002662
}