{
  "soil": {
    "precision": 0.9574275459833665,
    "recall": 0.9343907645955483,
    "f1-score": 0.9457688951773361,
    "support": 1998743.0,
    "iou": 0.8971172362974694
  },
  "plant": {
    "precision": 0.8718179552219111,
    "recall": 0.914822560677284,
    "f1-score": 0.8928026954981937,
    "support": 974953.0,
    "iou": 0.8063627791253688
  },
  "accuracy": 0.9279751528064738,
  "macro avg": {
    "precision": 0.9146227506026388,
    "recall": 0.9246066626364161,
    "f1-score": 0.9192857953377649,
    "support": 2973696.0
  },
  "weighted avg": {
    "precision": 0.9293596710756243,
    "recall": 0.9279751528064738,
    "f1-score": 0.928403449860875,
    "support": 2973696.0
  }
}