{
  "soil": {
    "precision": 0.9577469485760022,
    "recall": 0.9339544903972147,
    "f1-score": 0.9457010972855234,
    "support": 1998743.0,
    "iou": 0.896995240012724
  },
  "plant": {
    "precision": 0.8711621833172947,
    "recall": 0.91552926141055,
    "f1-score": 0.8927948612669093,
    "support": 974953.0,
    "iou": 0.8063499978770706
  },
  "accuracy": 0.9279136132274449,
  "macro avg": {
    "precision": 0.9144545659466484,
    "recall": 0.9247418759038823,
    "f1-score": 0.9192479792762164,
    "support": 2973696.0
  },
  "weighted avg": {
    "precision": 0.9293593539317371,
    "recall": 0.9279136132274449,
    "f1-score": 0.9283553115949028,
    "support": 2973696.0
  },
  "inference_time_seconds": 0.4434015490001002
}