{
  "soil": {
    "precision": 0.9571163530086478,
    "recall": 0.9504263176480414,
    "f1-score": 0.9537596038547019,
    "support": 2047417.0,
    "iou": 0.9116065555953236
  },
  "plant": {
    "precision": 0.8920911342880532,
    "recall": 0.9058739321521917,
    "f1-score": 0.898929705298015,
    "support": 926279.0,
    "iou": 0.8164144556649935
  },
  "accuracy": 0.9365486586389463,
  "macro avg": {
    "precision": 0.9246037436483505,
    "recall": 0.9281501249001165,
    "f1-score": 0.9263446545763585,
    "support": 2973696.0
  },
  "weighted avg": {
    "precision": 0.9368615944283177,
    "recall": 0.9365486586389463,
    "f1-score": 0.9366805938936336,
    "support": 2973696.0
  }
}