{
  "soil": {
    "precision": 0.972268604656558,
    "recall": 0.9646928464305164,
    "f1-score": 0.9684659105577595,
    "support": 13901857.0,
    "iou": 0.9388598209889676
  },
  "plant": {
    "precision": 0.8708611693439752,
    "recall": 0.8964081623588934,
    "f1-score": 0.8834500169016686,
    "support": 3692511.0,
    "iou": 0.7912319468674118
  },
  "accuracy": 0.9503620135716156,
  "macro avg": {
    "precision": 0.9215648870002666,
    "recall": 0.9305505043947049,
    "f1-score": 0.9259579637297141,
    "support": 17594368.0
  },
  "weighted avg": {
    "precision": 0.9509863357865707,
    "recall": 0.9503620135716156,
    "f1-score": 0.9506237168228128,
    "support": 17594368.0
  }
}