{
  "soil": {
    "precision": 0.6931717510342635,
    "recall": 0.7398720095580072,
    "f1-score": 0.715760942561309,
    "support": 1998743.0,
    "iou": 0.557342449924265
  },
  "plant": {
    "precision": 0.3812534660487877,
    "recall": 0.3285953271593605,
    "f1-score": 0.35297124854083217,
    "support": 974953.0,
    "iou": 0.21430788517086968
  },
  "accuracy": 0.6050312473097452,
  "macro avg": {
    "precision": 0.5372126085415256,
    "recall": 0.5342336683586839,
    "f1-score": 0.5343660955510705,
    "support": 2973696.0
  },
  "weighted avg": {
    "precision": 0.5909065337082677,
    "recall": 0.6050312473097452,
    "f1-score": 0.5968170758868587,
    "support": 2973696.0
  },
  "inference_time_seconds": 0.026999526999929913
}