{
  "soil": {
    "precision": 0.9504644533296132,
    "recall": 0.9031187597792638,
    "f1-score": 0.9261869359138353,
    "support": 1999128.0,
    "iou": 0.8625215755798594
  },
  "plant": {
    "precision": 0.8196920172303521,
    "recall": 0.9034495284064323,
    "f1-score": 0.8595351534300214,
    "support": 974568.0,
    "iou": 0.753670887809588
  },
  "accuracy": 0.9032271624268251,
  "macro avg": {
    "precision": 0.8850782352799826,
    "recall": 0.9032841440928481,
    "f1-score": 0.8928610446719283,
    "support": 2973696.0
  },
  "weighted avg": {
    "precision": 0.9076064639775124,
    "recall": 0.9032271624268251,
    "f1-score": 0.9043431783973691,
    "support": 2973696.0
  },
  "inference_time_seconds": 0.023975634000066748
}