{
  "soil": {
    "precision": 0.7068559611691538,
    "recall": 0.6423307048479969,
    "f1-score": 0.6730503631556336,
    "support": 1998743.0,
    "iou": 0.5072162081118784
  },
  "plant": {
    "precision": 0.3823362202438552,
    "recall": 0.45388752073176863,
    "f1-score": 0.41505073484274,
    "support": 974953.0,
    "iou": 0.2618700446550624
  },
  "accuracy": 0.5805479107481061,
  "macro avg": {
    "precision": 0.5445960907065045,
    "recall": 0.5481091127898827,
    "f1-score": 0.5440505489991868,
    "support": 2973696.0
  },
  "weighted avg": {
    "precision": 0.6004592430868944,
    "recall": 0.5805479107481061,
    "f1-score": 0.5884628627445154,
    "support": 2973696.0
  },
  "inference_time_seconds": 0.0352455839747563
}