{
  "soil": {
    "precision": 0.9410236776225808,
    "recall": 0.6757206904539503,
    "f1-score": 0.7866044647901269,
    "support": 1998743.0,
    "iou": 0.6482671494699979
  },
  "plant": {
    "precision": 0.5787011548569055,
    "recall": 0.9131804302361242,
    "f1-score": 0.7084457303458407,
    "support": 974953.0,
    "iou": 0.5485218445644888
  },
  "accuracy": 0.7535740035296143,
  "macro avg": {
    "precision": 0.7598624162397432,
    "recall": 0.7944505603450372,
    "f1-score": 0.7475250975679838,
    "support": 2973696.0
  },
  "weighted avg": {
    "precision": 0.8222329772490512,
    "recall": 0.7535740035296143,
    "f1-score": 0.7609794201915331,
    "support": 2973696.0
  },
  "inference_time_seconds": 2.1322306249057874
}