{
  "soil": {
    "precision": 0.9413819576936441,
    "recall": 0.6791213277544937,
    "f1-score": 0.7890296437828389,
    "support": 1998743.0,
    "iou": 0.651568091433399
  },
  "plant": {
    "precision": 0.5813028590827042,
    "recall": 0.9133065901638335,
    "f1-score": 0.7104300489321181,
    "support": 974953.0,
    "iou": 0.5509046239359231
  },
  "accuracy": 0.7559010739497245,
  "macro avg": {
    "precision": 0.7613424083881741,
    "recall": 0.7962139589591637,
    "f1-score": 0.7497298463574785,
    "support": 2973696.0
  },
  "weighted avg": {
    "precision": 0.8233267841224278,
    "recall": 0.7559010739497245,
    "f1-score": 0.763260059131787,
    "support": 2973696.0
  },
  "inference_time_seconds": 1.4131896250000295
}