{
  "soil": {
    "precision": 0.9081090419772192,
    "recall": 0.9335802551903871,
    "f1-score": 0.9206685106479559,
    "support": 1998743.0,
    "iou": 0.852998842089432
  },
  "plant": {
    "precision": 0.8555258458293747,
    "recall": 0.8063311769900703,
    "f1-score": 0.8302003755325148,
    "support": 974953.0,
    "iou": 0.7096945136312877
  },
  "accuracy": 0.8918604995265151,
  "macro avg": {
    "precision": 0.881817443903297,
    "recall": 0.8699557160902287,
    "f1-score": 0.8754344430902353,
    "support": 2973696.0
  },
  "weighted avg": {
    "precision": 0.8908691678159297,
    "recall": 0.8918604995265151,
    "f1-score": 0.8910077182417366,
    "support": 2973696.0
  },
  "inference_time_seconds": 0.007105916040018201
}