{
  "soil": {
    "precision": 0.9081144690364974,
    "recall": 0.9335717498447774,
    "f1-score": 0.9206671638480856,
    "support": 1998743.0,
    "iou": 0.8529965299031289
  },
  "plant": {
    "precision": 0.8555122197531455,
    "recall": 0.8063455366566389,
    "f1-score": 0.8302015708534091,
    "support": 974953.0,
    "iou": 0.7096962606276281
  },
  "accuracy": 0.8918594906809573,
  "macro avg": {
    "precision": 0.8818133443948215,
    "recall": 0.8699586432507082,
    "f1-score": 0.8754343673507473,
    "support": 2973696.0
  },
  "weighted avg": {
    "precision": 0.8908683481332337,
    "recall": 0.8918594906809573,
    "f1-score": 0.8910072048990408,
    "support": 2973696.0
  },
  "inference_time_seconds": 0.007130017999998017
}