{
  "soil": {
    "precision": 0.6892190587521518,
    "recall": 0.9998275876384732,
    "f1-score": 0.8159635263350272,
    "support": 2047417.0,
    "iou": 0.6891371545416657
  },
  "plant": {
    "precision": 0.9012587412587413,
    "recall": 0.0034784336036982376,
    "f1-score": 0.006930120212420445,
    "support": 926279.0,
    "iou": 0.0034771084961451796
  },
  "accuracy": 0.6894739744748623,
  "macro avg": {
    "precision": 0.7952389000054465,
    "recall": 0.5016530106210857,
    "f1-score": 0.41144682327372384,
    "support": 2973696.0
  },
  "weighted avg": {
    "precision": 0.7552674729385788,
    "recall": 0.6894739744748623,
    "f1-score": 0.5639570487428853,
    "support": 2973696.0
  }
}