{
  "soil": {
    "precision": 0.7905364056322751,
    "recall": 0.9998474304547946,
    "f1-score": 0.8829568028047814,
    "support": 13901857.0,
    "iou": 0.7904410545821288
  },
  "plant": {
    "precision": 0.81877990430622,
    "recall": 0.002595252932218753,
    "f1-score": 0.005174105714706085,
    "support": 3692511.0,
    "iou": 0.002593763059487386
  },
  "accuracy": 0.7905551935710337,
  "macro avg": {
    "precision": 0.8046581549692475,
    "recall": 0.5012213416935067,
    "f1-score": 0.44406545425974375,
    "support": 17594368.0
  },
  "weighted avg": {
    "precision": 0.7964638381795555,
    "recall": 0.7905551935710337,
    "f1-score": 0.6987374966828013,
    "support": 17594368.0
  }
}