{
  "soil": {
    "precision": 0.6729953187619978,
    "recall": 0.9997908685608905,
    "f1-score": 0.8044717004261034,
    "support": 1998743.0,
    "iou": 0.6729005919080532
  },
  "plant": {
    "precision": 0.9049135577797999,
    "recall": 0.00408019668640437,
    "f1-score": 0.008123763847208707,
    "support": 974953.0,
    "iou": 0.004078448098210835
  },
  "accuracy": 0.673338162340737,
  "macro avg": {
    "precision": 0.7889544382708988,
    "recall": 0.5019355326236474,
    "f1-score": 0.40629773213665604,
    "support": 2973696.0
  },
  "weighted avg": {
    "precision": 0.7490318009327117,
    "recall": 0.673338162340737,
    "f1-score": 0.543381861447471,
    "support": 2973696.0
  },
  "inference_time_seconds": 0.39006940000035684
}