{
  "soil": {
    "precision": 0.6727904192584433,
    "recall": 0.9998203871133007,
    "f1-score": 0.8043348456994165,
    "support": 1998743.0,
    "iou": 0.6727091132549734
  },
  "plant": {
    "precision": 0.8945358401880141,
    "recall": 0.0031232274786579454,
    "f1-score": 0.0062247216506857925,
    "support": 974953.0,
    "iou": 0.003122077858162311
  },
  "accuracy": 0.6730442520015496,
  "macro avg": {
    "precision": 0.7836631297232287,
    "recall": 0.5014718072959793,
    "f1-score": 0.40527978367505113,
    "support": 2973696.0
  },
  "weighted avg": {
    "precision": 0.7454916514528397,
    "recall": 0.6730442520015496,
    "f1-score": 0.5426672576972529,
    "support": 2973696.0
  }
}