{
  "soil": {
    "precision": 0.9700127976133338,
    "recall": 0.9631397445679379,
    "f1-score": 0.9665640530020128,
    "support": 13901857.0,
    "iou": 0.9352916896395663
  },
  "plant": {
    "precision": 0.8648313788425416,
    "recall": 0.8879017557429078,
    "f1-score": 0.8762147351969474,
    "support": 3692511.0,
    "iou": 0.7796994342602517
  },
  "accuracy": 0.9473496291540565,
  "macro avg": {
    "precision": 0.9174220882279377,
    "recall": 0.9255207501554228,
    "f1-score": 0.9213893940994801,
    "support": 17594368.0
  },
  "weighted avg": {
    "precision": 0.9479384869130714,
    "recall": 0.9473496291540565,
    "f1-score": 0.9476025393041239,
    "support": 17594368.0
  }
}