{
  "soil": {
    "precision": 0.9489253911597485,
    "recall": 0.9571103492840003,
    "f1-score": 0.9530002961706449,
    "support": 2047417.0,
    "iou": 0.9102202156171472
  },
  "plant": {
    "precision": 0.9033555318565868,
    "recall": 0.8861325799246231,
    "f1-score": 0.8946611746266006,
    "support": 926279.0,
    "iou": 0.8093999361004721
  },
  "accuracy": 0.9350014258350551,
  "macro avg": {
    "precision": 0.9261404615081676,
    "recall": 0.9216214646043117,
    "f1-score": 0.9238307353986227,
    "support": 2973696.0
  },
  "weighted avg": {
    "precision": 0.9347307984019572,
    "recall": 0.9350014258350551,
    "f1-score": 0.9348281954701376,
    "support": 2973696.0
  }
}