{
  "soil": {
    "precision": 0.9463034636463024,
    "recall": 0.942771531907804,
    "f1-score": 0.9445341960177703,
    "support": 1998743.0,
    "iou": 0.8948979611220762
  },
  "plant": {
    "precision": 0.8835672980711778,
    "recall": 0.8903280465827583,
    "f1-score": 0.886934788894872,
    "support": 974953.0,
    "iou": 0.7968399156184766
  },
  "accuracy": 0.925577463197314,
  "macro avg": {
    "precision": 0.9149353808587402,
    "recall": 0.9165497892452812,
    "f1-score": 0.9157344924563211,
    "support": 2973696.0
  },
  "weighted avg": {
    "precision": 0.9257348470708472,
    "recall": 0.925577463197314,
    "f1-score": 0.9256497119371208,
    "support": 2973696.0
  }
}