{
  "soil": {
    "precision": 0.9454247658455222,
    "recall": 0.9437791652053316,
    "f1-score": 0.9446012488210461,
    "support": 1998743.0,
    "iou": 0.8950183499514859
  },
  "plant": {
    "precision": 0.8851519574175825,
    "recall": 0.8883105134298782,
    "f1-score": 0.8867284227123685,
    "support": 974953.0,
    "iou": 0.7965068369685576
  },
  "accuracy": 0.925593268444387,
  "macro avg": {
    "precision": 0.9152883616315524,
    "recall": 0.9160448393176048,
    "f1-score": 0.9156648357667073,
    "support": 2973696.0
  },
  "weighted avg": {
    "precision": 0.9256637830835838,
    "recall": 0.925593268444387,
    "f1-score": 0.9256271218648497,
    "support": 2973696.0
  },
  "inference_time_seconds": 0.39449228000012226
}