{
  "soil": {
    "precision": 0.8404449479301732,
    "recall": 0.7701950675999866,
    "f1-score": 0.8037879938951833,
    "support": 1998743.0,
    "iou": 0.6719444294097414
  },
  "plant": {
    "precision": 0.5977998653264694,
    "recall": 0.7002388833102724,
    "f1-score": 0.6449772174811783,
    "support": 974953.0,
    "iou": 0.4759899433441588
  },
  "accuracy": 0.7472593029011708,
  "macro avg": {
    "precision": 0.7191224066283213,
    "recall": 0.7352169754551294,
    "f1-score": 0.7243826056881808,
    "support": 2973696.0
  },
  "weighted avg": {
    "precision": 0.7608915735369168,
    "recall": 0.7472593029011708,
    "f1-score": 0.7517204513833853,
    "support": 2973696.0
  },
  "inference_time_seconds": 0.05319608305580914
}