{
  "soil": {
    "precision": 0.8405703636095337,
    "recall": 0.7694836204554563,
    "f1-score": 0.8034576890456798,
    "support": 1998743.0,
    "iou": 0.6714828900658516
  },
  "plant": {
    "precision": 0.5972476935906559,
    "recall": 0.700795833235038,
    "f1-score": 0.6448916179276515,
    "support": 974953.0,
    "iou": 0.47589670793817074
  },
  "accuracy": 0.7469637111527204,
  "macro avg": {
    "precision": 0.7189090286000948,
    "recall": 0.7351397268452471,
    "f1-score": 0.7241746534866657,
    "support": 2973696.0
  },
  "weighted avg": {
    "precision": 0.7607948360832112,
    "recall": 0.7469637111527204,
    "f1-score": 0.7514703753677736,
    "support": 2973696.0
  },
  "inference_time_seconds": 0.0577271260000316
}