{
  "soil": {
    "precision": 0.9670731282914884,
    "recall": 0.9739978116314602,
    "f1-score": 0.9705231182131758,
    "support": 13894369.0,
    "iou": 0.9427342521074155
  },
  "plant": {
    "precision": 0.8996575206449977,
    "recall": 0.875466452828771,
    "f1-score": 0.8873971509927803,
    "support": 3699999.0,
    "iou": 0.7975866247193313
  },
  "accuracy": 0.9532772077974042,
  "macro avg": {
    "precision": 0.933365324468243,
    "recall": 0.9247321322301156,
    "f1-score": 0.9289601346029781,
    "support": 17594368.0
  },
  "weighted avg": {
    "precision": 0.9528959961048473,
    "recall": 0.9532772077974042,
    "f1-score": 0.9530421836556232,
    "support": 17594368.0
  }
}