{
  "soil": {
    "precision": 0.9537495912174587,
    "recall": 0.9636630329699637,
    "f1-score": 0.9586806847649504,
    "support": 2039796.0,
    "iou": 0.9206404517221062
  },
  "plant": {
    "precision": 0.9187902241486231,
    "recall": 0.8979312560231288,
    "f1-score": 0.9082409923545893,
    "support": 933900.0,
    "iou": 0.8319061129739489
  },
  "accuracy": 0.9430197303288568,
  "macro avg": {
    "precision": 0.936269907683041,
    "recall": 0.9307971444965463,
    "f1-score": 0.9334608385597698,
    "support": 2973696.0
  },
  "weighted avg": {
    "precision": 0.9427704753611017,
    "recall": 0.9430197303288568,
    "f1-score": 0.942839916662886,
    "support": 2973696.0
  }
}