{
  "soil": {
    "precision": 0.9467052221604324,
    "recall": 0.9566373691182563,
    "f1-score": 0.9516453813494935,
    "support": 1977071.0,
    "iou": 0.9077514081776051
  },
  "plant": {
    "precision": 0.9121503294964662,
    "recall": 0.8931664367239434,
    "f1-score": 0.9025585701046587,
    "support": 996625.0,
    "iou": 0.8224207192457934
  },
  "accuracy": 0.9353652827995868,
  "macro avg": {
    "precision": 0.9294277758284493,
    "recall": 0.9249019029210999,
    "f1-score": 0.9271019757270761,
    "support": 2973696.0
  },
  "weighted avg": {
    "precision": 0.9351242569571213,
    "recall": 0.9353652827995868,
    "f1-score": 0.9351940886629231,
    "support": 2973696.0
  },
  "inference_time_seconds": 0.48213522100013506
}