{
  "soil": {
    "precision": 0.9669391512169521,
    "recall": 0.9735537468452148,
    "f1-score": 0.9702351753811337,
    "support": 13894369.0,
    "iou": 0.9421910247713446
  },
  "plant": {
    "precision": 0.8980696270212827,
    "recall": 0.8749994256755205,
    "f1-score": 0.8863844379496095,
    "support": 3699999.0,
    "iou": 0.795951913888126
  },
  "accuracy": 0.9528283141514375,
  "macro avg": {
    "precision": 0.9325043891191174,
    "recall": 0.9242765862603677,
    "f1-score": 0.9283098066653717,
    "support": 17594368.0
  },
  "weighted avg": {
    "precision": 0.952456268361799,
    "recall": 0.9528283141514375,
    "f1-score": 0.9526018256270589,
    "support": 17594368.0
  }
}