{
  "soil": {
    "precision": 0.9471843301853795,
    "recall": 0.9533132598677538,
    "f1-score": 0.9502389124097067,
    "support": 1977071.0,
    "iou": 0.9051954045953087
  },
  "plant": {
    "precision": 0.9061801201831207,
    "recall": 0.8945480998369497,
    "f1-score": 0.9003265407933624,
    "support": 996625.0,
    "iou": 0.8187217153016545
  },
  "accuracy": 0.933618298575241,
  "macro avg": {
    "precision": 0.9266822251842501,
    "recall": 0.9239306798523518,
    "f1-score": 0.9252827266015345,
    "support": 2973696.0
  },
  "weighted avg": {
    "precision": 0.9334418962602233,
    "recall": 0.933618298575241,
    "f1-score": 0.9335109357227356,
    "support": 2973696.0
  }
}