{
  "soil": {
    "precision": 0.9509302801063177,
    "recall": 0.9527503058817817,
    "f1-score": 0.9518394229705154,
    "support": 1977071.0,
    "iou": 0.9081045822845712
  },
  "plant": {
    "precision": 0.9059104126441192,
    "recall": 0.9024708390819014,
    "f1-score": 0.9041873547977196,
    "support": 996625.0,
    "iou": 0.825129513477016
  },
  "accuracy": 0.9358992983815427,
  "macro avg": {
    "precision": 0.9284203463752185,
    "recall": 0.9276105724818415,
    "f1-score": 0.9280133888841176,
    "support": 2973696.0
  },
  "weighted avg": {
    "precision": 0.9358420110265214,
    "recall": 0.9358992983815427,
    "f1-score": 0.935868979978793,
    "support": 2973696.0
  }
}