{
  "soil": {
    "precision": 0.9509991714835758,
    "recall": 0.9650646437192739,
    "f1-score": 0.9579802815784179,
    "support": 2039796.0,
    "iou": 0.9193494754874076
  },
  "plant": {
    "precision": 0.9211479964724016,
    "recall": 0.8913909412142628,
    "f1-score": 0.9060252031011666,
    "support": 933900.0,
    "iou": 0.8281956820847606
  },
  "accuracy": 0.9419271505897039,
  "macro avg": {
    "precision": 0.9360735839779888,
    "recall": 0.9282277924667683,
    "f1-score": 0.9320027423397923,
    "support": 2973696.0
  },
  "weighted avg": {
    "precision": 0.9416243018456116,
    "recall": 0.9419271505897039,
    "f1-score": 0.9416636009930773,
    "support": 2973696.0
  }
}