{
  "soil": {
    "precision": 0.7078032404747443,
    "recall": 0.08628873246835636,
    "f1-score": 0.15382461109939258,
    "support": 1998743.0,
    "iou": 0.08332069207736255
  },
  "plant": {
    "precision": 0.3310420259425911,
    "recall": 0.9269718642847399,
    "f1-score": 0.4878589120969851,
    "support": 974953.0,
    "iou": 0.3226279055571005
  },
  "accuracy": 0.36191426426911155,
  "macro avg": {
    "precision": 0.5194226332086677,
    "recall": 0.5066302983765482,
    "f1-score": 0.32084176159818883,
    "support": 2973696.0
  },
  "weighted avg": {
    "precision": 0.5842786850421222,
    "recall": 0.36191426426911155,
    "f1-score": 0.2633407633424281,
    "support": 2973696.0
  },
  "inference_time_seconds": 0.035813903999951435
}