{
  "soil": {
    "precision": 0.7268848379320683,
    "recall": 0.0885571581739123,
    "f1-score": 0.15787966740580453,
    "support": 1998743.0,
    "iou": 0.08570540404571071
  },
  "plant": {
    "precision": 0.33274167666903404,
    "recall": 0.931785429656609,
    "f1-score": 0.49037121404319406,
    "support": 974953.0,
    "iou": 0.3248290033979418
  },
  "accuracy": 0.36501713692320936,
  "macro avg": {
    "precision": 0.5298132573005512,
    "recall": 0.5101712939152607,
    "f1-score": 0.3241254407244993,
    "support": 2973696.0
  },
  "weighted avg": {
    "precision": 0.5976614548078757,
    "recall": 0.36501713692320936,
    "f1-score": 0.26689001374543136,
    "support": 2973696.0
  },
  "inference_time_seconds": 0.0342817910714075
}