{
  "soil": {
    "precision": 0.9734959660673707,
    "recall": 0.5245833295616499,
    "f1-score": 0.6817793379622534,
    "support": 1988502.0,
    "iou": 0.5171966709339373
  },
  "plant": {
    "precision": 0.5030036889621856,
    "recall": 0.9711731902549142,
    "f1-score": 0.6627477397133362,
    "support": 985194.0,
    "iou": 0.4956041275049066
  },
  "accuracy": 0.672539829222624,
  "macro avg": {
    "precision": 0.7382498275147782,
    "recall": 0.747878259908282,
    "f1-score": 0.6722635388377949,
    "support": 2973696.0
  },
  "weighted avg": {
    "precision": 0.817620527404385,
    "recall": 0.672539829222624,
    "f1-score": 0.675474114965268,
    "support": 2973696.0
  },
  "inference_time_seconds": 4.222944584093057
}