{
  "soil": {
    "precision": 0.9735083358796831,
    "recall": 0.5255187070468121,
    "f1-score": 0.6825718647103433,
    "support": 1988502.0,
    "iou": 0.5181093726681868
  },
  "plant": {
    "precision": 0.5034863576850375,
    "recall": 0.9711356341999646,
    "f1-score": 0.6631578071834696,
    "support": 985194.0,
    "iou": 0.4960628941448156
  },
  "accuracy": 0.6731528710399449,
  "macro avg": {
    "precision": 0.7384973467823603,
    "recall": 0.7483271706233884,
    "f1-score": 0.6728648359469065,
    "support": 2973696.0
  },
  "weighted avg": {
    "precision": 0.8177887085924636,
    "recall": 0.6731528710399449,
    "f1-score": 0.6761399318593959,
    "support": 2973696.0
  },
  "inference_time_seconds": 3.549163895999982
}