{
  "soil": {
    "precision": 0.9512463475252024,
    "recall": 0.9373551276977581,
    "f1-score": 0.9442496506058768,
    "support": 1998743.0,
    "iou": 0.8943872489815091
  },
  "plant": {
    "precision": 0.8753053605021606,
    "recall": 0.9015101240777761,
    "f1-score": 0.8882145062336605,
    "support": 974953.0,
    "iou": 0.7989081627830033
  },
  "accuracy": 0.925603020618113,
  "macro avg": {
    "precision": 0.9132758540136815,
    "recall": 0.9194326258877671,
    "f1-score": 0.9162320784197686,
    "support": 2973696.0
  },
  "weighted avg": {
    "precision": 0.9263484113807291,
    "recall": 0.925603020618113,
    "f1-score": 0.9258780241480528,
    "support": 2973696.0
  },
  "inference_time_seconds": 0.31617367699982424
}