{
  "soil": {
    "precision": 0.9554365986852285,
    "recall": 0.9683080469033741,
    "f1-score": 0.9618292624589256,
    "support": 13901857.0,
    "iou": 0.9264653950245555
  },
  "plant": {
    "precision": 0.8743086041763902,
    "recall": 0.8299639459435598,
    "f1-score": 0.8515593577372005,
    "support": 3692511.0,
    "iou": 0.7414918337088395
  },
  "accuracy": 0.939273919927104,
  "macro avg": {
    "precision": 0.9148726014308093,
    "recall": 0.899135996423467,
    "f1-score": 0.9066943100980631,
    "support": 17594368.0
  },
  "weighted avg": {
    "precision": 0.9384103541431212,
    "recall": 0.939273919927104,
    "f1-score": 0.9386870367106679,
    "support": 17594368.0
  }
}