{
  "soil": {
    "precision": 0.9558614434503578,
    "recall": 0.951228303760299,
    "f1-score": 0.9535392456626951,
    "support": 2047417.0,
    "iou": 0.9112040195588086
  },
  "plant": {
    "precision": 0.8933393719097247,
    "recall": 0.9029104621825605,
    "f1-score": 0.8980994178735687,
    "support": 926279.0,
    "iou": 0.8150457785768929
  },
  "accuracy": 0.9361777397555097,
  "macro avg": {
    "precision": 0.9246004076800413,
    "recall": 0.9270693829714298,
    "f1-score": 0.9258193317681319,
    "support": 2973696.0
  },
  "weighted avg": {
    "precision": 0.9363863922330894,
    "recall": 0.9361777397555097,
    "f1-score": 0.9362702483459943,
    "support": 2973696.0
  }
}