{
  "soil": {
    "precision": 0.9512804047667437,
    "recall": 0.9390697053097872,
    "f1-score": 0.9451356175868554,
    "support": 1998743.0,
    "iou": 0.8959783203834508
  },
  "plant": {
    "precision": 0.8782901213161185,
    "recall": 0.901402426578512,
    "f1-score": 0.8896961978414244,
    "support": 974953.0,
    "iou": 0.801308791442251
  },
  "accuracy": 0.9267201489325069,
  "macro avg": {
    "precision": 0.914785263041431,
    "recall": 0.9202360659441495,
    "f1-score": 0.9174159077141399,
    "support": 2973696.0
  },
  "weighted avg": {
    "precision": 0.927349883347931,
    "recall": 0.9267201489325069,
    "f1-score": 0.9269593048100728,
    "support": 2973696.0
  }
}