{
  "soil": {
    "precision": 0.9376747412517152,
    "recall": 0.9562655128748418,
    "f1-score": 0.9468788842722796,
    "support": 1998743.0,
    "iou": 0.8991167968538681
  },
  "plant": {
    "precision": 0.9065415764573811,
    "recall": 0.8696942314142323,
    "f1-score": 0.8877357117655127,
    "support": 974953.0,
    "iou": 0.798133789923821
  },
  "accuracy": 0.9278823390151515,
  "macro avg": {
    "precision": 0.9221081588545481,
    "recall": 0.912979872144537,
    "f1-score": 0.9173072980188961,
    "support": 2973696.0
  },
  "weighted avg": {
    "precision": 0.9274674529425773,
    "recall": 0.9278823390151515,
    "f1-score": 0.9274882628150124,
    "support": 2973696.0
  }
}