{
  "soil": {
    "precision": 0.9547566158029943,
    "recall": 0.9633518721393834,
    "f1-score": 0.9590349858239171,
    "support": 2047417.0,
    "iou": 0.9212941575975894
  },
  "plant": {
    "precision": 0.9173495093336212,
    "recall": 0.8990951970194725,
    "f1-score": 0.9081306300657643,
    "support": 926279.0,
    "iou": 0.8317209503921351
  },
  "accuracy": 0.943336507834022,
  "macro avg": {
    "precision": 0.9360530625683078,
    "recall": 0.931223534579428,
    "f1-score": 0.9335828079448407,
    "support": 2973696.0
  },
  "weighted avg": {
    "precision": 0.94310464560384,
    "recall": 0.943336507834022,
    "f1-score": 0.9431787464008874,
    "support": 2973696.0
  },
  "inference_time_seconds": 1.0933009180007502
}