{
  "soil": {
    "precision": 0.9502939409843132,
    "recall": 0.9530234752541973,
    "f1-score": 0.9516567509161984,
    "support": 1998743.0,
    "iou": 0.9077720982587504
  },
  "plant": {
    "precision": 0.9031233620714559,
    "recall": 0.8978053301030922,
    "f1-score": 0.900456494176163,
    "support": 974953.0,
    "iou": 0.8189366672685614
  },
  "accuracy": 0.9349197093448691,
  "macro avg": {
    "precision": 0.9267086515278846,
    "recall": 0.9254144026786447,
    "f1-score": 0.9260566225461807,
    "support": 2973696.0
  },
  "weighted avg": {
    "precision": 0.9348286421027776,
    "recall": 0.9349197093448691,
    "f1-score": 0.9348702858876724,
    "support": 2973696.0
  },
  "inference_time_seconds": 1.023287888001505
}