{
  "soil": {
    "precision": 0.9422859661821591,
    "recall": 0.9771593104432019,
    "f1-score": 0.9594058410184937,
    "support": 13901857.0,
    "iou": 0.9219788836384815
  },
  "plant": {
    "precision": 0.9000859971309116,
    "recall": 0.7746720321212314,
    "f1-score": 0.8326832130999033,
    "support": 3692511.0,
    "iou": 0.7133309676040557
  },
  "accuracy": 0.9346635241459085,
  "macro avg": {
    "precision": 0.9211859816565353,
    "recall": 0.8759156712822167,
    "f1-score": 0.8960445270591986,
    "support": 17594368.0
  },
  "weighted avg": {
    "precision": 0.933429504277907,
    "recall": 0.9346635241459085,
    "f1-score": 0.9328107000314289,
    "support": 17594368.0
  }
}