{
  "soil": {
    "precision": 0.9570179797879202,
    "recall": 0.9760454304773816,
    "f1-score": 0.9664380600204893,
    "support": 13901857.0,
    "iou": 0.9350557742476931
  },
  "plant": {
    "precision": 0.9025170120200907,
    "recall": 0.8349605458182792,
    "f1-score": 0.8674254163076545,
    "support": 3692511.0,
    "iou": 0.7658881179195554
  },
  "accuracy": 0.9464360981877837,
  "macro avg": {
    "precision": 0.9297674959040054,
    "recall": 0.9055029881478304,
    "f1-score": 0.9169317381640718,
    "support": 17594368.0
  },
  "weighted avg": {
    "precision": 0.9455799205752589,
    "recall": 0.9464360981877837,
    "f1-score": 0.945658383475772,
    "support": 17594368.0
  },
  "inference_time_seconds": 5.847801351999806
}