{
  "soil": {
    "precision": 0.9447220008582112,
    "recall": 0.9634773961532995,
    "f1-score": 0.9540075265730878,
    "support": 2047417.0,
    "iou": 0.9120596474729303
  },
  "plant": {
    "precision": 0.9155665106951871,
    "recall": 0.8753895964390859,
    "f1-score": 0.8950274047676735,
    "support": 926279.0,
    "iou": 0.809999640379759
  },
  "accuracy": 0.9360388553503788,
  "macro avg": {
    "precision": 0.9301442557766992,
    "recall": 0.9194334962961928,
    "f1-score": 0.9245174656703807,
    "support": 2973696.0
  },
  "weighted avg": {
    "precision": 0.9356403333734664,
    "recall": 0.9360388553503788,
    "f1-score": 0.9356357601767255,
    "support": 2973696.0
  }
}