{
  "soil": {
    "precision": 0.9500616704524848,
    "recall": 0.9515000177611629,
    "f1-score": 0.9507803001215844,
    "support": 1998743.0,
    "iou": 0.9061784678954862
  },
  "plant": {
    "precision": 0.900261027834395,
    "recall": 0.8974668522482622,
    "f1-score": 0.898861768573307,
    "support": 974953.0,
    "iou": 0.8163023886734858
  },
  "accuracy": 0.9337847580922864,
  "macro avg": {
    "precision": 0.9251613491434398,
    "recall": 0.9244834350047125,
    "f1-score": 0.9248210343474457,
    "support": 2973696.0
  },
  "weighted avg": {
    "precision": 0.9337340815118418,
    "recall": 0.9337847580922864,
    "f1-score": 0.9337583422319455,
    "support": 2973696.0
  },
  "inference_time_seconds": 0.5760323190002055
}