{
  "soil": {
    "precision": 0.9579397372671373,
    "recall": 0.20219506532643491,
    "f1-score": 0.33391065817955984,
    "support": 1977071.0,
    "iou": 0.20041581792649538
  },
  "plant": {
    "precision": 0.3829904670257668,
    "recall": 0.9823885613947071,
    "f1-score": 0.5511223566463975,
    "support": 996625.0,
    "iou": 0.38037881195458173
  },
  "accuracy": 0.4636744979984504,
  "macro avg": {
    "precision": 0.670465102146452,
    "recall": 0.592291813360571,
    "f1-score": 0.44251650741297865,
    "support": 2973696.0
  },
  "weighted avg": {
    "precision": 0.7652472709039629,
    "recall": 0.4636744979984504,
    "f1-score": 0.40670848586083996,
    "support": 2973696.0
  },
  "inference_time_seconds": 0.0629166809999333
}