{
  "soil": {
    "precision": 0.9732739952543968,
    "recall": 0.9767158445091184,
    "f1-score": 0.9749918823463688,
    "support": 13901857.0,
    "iou": 0.9512040593183246
  },
  "plant": {
    "precision": 0.9111550938436038,
    "recall": 0.8990239974911381,
    "f1-score": 0.9050488967891972,
    "support": 3692511.0,
    "iou": 0.8265655828239801
  },
  "accuracy": 0.960410740527878,
  "macro avg": {
    "precision": 0.9422145445490003,
    "recall": 0.9378699210001282,
    "f1-score": 0.940020389567783,
    "support": 17594368.0
  },
  "weighted avg": {
    "precision": 0.9602371685398898,
    "recall": 0.960410740527878,
    "f1-score": 0.960313023546627,
    "support": 17594368.0
  }
}