{
  "soil": {
    "precision": 0.9520149538961349,
    "recall": 0.9570795244811364,
    "f1-score": 0.9545405213767356,
    "support": 1998743.0,
    "iou": 0.9130344512574916
  },
  "plant": {
    "precision": 0.9110388667662187,
    "recall": 0.901102924961511,
    "f1-score": 0.9060436565661462,
    "support": 974953.0,
    "iou": 0.8282265211079058
  },
  "accuracy": 0.9387270924801997,
  "macro avg": {
    "precision": 0.9315269103311767,
    "recall": 0.9290912247213237,
    "f1-score": 0.9302920889714409,
    "support": 2973696.0
  },
  "weighted avg": {
    "precision": 0.9385805749025952,
    "recall": 0.9387270924801997,
    "f1-score": 0.9386403877256568,
    "support": 2973696.0
  }
}