{
  "soil": {
    "precision": 0.9527364160809705,
    "recall": 0.9590522643481428,
    "f1-score": 0.955883907592023,
    "support": 1998743.0,
    "iou": 0.9154958098457521
  },
  "plant": {
    "precision": 0.9148968028590948,
    "recall": 0.9024629905236458,
    "f1-score": 0.9086373625465751,
    "support": 974953.0,
    "iou": 0.8325714399264948
  },
  "accuracy": 0.9404989615616391,
  "macro avg": {
    "precision": 0.9338166094700326,
    "recall": 0.9307576274358943,
    "f1-score": 0.932260635069299,
    "support": 2973696.0
  },
  "weighted avg": {
    "precision": 0.9403303582897546,
    "recall": 0.9404989615616391,
    "f1-score": 0.9403937025301423,
    "support": 2973696.0
  },
  "inference_time_seconds": 0.47933851199991295
}