{
  "soil": {
    "precision": 0.9545432037871129,
    "recall": 0.969783878906935,
    "f1-score": 0.9621031882552349,
    "support": 2047417.0,
    "iou": 0.9269738353255785
  },
  "plant": {
    "precision": 0.9307679481282782,
    "recall": 0.8979195253266025,
    "f1-score": 0.9140487112252097,
    "support": 926279.0,
    "iou": 0.8417032335368124
  },
  "accuracy": 0.9473987926136364,
  "macro avg": {
    "precision": 0.9426555759576956,
    "recall": 0.9338517021167687,
    "f1-score": 0.9380759497402222,
    "support": 2973696.0
  },
  "weighted avg": {
    "precision": 0.9471374299499723,
    "recall": 0.9473987926136364,
    "f1-score": 0.9471346598888871,
    "support": 2973696.0
  }
}