{
  "soil": {
    "precision": 0.9548403202367639,
    "recall": 0.9530039629907396,
    "f1-score": 0.9539212578393357,
    "support": 1998743.0,
    "iou": 0.9119019624364239
  },
  "plant": {
    "precision": 0.9040321946225827,
    "recall": 0.9075965713218996,
    "f1-score": 0.9058108765195138,
    "support": 974953.0,
    "iou": 0.8278375804342091
  },
  "accuracy": 0.9381167409176997,
  "macro avg": {
    "precision": 0.9294362574296733,
    "recall": 0.9303002671563196,
    "f1-score": 0.9298660671794248,
    "support": 2973696.0
  },
  "weighted avg": {
    "precision": 0.9381824189274428,
    "recall": 0.9381167409176997,
    "f1-score": 0.9381478362794639,
    "support": 2973696.0
  }
}