{
  "soil": {
    "precision": 0.9771058111336178,
    "recall": 0.9793016860984831,
    "f1-score": 0.9782025162892299,
    "support": 13901857.0,
    "iou": 0.9573350217469512
  },
  "plant": {
    "precision": 0.9214083969246728,
    "recall": 0.9136124442147904,
    "f1-score": 0.9174938603004169,
    "support": 3692511.0,
    "iou": 0.8475645787607631
  },
  "accuracy": 0.9655155558869747,
  "macro avg": {
    "precision": 0.9492571040291453,
    "recall": 0.9464570651566367,
    "f1-score": 0.9478481882948234,
    "support": 17594368.0
  },
  "weighted avg": {
    "precision": 0.965416654999218,
    "recall": 0.9655155558869747,
    "f1-score": 0.9654616562575477,
    "support": 17594368.0
  }
}