{
  "soil": {
    "precision": 0.9560609714430144,
    "recall": 0.9662472276043425,
    "f1-score": 0.961127111183662,
    "support": 2047417.0,
    "iou": 0.9251633395484435
  },
  "plant": {
    "precision": 0.9235946111789842,
    "recall": 0.9018438289111596,
    "f1-score": 0.9125896356890969,
    "support": 926279.0,
    "iou": 0.8392320559381545
  },
  "accuracy": 0.9461861602530992,
  "macro avg": {
    "precision": 0.9398277913109994,
    "recall": 0.934045528257751,
    "f1-score": 0.9368583734363795,
    "support": 2973696.0
  },
  "weighted avg": {
    "precision": 0.9459479983216847,
    "recall": 0.9461861602530992,
    "f1-score": 0.9460081332304247,
    "support": 2973696.0
  }
}