{
  "soil": {
    "precision": 0.9430358241512389,
    "recall": 0.6822430757418424,
    "f1-score": 0.7917160079368643,
    "support": 1977071.0,
    "iou": 0.6552400041194084
  },
  "plant": {
    "precision": 0.5929520738951494,
    "recall": 0.9182470839081901,
    "f1-score": 0.7205886926816171,
    "support": 996625.0,
    "iou": 0.5632189496526763
  },
  "accuracy": 0.7613390877883953,
  "macro avg": {
    "precision": 0.7679939490231942,
    "recall": 0.8002450798250162,
    "f1-score": 0.7561523503092407,
    "support": 2973696.0
  },
  "weighted avg": {
    "precision": 0.825706340034848,
    "recall": 0.7613390877883953,
    "f1-score": 0.7678779086266925,
    "support": 2973696.0
  },
  "inference_time_seconds": 1.4297233140000571
}