{
  "soil": {
    "precision": 0.9422991457732027,
    "recall": 0.678854730052689,
    "f1-score": 0.7891715176103957,
    "support": 1977071.0,
    "iou": 0.6517616071047019
  },
  "plant": {
    "precision": 0.5902023213351001,
    "recall": 0.9175366863163176,
    "f1-score": 0.7183368997231727,
    "support": 996625.0,
    "iou": 0.560472482642294
  },
  "accuracy": 0.7588482481060606,
  "macro avg": {
    "precision": 0.7662507335541514,
    "recall": 0.7981957081845032,
    "f1-score": 0.7537542086667842,
    "support": 2973696.0
  },
  "weighted avg": {
    "precision": 0.8242949860824932,
    "recall": 0.7588482481060606,
    "f1-score": 0.7654315149161548,
    "support": 2973696.0
  },
  "inference_time_seconds": 2.1527537920046598
}