{
  "soil": {
    "precision": 0.7297916604207706,
    "recall": 0.6211208744696042,
    "f1-score": 0.6710853924202538,
    "support": 1998743.0,
    "iou": 0.5049875955855824
  },
  "plant": {
    "precision": 0.4049233878604,
    "recall": 0.5285352216978665,
    "f1-score": 0.4585447504195713,
    "support": 974953.0,
    "iou": 0.2974752270910125
  },
  "accuracy": 0.590765834839876,
  "macro avg": {
    "precision": 0.5673575241405853,
    "recall": 0.5748280480837353,
    "f1-score": 0.5648150714199125,
    "support": 2973696.0
  },
  "weighted avg": {
    "precision": 0.6232806731048005,
    "recall": 0.590765834839876,
    "f1-score": 0.6014020298504109,
    "support": 2973696.0
  },
  "inference_time_seconds": 0.8216531939999641
}