{
  "soil": {
    "precision": 0.7225869016986652,
    "recall": 0.6065337064344941,
    "f1-score": 0.659493666754432,
    "support": 1998743.0,
    "iou": 0.49197355536373955
  },
  "plant": {
    "precision": 0.3931651037410675,
    "recall": 0.522619039071627,
    "f1-score": 0.44874235992461203,
    "support": 974953.0,
    "iou": 0.2892764865949695
  },
  "accuracy": 0.5790215274190771,
  "macro avg": {
    "precision": 0.5578760027198664,
    "recall": 0.5645763727530606,
    "f1-score": 0.554118013339522,
    "support": 2973696.0
  },
  "weighted avg": {
    "precision": 0.6145830000946837,
    "recall": 0.5790215274190771,
    "f1-score": 0.59039695382626,
    "support": 2973696.0
  },
  "inference_time_seconds": 1.6180212079780176
}