{
  "soil": {
    "precision": 0.69377461365077,
    "recall": 0.563469140354713,
    "f1-score": 0.6218692022263451,
    "support": 1998743.0,
    "iou": 0.45124106015986537
  },
  "plant": {
    "precision": 0.35386589788345174,
    "recall": 0.49012208793654666,
    "f1-score": 0.4109951696804558,
    "support": 974953.0,
    "iou": 0.2586494149283397
  },
  "accuracy": 0.539421649018595,
  "macro avg": {
    "precision": 0.5238202557671109,
    "recall": 0.5267956141456298,
    "f1-score": 0.5164321859534005,
    "support": 2973696.0
  },
  "weighted avg": {
    "precision": 0.5823324816495519,
    "recall": 0.539421649018595,
    "f1-score": 0.5527322525674988,
    "support": 2973696.0
  },
  "inference_time_seconds": 0.9925443649999579
}