{
  "soil": {
    "precision": 0.6948183269095854,
    "recall": 0.5658731512755767,
    "f1-score": 0.6237513983648955,
    "support": 1998743.0,
    "iou": 0.4532258180853545
  },
  "plant": {
    "precision": 0.35528671904372006,
    "recall": 0.49045851441043825,
    "f1-score": 0.41207065560455614,
    "support": 974953.0,
    "iou": 0.2595018834175141
  },
  "accuracy": 0.5411477837680785,
  "macro avg": {
    "precision": 0.5250525229766527,
    "recall": 0.5281658328430074,
    "f1-score": 0.5179110269847258,
    "support": 2973696.0
  },
  "weighted avg": {
    "precision": 0.5834998331282275,
    "recall": 0.5411477837680785,
    "f1-score": 0.5543499615009991,
    "support": 2973696.0
  },
  "inference_time_seconds": 1.9364152499474585
}