{
  "soil": {
    "precision": 0.954103860365945,
    "recall": 0.9467860550355899,
    "f1-score": 0.9504308721205297,
    "support": 1998743.0,
    "iou": 0.9055438530673652
  },
  "plant": {
    "precision": 0.8925953490062941,
    "recall": 0.9066303708999306,
    "f1-score": 0.8995581192284285,
    "support": 974953.0,
    "iou": 0.8174517300247661
  },
  "accuracy": 0.9336206525482094,
  "macro avg": {
    "precision": 0.9233496046861196,
    "recall": 0.9267082129677602,
    "f1-score": 0.9249944956744791,
    "support": 2973696.0
  },
  "weighted avg": {
    "precision": 0.9339377412752156,
    "recall": 0.9336206525482094,
    "f1-score": 0.9337517821764288,
    "support": 2973696.0
  }
}