{
  "soil": {
    "precision": 0.9573527134305463,
    "recall": 0.9756100210209326,
    "f1-score": 0.9663951448494595,
    "support": 13901857.0,
    "iou": 0.9349754309239462
  },
  "plant": {
    "precision": 0.9010717763992118,
    "recall": 0.8363761137069057,
    "f1-score": 0.8675194402172501,
    "support": 3692511.0,
    "iou": 0.7660347303300917
  },
  "accuracy": 0.9463891513466127,
  "macro avg": {
    "precision": 0.929212244914879,
    "recall": 0.9059930673639192,
    "f1-score": 0.9169572925333549,
    "support": 17594368.0
  },
  "weighted avg": {
    "precision": 0.945541093991956,
    "recall": 0.9463891513466127,
    "f1-score": 0.9456442075616193,
    "support": 17594368.0
  }
}