{
  "soil": {
    "precision": 0.9550990331514082,
    "recall": 0.9441854205368074,
    "f1-score": 0.9496108711037735,
    "support": 1998743.0,
    "iou": 0.9040562635122156
  },
  "plant": {
    "precision": 0.8881941326448799,
    "recall": 0.9090007415742092,
    "f1-score": 0.8984769952528077,
    "support": 974953.0,
    "iou": 0.8156679355589261
  },
  "accuracy": 0.9326498068397039,
  "macro avg": {
    "precision": 0.921646582898144,
    "recall": 0.9265930810555083,
    "f1-score": 0.9240439331782906,
    "support": 2973696.0
  },
  "weighted avg": {
    "precision": 0.9331636593056818,
    "recall": 0.9326498068397039,
    "f1-score": 0.9328461696472269,
    "support": 2973696.0
  },
  "inference_time_seconds": 0.3160934449997512
}