{
  "soil": {
    "precision": 0.9569611252967442,
    "recall": 0.9584432482488912,
    "f1-score": 0.9577016133460061,
    "support": 2047417.0,
    "iou": 0.9188363194348196
  },
  "plant": {
    "precision": 0.9078287697647512,
    "recall": 0.9047209318142806,
    "f1-score": 0.9062721864055495,
    "support": 926279.0,
    "iou": 0.8286085213716539
  },
  "accuracy": 0.941709239949208,
  "macro avg": {
    "precision": 0.9323949475307477,
    "recall": 0.9315820900315859,
    "f1-score": 0.9319868998757779,
    "support": 2973696.0
  },
  "weighted avg": {
    "precision": 0.9416568476739411,
    "recall": 0.941709239949208,
    "f1-score": 0.9416818190708082,
    "support": 2973696.0
  }
}