{
  "soil": {
    "precision": 0.7319180742532517,
    "recall": 0.8877319395239909,
    "f1-score": 0.8023301899824711,
    "support": 1998743.0,
    "iou": 0.6699093383432019
  },
  "plant": {
    "precision": 0.5916021781702496,
    "recall": 0.3334078668407605,
    "f1-score": 0.4264706557640522,
    "support": 974953.0,
    "iou": 0.2710280919299486
  },
  "accuracy": 0.7059918027935606,
  "macro avg": {
    "precision": 0.6617601262117507,
    "recall": 0.6105699031823757,
    "f1-score": 0.6144004228732616,
    "support": 2973696.0
  },
  "weighted avg": {
    "precision": 0.6859142447314004,
    "recall": 0.7059918027935606,
    "f1-score": 0.6791012585567806,
    "support": 2973696.0
  }
}