{
  "soil": {
    "precision": 0.7357146337012519,
    "recall": 0.8915453362438293,
    "f1-score": 0.8061686056283007,
    "support": 1998743.0,
    "iou": 0.675278443362246
  },
  "plant": {
    "precision": 0.6070119397681661,
    "recall": 0.34343091410560306,
    "f1-score": 0.438672697675485,
    "support": 974953.0,
    "iou": 0.2809613954885603
  },
  "accuracy": 0.7118410893379821,
  "macro avg": {
    "precision": 0.671363286734709,
    "recall": 0.6174881251747162,
    "f1-score": 0.6224206516518929,
    "support": 2973696.0
  },
  "weighted avg": {
    "precision": 0.6935182970353171,
    "recall": 0.7118410893379821,
    "f1-score": 0.6856817643552447,
    "support": 2973696.0
  },
  "inference_time_seconds": 0.31840309200015326
}