{
  "soil": {
    "precision": 0.7550843263660946,
    "recall": 0.896494949490016,
    "f1-score": 0.8197357461698379,
    "support": 2047417.0,
    "iou": 0.6945357732470956
  },
  "plant": {
    "precision": 0.6096145662742266,
    "recall": 0.3572627685610923,
    "f1-score": 0.45050717367243837,
    "support": 926279.0,
    "iou": 0.2907449237697868
  },
  "accuracy": 0.7285290762741047,
  "macro avg": {
    "precision": 0.6823494463201606,
    "recall": 0.6268788590255541,
    "f1-score": 0.6351214599211381,
    "support": 2973696.0
  },
  "weighted avg": {
    "precision": 0.7097718317774967,
    "recall": 0.7285290762741047,
    "f1-score": 0.7047244360344647,
    "support": 2973696.0
  }
}