{
  "soil": {
    "precision": 0.8344423866013976,
    "recall": 0.9004581905856175,
    "f1-score": 0.8661942839460397,
    "support": 13901857.0,
    "iou": 0.7639706447773946
  },
  "plant": {
    "precision": 0.4662612181044817,
    "recall": 0.32738372343372846,
    "f1-score": 0.38467159730127704,
    "support": 3692511.0,
    "iou": 0.2381383232404059
  },
  "accuracy": 0.7801876714184903,
  "macro avg": {
    "precision": 0.6503518023529397,
    "recall": 0.613920957009673,
    "f1-score": 0.6254329406236584,
    "support": 17594368.0
  },
  "weighted avg": {
    "precision": 0.7571726026189485,
    "recall": 0.7801876714184903,
    "f1-score": 0.7651376380247233,
    "support": 17594368.0
  }
}