{
  "soil": {
    "precision": 0.9696280263437834,
    "recall": 0.9772756258390516,
    "f1-score": 0.9734368058879332,
    "support": 13901857.0,
    "iou": 0.9482483021709291
  },
  "plant": {
    "precision": 0.9118272667264884,
    "recall": 0.8847513250468313,
    "f1-score": 0.8980852673456328,
    "support": 3692511.0,
    "iou": 0.8150224701890171
  },
  "accuracy": 0.9578576508118962,
  "macro avg": {
    "precision": 0.940727646535136,
    "recall": 0.9310134754429414,
    "f1-score": 0.935761036616783,
    "support": 17594368.0
  },
  "weighted avg": {
    "precision": 0.9574974433813708,
    "recall": 0.9578576508118962,
    "f1-score": 0.9576228599175881,
    "support": 17594368.0
  }
}