{
  "soil": {
    "precision": 0.9318463152171188,
    "recall": 0.9671803728643452,
    "f1-score": 0.949184624166058,
    "support": 1998743.0,
    "iou": 0.9032839126595114
  },
  "plant": {
    "precision": 0.9270455667709117,
    "recall": 0.8549807016338223,
    "f1-score": 0.889555988233392,
    "support": 974953.0,
    "iou": 0.8010813501692853
  },
  "accuracy": 0.9303947007360537,
  "macro avg": {
    "precision": 0.9294459409940152,
    "recall": 0.9110805372490838,
    "f1-score": 0.9193703061997249,
    "support": 2973696.0
  },
  "weighted avg": {
    "precision": 0.930272346627231,
    "recall": 0.9303947007360537,
    "f1-score": 0.9296348391549268,
    "support": 2973696.0
  },
  "inference_time_seconds": 0.39073634299984406
}