{
  "soil": {
    "precision": 0.9330534924194331,
    "recall": 0.9669782458275026,
    "f1-score": 0.9497130086841837,
    "support": 1998743.0,
    "iou": 0.9042414278542745
  },
  "plant": {
    "precision": 0.9268498394624292,
    "recall": 0.857763399876712,
    "f1-score": 0.8909693730243539,
    "support": 974953.0,
    "iou": 0.8033767069661993
  },
  "accuracy": 0.9311711755337465,
  "macro avg": {
    "precision": 0.9299516659409311,
    "recall": 0.9123708228521072,
    "f1-score": 0.9203411908542688,
    "support": 2973696.0
  },
  "weighted avg": {
    "precision": 0.9310195689580606,
    "recall": 0.9311711755337465,
    "f1-score": 0.9304533789784378,
    "support": 2973696.0
  }
}