{
  "soil": {
    "precision": 0.936592484768099,
    "recall": 0.9767292153967658,
    "f1-score": 0.956239865690362,
    "support": 2047417.0,
    "iou": 0.916149059786458
  },
  "plant": {
    "precision": 0.9431809373207448,
    "recall": 0.85383993375646,
    "f1-score": 0.8962895890681079,
    "support": 926279.0,
    "iou": 0.8120695249321302
  },
  "accuracy": 0.9384503325154959,
  "macro avg": {
    "precision": 0.9398867110444219,
    "recall": 0.9152845745766129,
    "f1-score": 0.9262647273792349,
    "support": 2973696.0
  },
  "weighted avg": {
    "precision": 0.938644727244133,
    "recall": 0.9384503325154959,
    "f1-score": 0.9375659049763599,
    "support": 2973696.0
  }
}