{
  "soil": {
    "precision": 0.9414133775047111,
    "recall": 0.6776028734059356,
    "f1-score": 0.7880148322182405,
    "support": 1998743.0,
    "iou": 0.6501852111445453
  },
  "plant": {
    "precision": 0.580218193852085,
    "recall": 0.9135496788050296,
    "f1-score": 0.7096927900685654,
    "support": 974953.0,
    "iou": 0.5500184642898165
  },
  "accuracy": 0.7549601573261019,
  "macro avg": {
    "precision": 0.760815785678398,
    "recall": 0.7955762761054825,
    "f1-score": 0.748853811143403,
    "support": 2973696.0
  },
  "weighted avg": {
    "precision": 0.8229922854066356,
    "recall": 0.7549601573261019,
    "f1-score": 0.7623362457184935,
    "support": 2973696.0
  },
  "inference_time_seconds": 1.403359159000047
}