{
  "soil": {
    "precision": 0.9409112265179022,
    "recall": 0.6743143065416615,
    "f1-score": 0.7856115300813369,
    "support": 1998743.0,
    "iou": 0.6469194574401347
  },
  "plant": {
    "precision": 0.5776470779062789,
    "recall": 0.9131855586884701,
    "f1-score": 0.7076568578046186,
    "support": 974953.0,
    "iou": 0.5475765953324744
  },
  "accuracy": 0.7526303966511708,
  "macro avg": {
    "precision": 0.7592791522120905,
    "recall": 0.7937499326150658,
    "f1-score": 0.7466341939429777,
    "support": 2973696.0
  },
  "weighted avg": {
    "precision": 0.821811805635153,
    "recall": 0.7526303966511708,
    "f1-score": 0.7600533891011549,
    "support": 2973696.0
  },
  "inference_time_seconds": 2.1751130000920966
}