{
  "soil": {
    "precision": 0.9623148228363511,
    "recall": 0.21674222248683297,
    "f1-score": 0.3537984090946213,
    "support": 1998743.0,
    "iou": 0.21491803376282675
  },
  "plant": {
    "precision": 0.3796238506625074,
    "recall": 0.9825991611903343,
    "f1-score": 0.5476608073467503,
    "support": 974953.0,
    "iou": 0.3770887752097632
  },
  "accuracy": 0.4678353133608815,
  "macro avg": {
    "precision": 0.6709693367494293,
    "recall": 0.5996706918385837,
    "f1-score": 0.45072960822068575,
    "support": 2973696.0
  },
  "weighted avg": {
    "precision": 0.7712743427759128,
    "recall": 0.4678353133608815,
    "f1-score": 0.41735794132760945,
    "support": 2973696.0
  },
  "inference_time_seconds": 0.05423445801716298
}