{
  "soil": {
    "precision": 0.9053233081272826,
    "recall": 0.9500005753616148,
    "f1-score": 0.9271240145864761,
    "support": 1998743.0,
    "iou": 0.864148351898407
  },
  "plant": {
    "precision": 0.885958946316169,
    "recall": 0.7963255664632038,
    "f1-score": 0.838754389556569,
    "support": 974953.0,
    "iou": 0.7222885339788574
  },
  "accuracy": 0.8996168404571281,
  "macro avg": {
    "precision": 0.8956411272217257,
    "recall": 0.8731630709124093,
    "f1-score": 0.8829392020715225,
    "support": 2973696.0
  },
  "weighted avg": {
    "precision": 0.8989745278078315,
    "recall": 0.8996168404571281,
    "f1-score": 0.898151237600603,
    "support": 2973696.0
  },
  "inference_time_seconds": 0.007106829000008474
}