{
  "soil": {
    "precision": 0.956632467772939,
    "recall": 0.9357125953661877,
    "f1-score": 0.9460568969873617,
    "support": 1998743.0,
    "iou": 0.8976356449253382
  },
  "plant": {
    "precision": 0.8738600242278597,
    "recall": 0.9130368335704387,
    "f1-score": 0.8930189630395036,
    "support": 974953.0,
    "iou": 0.8067156827650082
  },
  "accuracy": 0.9282781427556818,
  "macro avg": {
    "precision": 0.9152462460003994,
    "recall": 0.9243747144683132,
    "f1-score": 0.9195379300134326,
    "support": 2973696.0
  },
  "weighted avg": {
    "precision": 0.9294947771174026,
    "recall": 0.9282781427556818,
    "f1-score": 0.9286679329452182,
    "support": 2973696.0
  },
  "inference_time_seconds": 0.38611302899971633
}