{
  "soil": {
    "precision": 0.9560683004477325,
    "recall": 0.9510671250653873,
    "f1-score": 0.9535611553420024,
    "support": 2047417.0,
    "iou": 0.9112440351482269
  },
  "plant": {
    "precision": 0.8930766529809848,
    "recall": 0.9034027544616686,
    "f1-score": 0.8982100266842987,
    "support": 926279.0,
    "iou": 0.8152279912125596
  },
  "accuracy": 0.9362201112689394,
  "macro avg": {
    "precision": 0.9245724767143586,
    "recall": 0.927234939763528,
    "f1-score": 0.9258855910131505,
    "support": 2973696.0
  },
  "weighted avg": {
    "precision": 0.9364469806410504,
    "recall": 0.9362201112689394,
    "f1-score": 0.9363197869903185,
    "support": 2973696.0
  }
}