{
  "soil": {
    "precision": 0.9566717234065639,
    "recall": 0.9351737567060898,
    "f1-score": 0.9458005940943249,
    "support": 1998743.0,
    "iou": 0.8971742810666608
  },
  "plant": {
    "precision": 0.8729531664882122,
    "recall": 0.9131691476409632,
    "f1-score": 0.892608409476339,
    "support": 974953.0,
    "iou": 0.8060458622900001
  },
  "accuracy": 0.9279593475594008,
  "macro avg": {
    "precision": 0.914812444947388,
    "recall": 0.9241714521735265,
    "f1-score": 0.919204501785332,
    "support": 2973696.0
  },
  "weighted avg": {
    "precision": 0.9292238409655822,
    "recall": 0.9279593475594008,
    "f1-score": 0.9283610575815612,
    "support": 2973696.0
  }
}