{
  "soil": {
    "precision": 0.9714192351705538,
    "recall": 0.9639997016225962,
    "f1-score": 0.9676952468042823,
    "support": 13901857.0,
    "iou": 0.937412371500351
  },
  "plant": {
    "precision": 0.8682517214482568,
    "recall": 0.8932187338101363,
    "f1-score": 0.880558286907762,
    "support": 3692511.0,
    "iou": 0.7866048554465533
  },
  "accuracy": 0.9491449763924455,
  "macro avg": {
    "precision": 0.9198354783094054,
    "recall": 0.9286092177163663,
    "f1-score": 0.9241267668560221,
    "support": 17594368.0
  },
  "weighted avg": {
    "precision": 0.9497675805466291,
    "recall": 0.9491449763924455,
    "f1-score": 0.949407907189443,
    "support": 17594368.0
  }
}