{
  "soil": {
    "precision": 0.9354957896207609,
    "recall": 0.9287238505883266,
    "f1-score": 0.9320975202775089,
    "support": 2047417.0,
    "iou": 0.8728301862542047
  },
  "plant": {
    "precision": 0.8449346509403889,
    "recall": 0.8584540942847674,
    "f1-score": 0.8516407221030118,
    "support": 926279.0,
    "iou": 0.7416152231230607
  },
  "accuracy": 0.9068354667054064,
  "macro avg": {
    "precision": 0.8902152202805749,
    "recall": 0.893588972436547,
    "f1-score": 0.8918691211902603,
    "support": 2973696.0
  },
  "weighted avg": {
    "precision": 0.9072868264396837,
    "recall": 0.9068354667054064,
    "f1-score": 0.907035966387577,
    "support": 2973696.0
  }
}