{
  "soil": {
    "precision": 0.9280425722934631,
    "recall": 0.9112567248515692,
    "f1-score": 0.9195730529160127,
    "support": 1998743.0,
    "iou": 0.8511200645243896
  },
  "plant": {
    "precision": 0.8245731155517972,
    "recall": 0.8551489148707682,
    "f1-score": 0.8395827312193299,
    "support": 974953.0,
    "iou": 0.7235179566928861
  },
  "accuracy": 0.8928612743199036,
  "macro avg": {
    "precision": 0.8763078439226302,
    "recall": 0.8832028198611687,
    "f1-score": 0.8795778920676713,
    "support": 2973696.0
  },
  "weighted avg": {
    "precision": 0.8941191795664805,
    "recall": 0.8928612743199036,
    "f1-score": 0.8933475059505038,
    "support": 2973696.0
  }
}