{
  "soil": {
    "precision": 0.9341967899713479,
    "recall": 0.9043738989955187,
    "f1-score": 0.9190434705017873,
    "support": 1998743.0,
    "iou": 0.8502131634547907
  },
  "plant": {
    "precision": 0.8159998459701953,
    "recall": 0.8694039610114539,
    "f1-score": 0.8418558156003363,
    "support": 974953.0,
    "iou": 0.7269006976335345
  },
  "accuracy": 0.8929086900611226,
  "macro avg": {
    "precision": 0.8750983179707716,
    "recall": 0.8868889300034863,
    "f1-score": 0.8804496430510618,
    "support": 2973696.0
  },
  "weighted avg": {
    "precision": 0.895444857983426,
    "recall": 0.8929086900611226,
    "f1-score": 0.8937368030720519,
    "support": 2973696.0
  }
}