{
  "soil": {
    "precision": 0.9531746537262531,
    "recall": 0.9418935901872678,
    "f1-score": 0.947500544697741,
    "support": 13901857.0,
    "iou": 0.9002385131169839
  },
  "plant": {
    "precision": 0.790568318787216,
    "recall": 0.8257946963461991,
    "f1-score": 0.8077976526825293,
    "support": 3692511.0,
    "iou": 0.677567574413961
  },
  "accuracy": 0.9175280407912351,
  "macro avg": {
    "precision": 0.8718714862567345,
    "recall": 0.8838441432667334,
    "f1-score": 0.8776490986901352,
    "support": 17594368.0
  },
  "weighted avg": {
    "precision": 0.9190486379221003,
    "recall": 0.9175280407912351,
    "f1-score": 0.9181812497109599,
    "support": 17594368.0
  }
}