{
  "soil": {
    "precision": 0.9549395528536819,
    "recall": 0.9397487688155618,
    "f1-score": 0.947283264296375,
    "support": 13901857.0,
    "iou": 0.8998463044887575
  },
  "plant": {
    "precision": 0.7859791458421487,
    "recall": 0.8330515467658729,
    "f1-score": 0.808831044598416,
    "support": 3692511.0,
    "iou": 0.679022938711269
  },
  "accuracy": 0.9173563381191072,
  "macro avg": {
    "precision": 0.8704593493479154,
    "recall": 0.8864001577907173,
    "f1-score": 0.8780571544473955,
    "support": 17594368.0
  },
  "weighted avg": {
    "precision": 0.9194800148097714,
    "recall": 0.9173563381191072,
    "f1-score": 0.9182264465573615,
    "support": 17594368.0
  }
}