{
  "soil": {
    "precision": 0.9398434248300775,
    "recall": 0.9253176075025263,
    "f1-score": 0.9325239528547766,
    "support": 2047417.0,
    "iou": 0.8735783396251819
  },
  "plant": {
    "precision": 0.8403775668816804,
    "recall": 0.8690869597605041,
    "f1-score": 0.8544911851277093,
    "support": 926279.0,
    "iou": 0.7459490263485872
  },
  "accuracy": 0.9078022770316805,
  "macro avg": {
    "precision": 0.890110495855879,
    "recall": 0.8972022836315152,
    "f1-score": 0.893507568991243,
    "support": 2973696.0
  },
  "weighted avg": {
    "precision": 0.9088607233587156,
    "recall": 0.9078022770316805,
    "f1-score": 0.90821746219216,
    "support": 2973696.0
  }
}