{
  "soil": {
    "precision": 0.9295000145165455,
    "recall": 0.9130068247893801,
    "f1-score": 0.921179600304895,
    "support": 1998743.0,
    "iou": 0.8538766977017098
  },
  "plant": {
    "precision": 0.827915943781738,
    "recall": 0.8580331564701068,
    "f1-score": 0.8427055483808575,
    "support": 974953.0,
    "iou": 0.7281686585482622
  },
  "accuracy": 0.8949832128099173,
  "macro avg": {
    "precision": 0.8787079791491418,
    "recall": 0.8855199906297435,
    "f1-score": 0.8819425743428763,
    "support": 2973696.0
  },
  "weighted avg": {
    "precision": 0.8961947625623737,
    "recall": 0.8949832128099173,
    "f1-score": 0.8954511760323748,
    "support": 2973696.0
  },
  "inference_time_seconds": 0.48247905900007027
}