{
  "soil": {
    "precision": 0.9563133653099145,
    "recall": 0.9607529877890044,
    "f1-score": 0.9585280358177042,
    "support": 2047417.0,
    "iou": 0.9203589427107483
  },
  "plant": {
    "precision": 0.9123502629873884,
    "recall": 0.9029881925424197,
    "f1-score": 0.9076450867121022,
    "support": 926279.0,
    "iou": 0.8309067645241468
  },
  "accuracy": 0.9427597844567838,
  "macro avg": {
    "precision": 0.9343318141486514,
    "recall": 0.931870590165712,
    "f1-score": 0.9330865612649032,
    "support": 2973696.0
  },
  "weighted avg": {
    "precision": 0.9426192625986061,
    "recall": 0.9427597844567838,
    "f1-score": 0.9426784643703915,
    "support": 2973696.0
  }
}