{
  "soil": {
    "precision": 0.9521200801337572,
    "recall": 0.9487507898714342,
    "f1-score": 0.9504324489720738,
    "support": 1998743.0,
    "iou": 0.9055467159224184
  },
  "plant": {
    "precision": 0.8956911527800689,
    "recall": 0.9021891311683743,
    "f1-score": 0.8989283993338713,
    "support": 974953.0,
    "iou": 0.8164123012436572
  },
  "accuracy": 0.9334851309616047,
  "macro avg": {
    "precision": 0.923905616456913,
    "recall": 0.9254699605199043,
    "f1-score": 0.9246804241529725,
    "support": 2973696.0
  },
  "weighted avg": {
    "precision": 0.9336193483809955,
    "recall": 0.9334851309616047,
    "f1-score": 0.9335463827074272,
    "support": 2973696.0
  },
  "inference_time_seconds": 0.3169766519999939
}