{
  "soil": {
    "precision": 0.9521629026776504,
    "recall": 0.9503598011350134,
    "f1-score": 0.9512604974683884,
    "support": 1998743.0,
    "iou": 0.9070512698073132
  },
  "plant": {
    "precision": 0.8986265987424622,
    "recall": 0.9021152814545932,
    "f1-score": 0.9003675606838543,
    "support": 974953.0,
    "iou": 0.818789559576641
  },
  "accuracy": 0.9345424011062328,
  "macro avg": {
    "precision": 0.9253947507100563,
    "recall": 0.9262375412948033,
    "f1-score": 0.9258140290761213,
    "support": 2973696.0
  },
  "weighted avg": {
    "precision": 0.9346105435493052,
    "recall": 0.9345424011062328,
    "f1-score": 0.9345747900534771,
    "support": 2973696.0
  }
}