{
  "soil": {
    "precision": 0.9564676102750137,
    "recall": 0.975295602594675,
    "f1-score": 0.9657898526183238,
    "support": 13901857.0,
    "iou": 0.9338429477446408
  },
  "plant": {
    "precision": 0.8995461637145078,
    "recall": 0.8328795770682876,
    "f1-score": 0.864930150540719,
    "support": 3692511.0,
    "iou": 0.7620061011687961
  },
  "accuracy": 0.9454069052096671,
  "macro avg": {
    "precision": 0.9280068869947607,
    "recall": 0.9040875898314813,
    "f1-score": 0.9153600015795214,
    "support": 17594368.0
  },
  "weighted avg": {
    "precision": 0.9445215677936595,
    "recall": 0.9454069052096671,
    "f1-score": 0.9446225359304906,
    "support": 17594368.0
  }
}