{
  "soil": {
    "precision": 0.9649340822506315,
    "recall": 0.9737892179149018,
    "f1-score": 0.9693414271278906,
    "support": 13894511.0,
    "iou": 0.9405068299452962
  },
  "plant": {
    "precision": 0.8980541649357789,
    "recall": 0.8671043232211407,
    "f1-score": 0.8823079107368398,
    "support": 3699857.0,
    "iou": 0.789401588516657
  },
  "accuracy": 0.9513548312732801,
  "macro avg": {
    "precision": 0.9314941235932053,
    "recall": 0.9204467705680213,
    "f1-score": 0.9258246689323653,
    "support": 17594368.0
  },
  "weighted avg": {
    "precision": 0.9508701425719355,
    "recall": 0.9513548312732801,
    "f1-score": 0.9510394588586101,
    "support": 17594368.0
  }
}