{
  "soil": {
    "precision": 0.9500249688519876,
    "recall": 0.9521425274549167,
    "f1-score": 0.9510825694837384,
    "support": 1978061.0,
    "iou": 0.906727776480585
  },
  "plant": {
    "precision": 0.9044970571796946,
    "recall": 0.9004916460349425,
    "f1-score": 0.9024899074469729,
    "support": 995635.0,
    "iou": 0.8223067045767221
  },
  "accuracy": 0.9348490901558195,
  "macro avg": {
    "precision": 0.9272610130158412,
    "recall": 0.9263170867449295,
    "f1-score": 0.9267862384653556,
    "support": 2973696.0
  },
  "weighted avg": {
    "precision": 0.9347815874378002,
    "recall": 0.9348490901558195,
    "f1-score": 0.9348130667951734,
    "support": 2973696.0
  }
}