{
  "soil": {
    "precision": 0.9458869851813976,
    "recall": 0.9548224245865017,
    "f1-score": 0.9503337016530107,
    "support": 1978061.0,
    "iou": 0.9053674516840188
  },
  "plant": {
    "precision": 0.9085274666333657,
    "recall": 0.8914762940234122,
    "f1-score": 0.8999211186950721,
    "support": 995635.0,
    "iou": 0.8180514452087052
  },
  "accuracy": 0.9336132543474518,
  "macro avg": {
    "precision": 0.9272072259073816,
    "recall": 0.9231493593049569,
    "f1-score": 0.9251274101740414,
    "support": 2973696.0
  },
  "weighted avg": {
    "precision": 0.9333784959983843,
    "recall": 0.9336132543474518,
    "f1-score": 0.9334548639933012,
    "support": 2973696.0
  },
  "inference_time_seconds": 0.4819165769999927
}