{
  "soil": {
    "precision": 0.9645926850666661,
    "recall": 0.973050436967519,
    "f1-score": 0.9688031021052314,
    "support": 13894511.0,
    "iou": 0.9394938096527279
  },
  "plant": {
    "precision": 0.8953470725626163,
    "recall": 0.8658648158563966,
    "f1-score": 0.8803591813224833,
    "support": 3699857.0,
    "iou": 0.7862871437309109
  },
  "accuracy": 0.950510754350483,
  "macro avg": {
    "precision": 0.9299698788146411,
    "recall": 0.9194576264119578,
    "f1-score": 0.9245811417138573,
    "support": 17594368.0
  },
  "weighted avg": {
    "precision": 0.9500312717699568,
    "recall": 0.950510754350483,
    "f1-score": 0.9502045449183238,
    "support": 17594368.0
  }
}