{
  "soil": {
    "precision": 0.9509596208943504,
    "recall": 0.9627163002117805,
    "f1-score": 0.9568018469386732,
    "support": 2032765.0,
    "iou": 0.9171813083936945
  },
  "plant": {
    "precision": 0.9172428477833589,
    "recall": 0.8927445264318,
    "f1-score": 0.9048278937552074,
    "support": 940931.0,
    "iou": 0.8261969863875993
  },
  "accuracy": 0.9405759701058884,
  "macro avg": {
    "precision": 0.9341012343388546,
    "recall": 0.9277304133217903,
    "f1-score": 0.9308148703469403,
    "support": 2973696.0
  },
  "weighted avg": {
    "precision": 0.9402910263103382,
    "recall": 0.9405759701058884,
    "f1-score": 0.9403563515878129,
    "support": 2973696.0
  }
}