{
  "soil": {
    "precision": 0.9464477047832275,
    "recall": 0.952508036910894,
    "f1-score": 0.9494682003674674,
    "support": 1978061.0,
    "iou": 0.9037976772331723
  },
  "plant": {
    "precision": 0.9044303533478675,
    "recall": 0.8929246159486157,
    "f1-score": 0.898640657756681,
    "support": 995635.0,
    "iou": 0.8159377446476935
  },
  "accuracy": 0.9325586744576446,
  "macro avg": {
    "precision": 0.9254390290655474,
    "recall": 0.9227163264297549,
    "f1-score": 0.9240544290620742,
    "support": 2973696.0
  },
  "weighted avg": {
    "precision": 0.9323797080221783,
    "recall": 0.9325586744576446,
    "f1-score": 0.9324504284138816,
    "support": 2973696.0
  }
}