{
  "soil": {
    "precision": 0.9478021273683045,
    "recall": 0.9638807240384403,
    "f1-score": 0.9557738095528454,
    "support": 2032765.0,
    "iou": 0.9152938494518774
  },
  "plant": {
    "precision": 0.9190002283641515,
    "recall": 0.8853199650133751,
    "f1-score": 0.9018457511131993,
    "support": 940931.0,
    "iou": 0.8212377742265267
  },
  "accuracy": 0.9390226842286501,
  "macro avg": {
    "precision": 0.933401177866228,
    "recall": 0.9246003445259077,
    "f1-score": 0.9288097803330224,
    "support": 2973696.0
  },
  "weighted avg": {
    "precision": 0.9386886875170632,
    "recall": 0.9390226842286501,
    "f1-score": 0.9387100000862171,
    "support": 2973696.0
  }
}