{
  "soil": {
    "precision": 0.9415238259575714,
    "recall": 0.6660976423682284,
    "f1-score": 0.7802170014026651,
    "support": 1998743.0,
    "iou": 0.6396359043369682
  },
  "plant": {
    "precision": 0.5720930978104062,
    "recall": 0.9151877064843126,
    "f1-score": 0.7040668696438851,
    "support": 974953.0,
    "iou": 0.5432895055707169
  },
  "accuracy": 0.747764061961949,
  "macro avg": {
    "precision": 0.7568084618839888,
    "recall": 0.7906426744262705,
    "f1-score": 0.7421419355232751,
    "support": 2973696.0
  },
  "weighted avg": {
    "precision": 0.8204026364683757,
    "recall": 0.747764061961949,
    "f1-score": 0.7552504952740569,
    "support": 2973696.0
  },
  "inference_time_seconds": 1.3718275219999896
}