{
  "soil": {
    "precision": 0.9412365470270377,
    "recall": 0.6625909384047874,
    "f1-score": 0.777708092198719,
    "support": 1998743.0,
    "iou": 0.6362703436347694
  },
  "plant": {
    "precision": 0.5695352867396667,
    "recall": 0.9151938606271277,
    "f1-score": 0.7021283292768622,
    "support": 974953.0,
    "iou": 0.5409844017056448
  },
  "accuracy": 0.7454090801480716,
  "macro avg": {
    "precision": 0.7553859168833522,
    "recall": 0.7888923995159576,
    "f1-score": 0.7399182107377906,
    "support": 2973696.0
  },
  "weighted avg": {
    "precision": 0.8193709431384919,
    "recall": 0.7454090801480716,
    "f1-score": 0.752928586627217,
    "support": 2973696.0
  },
  "inference_time_seconds": 2.1216222079237923
}