{
  "soil": {
    "precision": 0.9579100218188407,
    "recall": 0.1914194705361121,
    "f1-score": 0.31907756725548175,
    "support": 1988502.0,
    "iou": 0.18982289785645215
  },
  "plant": {
    "precision": 0.3759098687941349,
    "recall": 0.9830236481342761,
    "f1-score": 0.5438504326936171,
    "support": 985194.0,
    "iou": 0.37348528262769287
  },
  "accuracy": 0.4536802013386708,
  "macro avg": {
    "precision": 0.6669099453064877,
    "recall": 0.5872215593351942,
    "f1-score": 0.43146399997454943,
    "support": 2973696.0
  },
  "weighted avg": {
    "precision": 0.7650917045601087,
    "recall": 0.4536802013386708,
    "f1-score": 0.39354546121386164,
    "support": 2973696.0
  },
  "inference_time_seconds": 0.056843374972231686
}