{
  "soil": {
    "precision": 0.771693408571743,
    "recall": 0.9858726209422622,
    "f1-score": 0.8657329403241403,
    "support": 1998743.0,
    "iou": 0.763253180050509
  },
  "plant": {
    "precision": 0.932803126033702,
    "recall": 0.40204604734792343,
    "f1-score": 0.5619058950691173,
    "support": 974953.0,
    "iou": 0.3907295726632044
  },
  "accuracy": 0.7944598237345041,
  "macro avg": {
    "precision": 0.8522482673027225,
    "recall": 0.6939593341450928,
    "f1-score": 0.7138194176966288,
    "support": 2973696.0
  },
  "weighted avg": {
    "precision": 0.8245146795990065,
    "recall": 0.7944598237345041,
    "f1-score": 0.7661205087734638,
    "support": 2973696.0
  },
  "inference_time_seconds": 0.00698929198551923
}