{
  "soil": {
    "precision": 0.6722974469121588,
    "recall": 0.9721830170262009,
    "f1-score": 0.7948968377681785,
    "support": 1998743.0,
    "iou": 0.6596089552167875
  },
  "plant": {
    "precision": 0.33328136991557944,
    "recall": 0.028507015209963966,
    "f1-score": 0.05252162574585792,
    "support": 974953.0,
    "iou": 0.026969041833890962
  },
  "accuracy": 0.6627903457515496,
  "macro avg": {
    "precision": 0.5027894084138691,
    "recall": 0.5003450161180825,
    "f1-score": 0.42370923175701825,
    "support": 2973696.0
  },
  "weighted avg": {
    "precision": 0.5611479745666177,
    "recall": 0.6627903457515496,
    "f1-score": 0.5515024423468585,
    "support": 2973696.0
  },
  "inference_time_seconds": 0.02653309699996953
}