{
  "soil": {
    "precision": 0.6723936073258355,
    "recall": 0.9726393038024398,
    "f1-score": 0.7951165544305817,
    "support": 1998743.0,
    "iou": 0.6599115934029751
  },
  "plant": {
    "precision": 0.33671724338682096,
    "recall": 0.02847521880541934,
    "f1-score": 0.05250983069825856,
    "support": 974953.0,
    "iou": 0.02696282195718892
  },
  "accuracy": 0.6630866100637053,
  "macro avg": {
    "precision": 0.5045554253563282,
    "recall": 0.5005572613039295,
    "f1-score": 0.4238131925644201,
    "support": 2973696.0
  },
  "weighted avg": {
    "precision": 0.5623390899671566,
    "recall": 0.6630866100637053,
    "f1-score": 0.5516462558112879,
    "support": 2973696.0
  },
  "inference_time_seconds": 0.030916625051759183
}