{
  "soil": {
    "precision": 0.9508514749917102,
    "recall": 0.9546367064252387,
    "f1-score": 0.9527403310480511,
    "support": 1988502.0,
    "iou": 0.9097460346214913
  },
  "plant": {
    "precision": 0.9076977073053931,
    "recall": 0.9004043873592409,
    "f1-score": 0.9040363378432915,
    "support": 985194.0,
    "iou": 0.8248780220178743
  },
  "accuracy": 0.9366693838240359,
  "macro avg": {
    "precision": 0.9292745911485516,
    "recall": 0.9275205468922398,
    "f1-score": 0.9283883344456714,
    "support": 2973696.0
  },
  "weighted avg": {
    "precision": 0.9365545081861074,
    "recall": 0.9366693838240359,
    "f1-score": 0.9366045586350775,
    "support": 2973696.0
  }
}