{
  "soil": {
    "precision": 0.9502446729744131,
    "recall": 0.9577978800121901,
    "f1-score": 0.9540063263716531,
    "support": 1988502.0,
    "iou": 0.9120574535239704
  },
  "plant": {
    "precision": 0.9134309481858657,
    "recall": 0.8987762816257509,
    "f1-score": 0.9060443614031031,
    "support": 985194.0,
    "iou": 0.828227699036491
  },
  "accuracy": 0.9382438554579889,
  "macro avg": {
    "precision": 0.9318378105801394,
    "recall": 0.9282870808189705,
    "f1-score": 0.930025343887378,
    "support": 2973696.0
  },
  "weighted avg": {
    "precision": 0.9380481805356,
    "recall": 0.9382438554579889,
    "f1-score": 0.938116390038139,
    "support": 2973696.0
  },
  "inference_time_seconds": 0.47478396899987274
}