{
  "soil": {
    "precision": 0.9559893893658448,
    "recall": 0.9640715757230562,
    "f1-score": 0.9600134722157421,
    "support": 2048907.0,
    "iou": 0.9231018350411689
  },
  "plant": {
    "precision": 0.9188796947988191,
    "recall": 0.9016683805711357,
    "f1-score": 0.910192680498795,
    "support": 924789.0,
    "iou": 0.8351867933089143
  },
  "accuracy": 0.9446648211518595,
  "macro avg": {
    "precision": 0.937434542082332,
    "recall": 0.9328699781470959,
    "f1-score": 0.9351030763572685,
    "support": 2973696.0
  },
  "weighted avg": {
    "precision": 0.9444486544255734,
    "recall": 0.9446648211518595,
    "f1-score": 0.9445197162463613,
    "support": 2973696.0
  }
}