{
  "soil": {
    "precision": 0.9540655004248645,
    "recall": 0.9666607610789557,
    "f1-score": 0.9603218337190835,
    "support": 2048907.0,
    "iou": 0.9236722140220541
  },
  "plant": {
    "precision": 0.9239100407690423,
    "recall": 0.8968867493017326,
    "f1-score": 0.9101978624208449,
    "support": 924789.0,
    "iou": 0.8351955194754194
  },
  "accuracy": 0.9449617580277204,
  "macro avg": {
    "precision": 0.9389877705969534,
    "recall": 0.9317737551903442,
    "f1-score": 0.9352598480699642,
    "support": 2973696.0
  },
  "weighted avg": {
    "precision": 0.9446874613180936,
    "recall": 0.9449617580277204,
    "f1-score": 0.9447337920050257,
    "support": 2973696.0
  }
}