{
  "soil": {
    "precision": 0.9702010452698738,
    "recall": 0.9747099320555999,
    "f1-score": 0.9724502621870053,
    "support": 13902691.0,
    "iou": 0.946377801873356
  },
  "plant": {
    "precision": 0.9030621444440217,
    "recall": 0.8872569295742829,
    "f1-score": 0.8950897715632316,
    "support": 3691677.0,
    "iou": 0.8101018060350552
  },
  "accuracy": 0.956360410331306,
  "macro avg": {
    "precision": 0.9366315948569477,
    "recall": 0.9309834308149414,
    "f1-score": 0.9337700168751184,
    "support": 17594368.0
  },
  "weighted avg": {
    "precision": 0.9561138591894145,
    "recall": 0.956360410331306,
    "f1-score": 0.9562183666199409,
    "support": 17594368.0
  }
}