{
  "soil": {
    "precision": 0.9700563741681868,
    "recall": 0.973605325760315,
    "f1-score": 0.971827609930915,
    "support": 13902691.0,
    "iou": 0.9451990924066885
  },
  "plant": {
    "precision": 0.8992101766253371,
    "recall": 0.8868210842931274,
    "f1-score": 0.8929726609961063,
    "support": 3691677.0,
    "iou": 0.8066401158616421
  },
  "accuracy": 0.9553961244871086,
  "macro avg": {
    "precision": 0.9346332753967619,
    "recall": 0.9302132050267212,
    "f1-score": 0.9324001354635106,
    "support": 17594368.0
  },
  "weighted avg": {
    "precision": 0.9551913174633141,
    "recall": 0.9553961244871086,
    "f1-score": 0.9552821448526122,
    "support": 17594368.0
  }
}