{
  "soil": {
    "precision": 0.9539059178619858,
    "recall": 0.9523430200221071,
    "f1-score": 0.9531238282466972,
    "support": 1988502.0,
    "iou": 0.9104456228575825
  },
  "plant": {
    "precision": 0.9041268569439892,
    "recall": 0.9071167709100949,
    "f1-score": 0.9056193461238743,
    "support": 985194.0,
    "iou": 0.8275176858402163
  },
  "accuracy": 0.9373594341856061,
  "macro avg": {
    "precision": 0.9290163874029875,
    "recall": 0.9297298954661011,
    "f1-score": 0.9293715871852857,
    "support": 2973696.0
  },
  "weighted avg": {
    "precision": 0.9374139724371526,
    "recall": 0.9373594341856061,
    "f1-score": 0.9373854572899779,
    "support": 2973696.0
  }
}