{
  "soil": {
    "precision": 0.8826931789298736,
    "recall": 0.8704911036586495,
    "f1-score": 0.8765496783762434,
    "support": 1998743.0,
    "iou": 0.7802300302067114
  },
  "plant": {
    "precision": 0.7418118998626547,
    "recall": 0.7628347212634865,
    "f1-score": 0.7521764458396711,
    "support": 974953.0,
    "iou": 0.6027907097376577
  },
  "accuracy": 0.8351949896694215,
  "macro avg": {
    "precision": 0.8122525393962642,
    "recall": 0.816662912461068,
    "f1-score": 0.8143630621079573,
    "support": 2973696.0
  },
  "weighted avg": {
    "precision": 0.8365039835076038,
    "recall": 0.8351949896694215,
    "f1-score": 0.835772794598874,
    "support": 2973696.0
  }
}