{
  "soil": {
    "precision": 0.9002853944047969,
    "recall": 0.907648026757617,
    "f1-score": 0.903951718780478,
    "support": 2047417.0,
    "iou": 0.8247371345491212
  },
  "plant": {
    "precision": 0.7921102541408522,
    "recall": 0.7777915725175676,
    "f1-score": 0.78488561477361,
    "support": 926279.0,
    "iou": 0.6459355796593393
  },
  "accuracy": 0.8671989335829889,
  "macro avg": {
    "precision": 0.8461978242728245,
    "recall": 0.8427197996375924,
    "f1-score": 0.8444186667770439,
    "support": 2973696.0
  },
  "weighted avg": {
    "precision": 0.8665898314593758,
    "recall": 0.8671989335829889,
    "f1-score": 0.8668637206282197,
    "support": 2973696.0
  }
}