{
  "soil": {
    "precision": 0.8780483038043192,
    "recall": 0.876621456585464,
    "f1-score": 0.8773343000592353,
    "support": 1998743.0,
    "iou": 0.7814742181092076
  },
  "plant": {
    "precision": 0.7479025271902195,
    "recall": 0.7503941215627831,
    "f1-score": 0.7491462526764403,
    "support": 974953.0,
    "iou": 0.5989079492941374
  },
  "accuracy": 0.835236688619146,
  "macro avg": {
    "precision": 0.8129754154972694,
    "recall": 0.8135077890741236,
    "f1-score": 0.8132402763678378,
    "support": 2973696.0
  },
  "weighted avg": {
    "precision": 0.835378839492148,
    "recall": 0.835236688619146,
    "f1-score": 0.8353066948971749,
    "support": 2973696.0
  },
  "inference_time_seconds": 0.39477885700034676
}