{
  "soil": {
    "precision": 0.9345562950421165,
    "recall": 0.9034745501985814,
    "f1-score": 0.9187526210289012,
    "support": 13901857.0,
    "iou": 0.8497154665042281
  },
  "plant": {
    "precision": 0.6770331536803982,
    "recall": 0.7618068030129092,
    "f1-score": 0.7169226291495728,
    "support": 3692511.0,
    "iou": 0.5587524536220249
  },
  "accuracy": 0.8737428931803631,
  "macro avg": {
    "precision": 0.8057947243612573,
    "recall": 0.8326406766057453,
    "f1-score": 0.817837625089237,
    "support": 17594368.0
  },
  "weighted avg": {
    "precision": 0.8805101916394423,
    "recall": 0.8737428931803631,
    "f1-score": 0.876394778727073,
    "support": 17594368.0
  }
}