{
  "soil": {
    "precision": 0.9595636754768999,
    "recall": 0.8908829199151667,
    "f1-score": 0.9239487280336942,
    "support": 1998743.0,
    "iou": 0.8586474939482491
  },
  "plant": {
    "precision": 0.8049244507890337,
    "recall": 0.9230352642640209,
    "f1-score": 0.8599432575588901,
    "support": 974953.0,
    "iou": 0.7542986463266418
  },
  "accuracy": 0.9014243554149449,
  "macro avg": {
    "precision": 0.8822440631329669,
    "recall": 0.9069590920895938,
    "f1-score": 0.8919459927962922,
    "support": 2973696.0
  },
  "weighted avg": {
    "precision": 0.9088638137468814,
    "recall": 0.9014243554149449,
    "f1-score": 0.9029639584217966,
    "support": 2973696.0
  },
  "inference_time_seconds": 0.018891671999995197
}