{
  "soil": {
    "precision": 0.9777657516462899,
    "recall": 0.478184038668303,
    "f1-score": 0.6422638735264985,
    "support": 1998743.0,
    "iou": 0.47304027712267943
  },
  "plant": {
    "precision": 0.4775179779530557,
    "recall": 0.9777076433428072,
    "f1-score": 0.6416502981339199,
    "support": 974953.0,
    "iou": 0.47237489525151777
  },
  "accuracy": 0.6419573487000688,
  "macro avg": {
    "precision": 0.7276418647996727,
    "recall": 0.7279458410055551,
    "f1-score": 0.6419570858302093,
    "support": 2973696.0
  },
  "weighted avg": {
    "precision": 0.8137550162834486,
    "recall": 0.6419573487000688,
    "f1-score": 0.6420627073112161,
    "support": 2973696.0
  },
  "inference_time_seconds": 4.167080293000026
}