{
  "soil": {
    "precision": 0.9777917893387917,
    "recall": 0.4787133713538959,
    "f1-score": 0.6427467839989252,
    "support": 1998743.0,
    "iou": 0.47356438461252925
  },
  "plant": {
    "precision": 0.4777717241756088,
    "recall": 0.9777096947237457,
    "f1-score": 0.6418797801549582,
    "support": 974953.0,
    "iou": 0.4726236829227055
  },
  "accuracy": 0.6423138074638429,
  "macro avg": {
    "precision": 0.7277817567572002,
    "recall": 0.7282115330388208,
    "f1-score": 0.6423132820769417,
    "support": 2973696.0
  },
  "weighted avg": {
    "precision": 0.8138557102671446,
    "recall": 0.6423138074638429,
    "f1-score": 0.6424625289847316,
    "support": 2973696.0
  },
  "inference_time_seconds": 4.7608611669857055
}