{
  "soil": {
    "precision": 0.7182905433564757,
    "recall": 0.9907837075602016,
    "f1-score": 0.8328141006986091,
    "support": 1998743.0,
    "iou": 0.71352309961685
  },
  "plant": {
    "precision": 0.9149942548095781,
    "recall": 0.20337595761026428,
    "f1-score": 0.3327839577864753,
    "support": 974953.0,
    "iou": 0.199604579946727
  },
  "accuracy": 0.7326249892389807,
  "macro avg": {
    "precision": 0.8166423990830269,
    "recall": 0.5970798325852329,
    "f1-score": 0.5827990292425422,
    "support": 2973696.0
  },
  "weighted avg": {
    "precision": 0.7827816256972182,
    "recall": 0.7326249892389807,
    "f1-score": 0.668874717546258,
    "support": 2973696.0
  },
  "inference_time_seconds": 0.007580417091958225
}