{
  "soil": {
    "precision": 0.7181687280327537,
    "recall": 0.9909052839709758,
    "f1-score": 0.8327751547237467,
    "support": 1998743.0,
    "iou": 0.7134659256903065
  },
  "plant": {
    "precision": 0.9158024428315354,
    "recall": 0.20279849387611507,
    "f1-score": 0.3320636520132678,
    "support": 974953.0,
    "iou": 0.19908652534257817
  },
  "accuracy": 0.7325173790461432,
  "macro avg": {
    "precision": 0.8169855854321446,
    "recall": 0.5968518889235455,
    "f1-score": 0.5824194033685073,
    "support": 2973696.0
  },
  "weighted avg": {
    "precision": 0.7829647203413881,
    "recall": 0.7325173790461432,
    "f1-score": 0.6686123816285515,
    "support": 2973696.0
  },
  "inference_time_seconds": 0.00790045700000519
}