{
  "soil": {
    "precision": 0.7277579059891072,
    "recall": 0.602210989606968,
    "f1-score": 0.6590587346985596,
    "support": 1998743.0,
    "iou": 0.49148963623727754
  },
  "plant": {
    "precision": 0.39755864702673216,
    "recall": 0.5381613267511357,
    "f1-score": 0.45729640264381644,
    "support": 974953.0,
    "iou": 0.2964253168447332
  },
  "accuracy": 0.5812117311251722,
  "macro avg": {
    "precision": 0.5626582765079197,
    "recall": 0.5701861581790518,
    "f1-score": 0.5581775686711881,
    "support": 2973696.0
  },
  "weighted avg": {
    "precision": 0.6194991067967404,
    "recall": 0.5812117311251722,
    "f1-score": 0.592909138060649,
    "support": 2973696.0
  },
  "inference_time_seconds": 0.03662245802115649
}