{
  "soil": {
    "precision": 0.7278875383617477,
    "recall": 0.6018637713803126,
    "f1-score": 0.6589038653612789,
    "support": 1998743.0,
    "iou": 0.4913173995082623
  },
  "plant": {
    "precision": 0.39760243692695274,
    "recall": 0.5387295592710623,
    "f1-score": 0.4575304197240284,
    "support": 974953.0,
    "iou": 0.2966220051109009
  },
  "accuracy": 0.5811646516658058,
  "macro avg": {
    "precision": 0.5627449876443502,
    "recall": 0.5702966653256873,
    "f1-score": 0.5582171425426536,
    "support": 2973696.0
  },
  "weighted avg": {
    "precision": 0.6196005949421252,
    "recall": 0.5811646516658058,
    "f1-score": 0.5928817686357312,
    "support": 2973696.0
  },
  "inference_time_seconds": 0.04795362200002273
}