{
  "soil": {
    "precision": 0.9255942318428068,
    "recall": 0.1177920322922957,
    "f1-score": 0.2089880409479363,
    "support": 1998743.0,
    "iou": 0.11668712757146985
  },
  "plant": {
    "precision": 0.3515665968211334,
    "recall": 0.9805877821802692,
    "f1-score": 0.5175705081927853,
    "support": 974953.0,
    "iou": 0.3491366780364173
  },
  "accuracy": 0.40066738496470383,
  "macro avg": {
    "precision": 0.6385804143319701,
    "recall": 0.5491899072362825,
    "f1-score": 0.3632792745703608,
    "support": 2973696.0
  },
  "weighted avg": {
    "precision": 0.7373941048468781,
    "recall": 0.40066738496470383,
    "f1-score": 0.3101595804017901,
    "support": 2973696.0
  },
  "inference_time_seconds": 0.056192633000023307
}