{
  "soil": {
    "precision": 0.9412409766761687,
    "recall": 0.6668495990578899,
    "f1-score": 0.7806353415470316,
    "support": 1998917.0,
    "iou": 0.6401984313186826
  },
  "plant": {
    "precision": 0.5724315491764072,
    "recall": 0.9146329578294157,
    "f1-score": 0.70415877524006,
    "support": 974779.0,
    "iou": 0.5433989610652403
  },
  "accuracy": 0.7480731049845041,
  "macro avg": {
    "precision": 0.7568362629262879,
    "recall": 0.7907412784436527,
    "f1-score": 0.7423970583935458,
    "support": 2973696.0
  },
  "weighted avg": {
    "precision": 0.8203450663582378,
    "recall": 0.7480731049845041,
    "f1-score": 0.7555662857901071,
    "support": 2973696.0
  },
  "inference_time_seconds": 2.1584078749874607
}