{
  "soil": {
    "precision": 0.9413914437866093,
    "recall": 0.6725576899891291,
    "f1-score": 0.7845848937351072,
    "support": 1998917.0,
    "iou": 0.6455283381710014
  },
  "plant": {
    "precision": 0.5765234590074734,
    "recall": 0.914136435027837,
    "f1-score": 0.7070977110685251,
    "support": 974779.0,
    "iou": 0.5469073085584134
  },
  "accuracy": 0.7517473205061983,
  "macro avg": {
    "precision": 0.7589574513970414,
    "recall": 0.7933470625084831,
    "f1-score": 0.7458413024018162,
    "support": 2973696.0
  },
  "weighted avg": {
    "precision": 0.8217875403159716,
    "recall": 0.7517473205061983,
    "f1-score": 0.7591845574423093,
    "support": 2973696.0
  },
  "inference_time_seconds": 1.4415028280000115
}