{
  "soil": {
    "precision": 0.9066967334981518,
    "recall": 0.9583583282092796,
    "f1-score": 0.9318120237293165,
    "support": 1998743.0,
    "iou": 0.8723296315153348
  },
  "plant": {
    "precision": 0.9033399181714822,
    "recall": 0.7978210231672707,
    "f1-score": 0.8473079298614069,
    "support": 974953.0,
    "iou": 0.7350687593084001
  },
  "accuracy": 0.9057247277462122,
  "macro avg": {
    "precision": 0.905018325834817,
    "recall": 0.8780896756882751,
    "f1-score": 0.8895599767953617,
    "support": 2973696.0
  },
  "weighted avg": {
    "precision": 0.9055961713784252,
    "recall": 0.9057247277462122,
    "f1-score": 0.9041065959287612,
    "support": 2973696.0
  }
}