{
  "soil": {
    "precision": 0.9217822886978515,
    "recall": 0.9683405969570439,
    "f1-score": 0.9444880208334574,
    "support": 2047417.0,
    "iou": 0.894815065556383
  },
  "plant": {
    "precision": 0.9212265423531899,
    "recall": 0.8183776162473726,
    "f1-score": 0.8667617607459644,
    "support": 926279.0,
    "iou": 0.7648539651437445
  },
  "accuracy": 0.9216285054020317,
  "macro avg": {
    "precision": 0.9215044155255208,
    "recall": 0.8933591066022082,
    "f1-score": 0.9056248907897109,
    "support": 2973696.0
  },
  "weighted avg": {
    "precision": 0.9216091788142633,
    "recall": 0.9216285054020317,
    "f1-score": 0.9202770044862644,
    "support": 2973696.0
  }
}