{
  "soil": {
    "precision": 0.9405990181918046,
    "recall": 0.9726743700499868,
    "f1-score": 0.95636782815455,
    "support": 13901857.0,
    "iou": 0.9163840038233099
  },
  "plant": {
    "precision": 0.8819687401738231,
    "recall": 0.7687362339611176,
    "f1-score": 0.821468812920935,
    "support": 3692511.0,
    "iou": 0.6970276407847189
  },
  "accuracy": 0.9298740938009253,
  "macro avg": {
    "precision": 0.9112838791828138,
    "recall": 0.8707053020055522,
    "f1-score": 0.8889183205377424,
    "support": 17594368.0
  },
  "weighted avg": {
    "precision": 0.9282943450990028,
    "recall": 0.9298740938009253,
    "f1-score": 0.9280567175969391,
    "support": 17594368.0
  }
}