{
  "soil": {
    "precision": 0.9071090177801351,
    "recall": 0.9566297417927168,
    "f1-score": 0.9312114812225488,
    "support": 1998743.0,
    "iou": 0.8712775865965777
  },
  "plant": {
    "precision": 0.8998819640625614,
    "recall": 0.7991687804437753,
    "f1-score": 0.8465404274575441,
    "support": 974953.0,
    "iou": 0.7339142589901086
  },
  "accuracy": 0.905004748299759,
  "macro avg": {
    "precision": 0.9034954909213482,
    "recall": 0.877899261118246,
    "f1-score": 0.8888759543400464,
    "support": 2973696.0
  },
  "weighted avg": {
    "precision": 0.9047395631677235,
    "recall": 0.905004748299759,
    "f1-score": 0.9034513141169157,
    "support": 2973696.0
  },
  "inference_time_seconds": 0.32558575200027917
}