{
  "soil": {
    "precision": 0.9569710269729714,
    "recall": 0.19155403168287002,
    "f1-score": 0.31921229238986776,
    "support": 1978293.0,
    "iou": 0.1899182692404071
  },
  "plant": {
    "precision": 0.3795481798357998,
    "recall": 0.9828823099789733,
    "f1-score": 0.5476260176708806,
    "support": 995403.0,
    "iou": 0.37705578889031915
  },
  "accuracy": 0.45644006650309915,
  "macro avg": {
    "precision": 0.6682596034043856,
    "recall": 0.5872181708309216,
    "f1-score": 0.4334191550303742,
    "support": 2973696.0
  },
  "weighted avg": {
    "precision": 0.7636868330577622,
    "recall": 0.45644006650309915,
    "f1-score": 0.39567058112748454,
    "support": 2973696.0
  },
  "inference_time_seconds": 0.06212260699999206
}