{
  "soil": {
    "precision": 0.9281696171507036,
    "recall": 0.8491977207675023,
    "f1-score": 0.8869292312901673,
    "support": 1998743.0,
    "iou": 0.7968309439284014
  },
  "plant": {
    "precision": 0.7367584472840046,
    "recall": 0.865270428420652,
    "f1-score": 0.7958599336027087,
    "support": 974953.0,
    "iou": 0.6609363443771702
  },
  "accuracy": 0.8544673026429064,
  "macro avg": {
    "precision": 0.8324640322173541,
    "recall": 0.8572340745940772,
    "f1-score": 0.8413945824464379,
    "support": 2973696.0
  },
  "weighted avg": {
    "precision": 0.8654137422075192,
    "recall": 0.8544673026429064,
    "f1-score": 0.8570713423236148,
    "support": 2973696.0
  },
  "inference_time_seconds": 0.021134582930244505
}