{
  "soil": {
    "precision": 0.9504197335316067,
    "recall": 0.9030205484146786,
    "f1-score": 0.9261140565010307,
    "support": 1998743.0,
    "iou": 0.862395175304685
  },
  "plant": {
    "precision": 0.8196251002666954,
    "recall": 0.9034250881837381,
    "f1-score": 0.8594873015880761,
    "support": 974953.0,
    "iou": 0.7535973100385869
  },
  "accuracy": 0.9031531804192493,
  "macro avg": {
    "precision": 0.8850224168991511,
    "recall": 0.9032228182992084,
    "f1-score": 0.8928006790445534,
    "support": 2973696.0
  },
  "weighted avg": {
    "precision": 0.9075375357260729,
    "recall": 0.9031531804192493,
    "f1-score": 0.904269875191761,
    "support": 2973696.0
  },
  "inference_time_seconds": 0.02530225005466491
}