{
  "soil": {
    "precision": 0.8812299314951462,
    "recall": 0.9444075601515552,
    "f1-score": 0.9117255899309816,
    "support": 1998743.0,
    "iou": 0.8377717802563786
  },
  "plant": {
    "precision": 0.8663933972859036,
    "recall": 0.7390540877355114,
    "f1-score": 0.7976736552583816,
    "support": 974953.0,
    "iou": 0.6634418839336027
  },
  "accuracy": 0.8770805758221418,
  "macro avg": {
    "precision": 0.8738116643905249,
    "recall": 0.8417308239435333,
    "f1-score": 0.8546996225946817,
    "support": 2973696.0
  },
  "weighted avg": {
    "precision": 0.8763656402101918,
    "recall": 0.8770805758221418,
    "f1-score": 0.8743326365608808,
    "support": 2973696.0
  },
  "inference_time_seconds": 0.007158806999996159
}