{
  "soil": {
    "precision": 0.7239673779748069,
    "recall": 0.5508557128155045,
    "f1-score": 0.6256578954845441,
    "support": 1998743.0,
    "iou": 0.45524174325222233
  },
  "plant": {
    "precision": 0.3821085386779252,
    "recall": 0.5694212951803831,
    "f1-score": 0.45732825446199826,
    "support": 974953.0,
    "iou": 0.29645208436906095
  },
  "accuracy": 0.5569426061036501,
  "macro avg": {
    "precision": 0.553037958326366,
    "recall": 0.5601385039979438,
    "f1-score": 0.5414930749732711,
    "support": 2973696.0
  },
  "weighted avg": {
    "precision": 0.6118858804212531,
    "recall": 0.5569426061036501,
    "f1-score": 0.5704695075310162,
    "support": 2973696.0
  },
  "inference_time_seconds": 0.040994458948262036
}