{
  "soil": {
    "precision": 0.7236286545266122,
    "recall": 0.5505755367248315,
    "f1-score": 0.6253506896161778,
    "support": 1998743.0,
    "iou": 0.45491652663148735
  },
  "plant": {
    "precision": 0.38174948122606156,
    "recall": 0.5689105013267306,
    "f1-score": 0.45690634450046913,
    "support": 974953.0,
    "iou": 0.2960976107134335
  },
  "accuracy": 0.5565868199035813,
  "macro avg": {
    "precision": 0.5526890678763369,
    "recall": 0.559743019025781,
    "f1-score": 0.5411285170583234,
    "support": 2973696.0
  },
  "weighted avg": {
    "precision": 0.6115404902869281,
    "recall": 0.5565868199035813,
    "f1-score": 0.5701246948932487,
    "support": 2973696.0
  },
  "inference_time_seconds": 0.039092536999987715
}