{
  "soil": {
    "precision": 0.9519288383758848,
    "recall": 0.9676793529428129,
    "f1-score": 0.959739478642646,
    "support": 2048907.0,
    "iou": 0.9225953104423856
  },
  "plant": {
    "precision": 0.9256674239635061,
    "recall": 0.8917342226172673,
    "f1-score": 0.9083840352661845,
    "support": 924789.0,
    "iou": 0.8321461618488594
  },
  "accuracy": 0.9440611952264119,
  "macro avg": {
    "precision": 0.9387981311696955,
    "recall": 0.9297067877800401,
    "f1-score": 0.9340617569544152,
    "support": 2973696.0
  },
  "weighted avg": {
    "precision": 0.9437618074577918,
    "recall": 0.9440611952264119,
    "f1-score": 0.9437684617247517,
    "support": 2973696.0
  }
}