{
  "soil": {
    "precision": 0.9505754935676601,
    "recall": 0.9562072353962933,
    "f1-score": 0.9533830477200451,
    "support": 1988502.0,
    "iou": 0.910918789957674
  },
  "plant": {
    "precision": 0.9105395140603217,
    "recall": 0.899651236203225,
    "f1-score": 0.9050626286947816,
    "support": 985194.0,
    "iou": 0.8265884902767571
  },
  "accuracy": 0.937470070915117,
  "macro avg": {
    "precision": 0.9305575038139909,
    "recall": 0.9279292357997591,
    "f1-score": 0.9292228382074134,
    "support": 2973696.0
  },
  "weighted avg": {
    "precision": 0.9373114589135622,
    "recall": 0.937470070915117,
    "f1-score": 0.937374354531106,
    "support": 2973696.0
  },
  "inference_time_seconds": 0.4450678420000713
}