{
  "soil": {
    "precision": 0.9708707343381623,
    "recall": 0.9736488425154526,
    "f1-score": 0.9722578039044769,
    "support": 13902691.0,
    "iou": 0.9460133169564936
  },
  "plant": {
    "precision": 0.8996816721181743,
    "recall": 0.8899865833332656,
    "f1-score": 0.8948078673430314,
    "support": 3691677.0,
    "iou": 0.8096400986784471
  },
  "accuracy": 0.9560947003040973,
  "macro avg": {
    "precision": 0.9352762032281683,
    "recall": 0.9318177129243591,
    "f1-score": 0.9335328356237542,
    "support": 17594368.0
  },
  "weighted avg": {
    "precision": 0.9559337372463033,
    "recall": 0.9560947003040973,
    "f1-score": 0.9560071406550014,
    "support": 17594368.0
  }
}