{
  "soil": {
    "precision": 0.9502392291909072,
    "recall": 0.956516010544621,
    "f1-score": 0.9533672887084886,
    "support": 1988502.0,
    "iou": 0.9108900175039091
  },
  "plant": {
    "precision": 0.9110465517010798,
    "recall": 0.8989001151042333,
    "f1-score": 0.904932576422159,
    "support": 985194.0,
    "iou": 0.8263715611825371
  },
  "accuracy": 0.9374276994016874,
  "macro avg": {
    "precision": 0.9306428904459936,
    "recall": 0.9277080628244272,
    "f1-score": 0.9291499325653239,
    "support": 2973696.0
  },
  "weighted avg": {
    "precision": 0.937254582910012,
    "recall": 0.9374276994016874,
    "f1-score": 0.9373207298348787,
    "support": 2973696.0
  }
}