{
  "soil": {
    "precision": 0.9533003522269808,
    "recall": 0.8830074701950176,
    "f1-score": 0.9168085242328393,
    "support": 1998743.0,
    "iou": 0.8463956232516674
  },
  "plant": {
    "precision": 0.7916500717701431,
    "recall": 0.911320853415498,
    "f1-score": 0.847280723754414,
    "support": 974953.0,
    "iou": 0.7350278087775306
  },
  "accuracy": 0.8922902677341598,
  "macro avg": {
    "precision": 0.8724752119985619,
    "recall": 0.8971641618052577,
    "f1-score": 0.8820446239936266,
    "support": 2973696.0
  },
  "weighted avg": {
    "precision": 0.9003018527562092,
    "recall": 0.8922902677341598,
    "f1-score": 0.8940132090224606,
    "support": 2973696.0
  },
  "inference_time_seconds": 0.021983217999945737
}