{
  "soil": {
    "precision": 0.9649967905384947,
    "recall": 0.9800830205633679,
    "f1-score": 0.9724814004101489,
    "support": 13901857.0,
    "iou": 0.9464367854735951
  },
  "plant": {
    "precision": 0.9203254970897885,
    "recall": 0.8661569322339189,
    "f1-score": 0.8924199825662055,
    "support": 3692511.0,
    "iou": 0.8057386089665072
  },
  "accuracy": 0.9561734755121639,
  "macro avg": {
    "precision": 0.9426611438141417,
    "recall": 0.9231199763986434,
    "f1-score": 0.9324506914881772,
    "support": 17594368.0
  },
  "weighted avg": {
    "precision": 0.9556216744534171,
    "recall": 0.9561734755121639,
    "f1-score": 0.9556789971601795,
    "support": 17594368.0
  }
}