{
  "soil": {
    "precision": 0.918630922658995,
    "recall": 0.9794326216886936,
    "f1-score": 0.9480579252718512,
    "support": 2047417.0,
    "iou": 0.9012453708697372
  },
  "plant": {
    "precision": 0.9467478369075049,
    "recall": 0.808240281815738,
    "f1-score": 0.8720283976249894,
    "support": 926279.0,
    "iou": 0.7730942833923145
  },
  "accuracy": 0.9261077796788911,
  "macro avg": {
    "precision": 0.93268937978325,
    "recall": 0.8938364517522158,
    "f1-score": 0.9100431614484203,
    "support": 2973696.0
  },
  "weighted avg": {
    "precision": 0.9273890832824063,
    "recall": 0.9261077796788911,
    "f1-score": 0.9243754255007893,
    "support": 2973696.0
  }
}