{
  "soil": {
    "precision": 0.8998049722867459,
    "recall": 0.9787256290578629,
    "f1-score": 0.9376074969450917,
    "support": 1998743.0,
    "iou": 0.8825434048612001
  },
  "plant": {
    "precision": 0.9468239696065509,
    "recall": 0.7765748707886432,
    "f1-score": 0.8532902362730961,
    "support": 974953.0,
    "iou": 0.7441204943610408
  },
  "accuracy": 0.9124486833892906,
  "macro avg": {
    "precision": 0.9233144709466484,
    "recall": 0.877650249923253,
    "f1-score": 0.8954488666090938,
    "support": 2973696.0
  },
  "weighted avg": {
    "precision": 0.9152205737786052,
    "recall": 0.9124486833892906,
    "f1-score": 0.9099633240895126,
    "support": 2973696.0
  },
  "inference_time_seconds": 0.3910368329998164
}