{
  "soil": {
    "precision": 0.9006097297058361,
    "recall": 0.9785790369247072,
    "f1-score": 0.9379768734152175,
    "support": 1998743.0,
    "iou": 0.8831981620132241
  },
  "plant": {
    "precision": 0.9466089879962191,
    "recall": 0.7786006094652768,
    "f1-score": 0.8544241071503945,
    "support": 974953.0,
    "iou": 0.7458467941613413
  },
  "accuracy": 0.9130143094653925,
  "macro avg": {
    "precision": 0.9236093588510276,
    "recall": 0.878589823194992,
    "f1-score": 0.896200490282806,
    "support": 2973696.0
  },
  "weighted avg": {
    "precision": 0.9156910005781727,
    "recall": 0.9130143094653925,
    "f1-score": 0.9105833469322858,
    "support": 2973696.0
  }
}