{
  "soil": {
    "precision": 0.9497286302153148,
    "recall": 0.15207257761503104,
    "f1-score": 0.26216649574389356,
    "support": 1998743.0,
    "iou": 0.15085823532681633
  },
  "plant": {
    "precision": 0.36133737154028805,
    "recall": 0.9834976660413374,
    "f1-score": 0.5285026811949272,
    "support": 974953.0,
    "iou": 0.35915979896184724
  },
  "accuracy": 0.42466277655819556,
  "macro avg": {
    "precision": 0.6555330008778014,
    "recall": 0.5677851218281842,
    "f1-score": 0.3953345884694104,
    "support": 2973696.0
  },
  "weighted avg": {
    "precision": 0.7568192599168737,
    "recall": 0.42466277655819556,
    "f1-score": 0.3494872114505568,
    "support": 2973696.0
  },
  "inference_time_seconds": 0.06096855999999207
}