{
  "soil": {
    "precision": 0.9306068164701986,
    "recall": 0.8509795513078185,
    "f1-score": 0.8890137300629368,
    "support": 2047417.0,
    "iou": 0.8002022654279057
  },
  "plant": {
    "precision": 0.7229991665652866,
    "recall": 0.859739883987438,
    "f1-score": 0.7854626691225968,
    "support": 926279.0,
    "iou": 0.6467176011421276
  },
  "accuracy": 0.8537083145015496,
  "macro avg": {
    "precision": 0.8268029915177426,
    "recall": 0.8553597176476282,
    "f1-score": 0.8372381995927668,
    "support": 2973696.0
  },
  "weighted avg": {
    "precision": 0.8659389397449813,
    "recall": 0.8537083145015496,
    "f1-score": 0.8567585253692636,
    "support": 2973696.0
  }
}