{
  "soil": {
    "precision": 0.9332083814193838,
    "recall": 0.8879749662221386,
    "f1-score": 0.9100299341548851,
    "support": 13901857.0,
    "iou": 0.8349127766635388
  },
  "plant": {
    "precision": 0.6433273954927071,
    "recall": 0.760726237511547,
    "f1-score": 0.6971187105069615,
    "support": 3692511.0,
    "iou": 0.535059269120532
  },
  "accuracy": 0.8612694130303515,
  "macro avg": {
    "precision": 0.7882678884560455,
    "recall": 0.8243506018668427,
    "f1-score": 0.8035743223309233,
    "support": 17594368.0
  },
  "weighted avg": {
    "precision": 0.8723713721431711,
    "recall": 0.8612694130303515,
    "f1-score": 0.8653464857159632,
    "support": 17594368.0
  }
}