{
  "soil": {
    "precision": 0.9113037734010465,
    "recall": 0.804773300019062,
    "f1-score": 0.854731942287587,
    "support": 1998743.0,
    "iou": 0.7463160580893611
  },
  "plant": {
    "precision": 0.6771415616694964,
    "recall": 0.8394209772163376,
    "f1-score": 0.7495989342160521,
    "support": 974953.0,
    "iou": 0.599486800457968
  },
  "accuracy": 0.8161328528538223,
  "macro avg": {
    "precision": 0.7942226675352715,
    "recall": 0.8220971386176998,
    "f1-score": 0.8021654382518195,
    "support": 2973696.0
  },
  "weighted avg": {
    "precision": 0.8345315845780095,
    "recall": 0.8161328528538223,
    "f1-score": 0.8202631392833905,
    "support": 2973696.0
  },
  "inference_time_seconds": 0.32135210099977485
}