{
  "soil": {
    "precision": 0.9113482665791016,
    "recall": 0.8053656723250563,
    "f1-score": 0.8550855128540193,
    "support": 1998743.0,
    "iou": 0.7468553524775104
  },
  "plant": {
    "precision": 0.6777978301975085,
    "recall": 0.8393912321927314,
    "f1-score": 0.7499890026503613,
    "support": 974953.0,
    "iou": 0.5999859235163056
  },
  "accuracy": 0.816521258393595,
  "macro avg": {
    "precision": 0.7945730483883051,
    "recall": 0.8223784522588938,
    "f1-score": 0.8025372577521903,
    "support": 2973696.0
  },
  "weighted avg": {
    "precision": 0.8347766538111713,
    "recall": 0.816521258393595,
    "f1-score": 0.8206286760043257,
    "support": 2973696.0
  }
}