{
  "soil": {
    "precision": 0.9411821013179427,
    "recall": 0.6688956384983853,
    "f1-score": 0.7820151624183493,
    "support": 1999128.0,
    "iou": 0.6420565661318628
  },
  "plant": {
    "precision": 0.5737580984480215,
    "recall": 0.9142522635670369,
    "f1-score": 0.7050483701412746,
    "support": 974568.0,
    "iou": 0.5444592322094632
  },
  "accuracy": 0.749306250538051,
  "macro avg": {
    "precision": 0.7574700998829821,
    "recall": 0.7915739510327111,
    "f1-score": 0.743531766279812,
    "support": 2973696.0
  },
  "weighted avg": {
    "precision": 0.8207664046129219,
    "recall": 0.749306250538051,
    "f1-score": 0.7567908715641786,
    "support": 2973696.0
  },
  "inference_time_seconds": 2.156373583013192
}