{
  "soil": {
    "precision": 0.9416243353132636,
    "recall": 0.6736422080026891,
    "f1-score": 0.7854033737952762,
    "support": 1999128.0,
    "iou": 0.64663721012419
  },
  "plant": {
    "precision": 0.577307191202395,
    "recall": 0.914333325124568,
    "f1-score": 0.7077458650026469,
    "support": 974568.0,
    "iou": 0.5476831884961207
  },
  "accuracy": 0.7525237953038911,
  "macro avg": {
    "precision": 0.7594657632578293,
    "recall": 0.7939877665636286,
    "f1-score": 0.7465746193989615,
    "support": 2973696.0
  },
  "weighted avg": {
    "precision": 0.8222268479770191,
    "recall": 0.7525237953038911,
    "f1-score": 0.7599527147403441,
    "support": 2973696.0
  },
  "inference_time_seconds": 1.3987430729999915
}