{
  "soil": {
    "precision": 0.9533029148707249,
    "recall": 0.9482014446079361,
    "f1-score": 0.9507453364737044,
    "support": 1998743.0,
    "iou": 0.9061149495189997
  },
  "plant": {
    "precision": 0.894960579273149,
    "recall": 0.9047789996030577,
    "f1-score": 0.8998430074028283,
    "support": 974953.0,
    "iou": 0.8179223633152061
  },
  "accuracy": 0.9339650051652892,
  "macro avg": {
    "precision": 0.924131747071937,
    "recall": 0.9264902221054969,
    "f1-score": 0.9252941719382664,
    "support": 2973696.0
  },
  "weighted avg": {
    "precision": 0.9341748550025126,
    "recall": 0.9339650051652892,
    "f1-score": 0.9340565497131754,
    "support": 2973696.0
  }
}