{
  "soil": {
    "precision": 0.9559346097422085,
    "recall": 0.9744781578461065,
    "f1-score": 0.9651173191179248,
    "support": 13901857.0,
    "iou": 0.9325862118934231
  },
  "plant": {
    "precision": 0.8963430346396762,
    "recall": 0.8308809371183999,
    "f1-score": 0.8623714732755906,
    "support": 3692511.0,
    "iou": 0.758043116023672
  },
  "accuracy": 0.9443415643005761,
  "macro avg": {
    "precision": 0.9261388221909423,
    "recall": 0.9026795474822532,
    "f1-score": 0.9137443961967577,
    "support": 17594368.0
  },
  "weighted avg": {
    "precision": 0.9434281902690324,
    "recall": 0.9443415643005761,
    "f1-score": 0.9435541594763212,
    "support": 17594368.0
  }
}