{
  "soil": {
    "precision": 0.9532933473898942,
    "recall": 0.946435334607801,
    "f1-score": 0.9498519622997825,
    "support": 1998743.0,
    "iou": 0.9044933935028062
  },
  "plant": {
    "precision": 0.8917835468780955,
    "recall": 0.9049359302448425,
    "f1-score": 0.8983115993860361,
    "support": 974953.0,
    "iou": 0.8153953503417235
  },
  "accuracy": 0.9328293813490014,
  "macro avg": {
    "precision": 0.9225384471339948,
    "recall": 0.9256856324263218,
    "f1-score": 0.9240817808429094,
    "support": 2973696.0
  },
  "weighted avg": {
    "precision": 0.9331268056390294,
    "recall": 0.9328293813490014,
    "f1-score": 0.932953990400891,
    "support": 2973696.0
  },
  "inference_time_seconds": 0.32171143599998686
}