{
  "soil": {
    "precision": 0.9572300849427479,
    "recall": 0.9584232230170991,
    "f1-score": 0.9578262824151789,
    "support": 2047417.0,
    "iou": 0.9190658584586908
  },
  "plant": {
    "precision": 0.9078461493493207,
    "recall": 0.9053449338698167,
    "f1-score": 0.9065938164524872,
    "support": 926279.0,
    "iou": 0.8291464142914207
  },
  "accuracy": 0.9418898233040633,
  "macro avg": {
    "precision": 0.9325381171460343,
    "recall": 0.9318840784434579,
    "f1-score": 0.932210049433833,
    "support": 2973696.0
  },
  "weighted avg": {
    "precision": 0.941847442440776,
    "recall": 0.9418898233040633,
    "f1-score": 0.9418678396760906,
    "support": 2973696.0
  }
}