{
  "soil": {
    "precision": 0.9461746449566044,
    "recall": 0.9494150690592296,
    "f1-score": 0.9477920873293607,
    "support": 1977071.0,
    "iou": 0.9007650255392418
  },
  "plant": {
    "precision": 0.8989648978536229,
    "recall": 0.8928573937037502,
    "f1-score": 0.895900736932029,
    "support": 996625.0,
    "iou": 0.8114313331236008
  },
  "accuracy": 0.9304599394154615,
  "macro avg": {
    "precision": 0.9225697714051136,
    "recall": 0.9211362313814899,
    "f1-score": 0.9218464121306948,
    "support": 2973696.0
  },
  "weighted avg": {
    "precision": 0.9303524445008386,
    "recall": 0.9304599394154615,
    "f1-score": 0.9304008620360756,
    "support": 2973696.0
  }
}