{
  "soil": {
    "precision": 0.9463244940941232,
    "recall": 0.9474722961390866,
    "f1-score": 0.9468980472837378,
    "support": 1977071.0,
    "iou": 0.8991513545686692
  },
  "plant": {
    "precision": 0.895545986982852,
    "recall": 0.8933911952840837,
    "f1-score": 0.8944672934000116,
    "support": 996625.0,
    "iou": 0.8090826151592584
  },
  "accuracy": 0.9293471827651515,
  "macro avg": {
    "precision": 0.9209352405384876,
    "recall": 0.9204317457115851,
    "f1-score": 0.9206826703418747,
    "support": 2973696.0
  },
  "weighted avg": {
    "precision": 0.9293062347798655,
    "recall": 0.9293471827651515,
    "f1-score": 0.9293260425834025,
    "support": 2973696.0
  },
  "inference_time_seconds": 0.3168727420002142
}