{
  "soil": {
    "precision": 0.9540363351008266,
    "recall": 0.9736984097658555,
    "f1-score": 0.9637671000330115,
    "support": 13894369.0,
    "iou": 0.9300680378549209
  },
  "plant": {
    "precision": 0.8929461030657845,
    "recall": 0.8238383307671164,
    "f1-score": 0.8570012781072541,
    "support": 3699999.0,
    "iou": 0.7497832339550696
  },
  "accuracy": 0.9421836578614248,
  "macro avg": {
    "precision": 0.9234912190833056,
    "recall": 0.8987683702664859,
    "f1-score": 0.9103841890701327,
    "support": 17594368.0
  },
  "weighted avg": {
    "precision": 0.9411893946799247,
    "recall": 0.9421836578614248,
    "f1-score": 0.9413148338101224,
    "support": 17594368.0
  }
}