{
  "soil": {
    "precision": 0.9530683284954181,
    "recall": 0.9599871751881071,
    "f1-score": 0.9565152403282532,
    "support": 2039796.0,
    "iou": 0.9166547297050588
  },
  "plant": {
    "precision": 0.91119713804494,
    "recall": 0.8967491166077739,
    "f1-score": 0.9039153973681484,
    "support": 933900.0,
    "iou": 0.8246766674741364
  },
  "accuracy": 0.9401270338326446,
  "macro avg": {
    "precision": 0.932132733270179,
    "recall": 0.9283681458979405,
    "f1-score": 0.9302153188482007,
    "support": 2973696.0
  },
  "weighted avg": {
    "precision": 0.9399185294703323,
    "recall": 0.9401270338326446,
    "f1-score": 0.9399960691216329,
    "support": 2973696.0
  }
}