{
  "soil": {
    "precision": 0.9559457165371733,
    "recall": 0.9675669392214679,
    "f1-score": 0.9617212221012864,
    "support": 2047417.0,
    "iou": 0.9262649324756828
  },
  "plant": {
    "precision": 0.926331472871313,
    "recall": 0.9014400628752244,
    "f1-score": 0.9137162766979561,
    "support": 926279.0,
    "iou": 0.8411396185892173
  },
  "accuracy": 0.9469690244059917,
  "macro avg": {
    "precision": 0.9411385947042432,
    "recall": 0.9345035010483461,
    "f1-score": 0.9377187493996213,
    "support": 2973696.0
  },
  "weighted avg": {
    "precision": 0.9467211515484961,
    "recall": 0.9469690244059917,
    "f1-score": 0.9467681223818628,
    "support": 2973696.0
  }
}