{
  "soil": {
    "precision": 0.9767943762482675,
    "recall": 0.975697491349537,
    "f1-score": 0.9762456256909656,
    "support": 13901857.0,
    "iou": 0.9535936062298792
  },
  "plant": {
    "precision": 0.9088891897300035,
    "recall": 0.9127317427084172,
    "f1-score": 0.9108064134513899,
    "support": 3692511.0,
    "iou": 0.8362208745072712
  },
  "accuracy": 0.9624829377218892,
  "macro avg": {
    "precision": 0.9428417829891356,
    "recall": 0.9442146170289771,
    "f1-score": 0.9435260195711778,
    "support": 17594368.0
  },
  "weighted avg": {
    "precision": 0.9625431881308119,
    "recall": 0.9624829377218892,
    "f1-score": 0.9625119689306905,
    "support": 17594368.0
  }
}