{
  "soil": {
    "precision": 0.9556637680810802,
    "recall": 0.9540921469143356,
    "f1-score": 0.9548773108200167,
    "support": 1998743.0,
    "iou": 0.9136509241505663
  },
  "plant": {
    "precision": 0.9062009322865554,
    "recall": 0.9092561385010355,
    "f1-score": 0.9077259646128161,
    "support": 974953.0,
    "iou": 0.8310423348029597
  },
  "accuracy": 0.9393922579846763,
  "macro avg": {
    "precision": 0.9309323501838178,
    "recall": 0.9316741427076856,
    "f1-score": 0.9313016377164164,
    "support": 2973696.0
  },
  "weighted avg": {
    "precision": 0.9394469321481607,
    "recall": 0.9393922579846763,
    "f1-score": 0.9394183175541453,
    "support": 2973696.0
  },
  "inference_time_seconds": 0.44773135600007663
}