{
  "soil": {
    "precision": 0.9553781249608793,
    "recall": 0.9545569390361842,
    "f1-score": 0.9549673554620789,
    "support": 1998743.0,
    "iou": 0.9138158127915075
  },
  "plant": {
    "precision": 0.9070014365123977,
    "recall": 0.9085996966007592,
    "f1-score": 0.9077998630883818,
    "support": 974953.0,
    "iou": 0.8311662234866042
  },
  "accuracy": 0.9394894434400827,
  "macro avg": {
    "precision": 0.9311897807366385,
    "recall": 0.9315783178184718,
    "f1-score": 0.9313836092752303,
    "support": 2973696.0
  },
  "weighted avg": {
    "precision": 0.9395173922118315,
    "recall": 0.9394894434400827,
    "f1-score": 0.9395030685301891,
    "support": 2973696.0
  }
}