{
  "soil": {
    "precision": 0.6829630008349624,
    "recall": 0.9891221632796212,
    "f1-score": 0.8080136769630799,
    "support": 1998743.0,
    "iou": 0.6778716008288065
  },
  "plant": {
    "precision": 0.7246279526312457,
    "recall": 0.05868282881328638,
    "f1-score": 0.10857304432644975,
    "support": 974953.0,
    "iou": 0.05740271597630168
  },
  "accuracy": 0.6840692525396006,
  "macro avg": {
    "precision": 0.703795476733104,
    "recall": 0.5239024960464538,
    "f1-score": 0.45829336064476484,
    "support": 2973696.0
  },
  "weighted avg": {
    "precision": 0.6966232303098792,
    "recall": 0.6840692525396006,
    "f1-score": 0.5786957698498509,
    "support": 2973696.0
  },
  "inference_time_seconds": 0.007753749960102141
}