{
  "soil": {
    "precision": 0.6829449884140858,
    "recall": 0.9890010871832947,
    "f1-score": 0.807960670366218,
    "support": 1998743.0,
    "iou": 0.6777969906533532
  },
  "plant": {
    "precision": 0.7225398508197342,
    "recall": 0.05871975367017692,
    "f1-score": 0.10861271160876733,
    "support": 974953.0,
    "iou": 0.05742489244556075
  },
  "accuracy": 0.6839999784779615,
  "macro avg": {
    "precision": 0.70274241961691,
    "recall": 0.5238604204267359,
    "f1-score": 0.45828669098749264,
    "support": 2973696.0
  },
  "weighted avg": {
    "precision": 0.6959265204492951,
    "recall": 0.6839999784779615,
    "f1-score": 0.5786731472184407,
    "support": 2973696.0
  },
  "inference_time_seconds": 0.007314034000046377
}