{
  "soil": {
    "precision": 0.9472340596408642,
    "recall": 0.9671264513492267,
    "f1-score": 0.9570769031626067,
    "support": 13902667.0,
    "iou": 0.9176869378623309
  },
  "plant": {
    "precision": 0.865569052674059,
    "recall": 0.7971143925252885,
    "f1-score": 0.8299325426052455,
    "support": 3691701.0,
    "iou": 0.7093031580018082
  },
  "accuracy": 0.9314540311990747,
  "macro avg": {
    "precision": 0.9064015561574617,
    "recall": 0.8821204219372576,
    "f1-score": 0.8935047228839261,
    "support": 17594368.0
  },
  "weighted avg": {
    "precision": 0.9300988725239208,
    "recall": 0.9314540311990747,
    "f1-score": 0.9303991070056791,
    "support": 17594368.0
  }
}