{
  "soil": {
    "precision": 0.935970087692556,
    "recall": 0.9398747854064372,
    "f1-score": 0.9379183726035767,
    "support": 1999128.0,
    "iou": 0.8830944330548122
  },
  "plant": {
    "precision": 0.8756007898756815,
    "recall": 0.8681077154185239,
    "f1-score": 0.8718381530052618,
    "support": 974568.0,
    "iou": 0.7727952822795008
  },
  "accuracy": 0.916354597107438,
  "macro avg": {
    "precision": 0.9057854387841187,
    "recall": 0.9039912504124805,
    "f1-score": 0.9048782628044192,
    "support": 2973696.0
  },
  "weighted avg": {
    "precision": 0.9161852859391838,
    "recall": 0.916354597107438,
    "f1-score": 0.916261933124393,
    "support": 2973696.0
  },
  "inference_time_seconds": 0.3152832069999931
}