{
  "soil": {
    "precision": 0.9423103383515818,
    "recall": 0.9531905625141625,
    "f1-score": 0.9477192240489191,
    "support": 2047664.0,
    "iou": 0.9006334105004852
  },
  "plant": {
    "precision": 0.8937819499129532,
    "recall": 0.870962342554037,
    "f1-score": 0.8822246080087682,
    "support": 926032.0,
    "iou": 0.7892682325356548
  },
  "accuracy": 0.9275840570118802,
  "macro avg": {
    "precision": 0.9180461441322676,
    "recall": 0.9120764525340997,
    "f1-score": 0.9149719160288436,
    "support": 2973696.0
  },
  "weighted avg": {
    "precision": 0.9271982217792758,
    "recall": 0.9275840570118802,
    "f1-score": 0.9273236926022302,
    "support": 2973696.0
  }
}