{
  "soil": {
    "precision": 0.9360407781853608,
    "recall": 0.9420022129648526,
    "f1-score": 0.9390120339427592,
    "support": 1999128.0,
    "iou": 0.8850355178223568
  },
  "plant": {
    "precision": 0.8794545015990252,
    "recall": 0.8679650881210957,
    "f1-score": 0.8736720229869387,
    "support": 974568.0,
    "iou": 0.7756817204379957
  },
  "accuracy": 0.9177380606491047,
  "macro avg": {
    "precision": 0.907747639892193,
    "recall": 0.9049836505429742,
    "f1-score": 0.9063420284648489,
    "support": 2973696.0
  },
  "weighted avg": {
    "precision": 0.917495784211467,
    "recall": 0.9177380606491047,
    "f1-score": 0.9175981826959633,
    "support": 2973696.0
  }
}