{
  "soil": {
    "precision": 0.7264759181326356,
    "recall": 0.6054049565610606,
    "f1-score": 0.6604376262417495,
    "support": 1999128.0,
    "iou": 0.49302491558406375
  },
  "plant": {
    "precision": 0.3967835942046274,
    "recall": 0.5324277012994475,
    "f1-score": 0.454705141872172,
    "support": 974568.0,
    "iou": 0.2942513782923352
  },
  "accuracy": 0.5814881548080234,
  "macro avg": {
    "precision": 0.5616297561686314,
    "recall": 0.5689163289302541,
    "f1-score": 0.5575713840569607,
    "support": 2973696.0
  },
  "weighted avg": {
    "precision": 0.6184260069292472,
    "recall": 0.5814881548080234,
    "f1-score": 0.593013015310743,
    "support": 2973696.0
  },
  "inference_time_seconds": 0.8313972119999562
}