{
  "soil": {
    "precision": 0.7324423406508791,
    "recall": 0.6133264103148973,
    "f1-score": 0.6676128142099637,
    "support": 1999128.0,
    "iou": 0.5010651718435013
  },
  "plant": {
    "precision": 0.4052318911611524,
    "recall": 0.5404168821467563,
    "f1-score": 0.46316171785787935,
    "support": 974568.0,
    "iou": 0.30137310037091336
  },
  "accuracy": 0.5894318047305441,
  "macro avg": {
    "precision": 0.5688371159060157,
    "recall": 0.5768716462308268,
    "f1-score": 0.5653872660339215,
    "support": 2973696.0
  },
  "weighted avg": {
    "precision": 0.625205812996975,
    "recall": 0.5894318047305441,
    "f1-score": 0.6006081519749343,
    "support": 2973696.0
  },
  "inference_time_seconds": 1.5746477500069886
}