{
  "soil": {
    "precision": 0.9488341337409035,
    "recall": 0.9363270892055697,
    "f1-score": 0.9425391226708189,
    "support": 2047417.0,
    "iou": 0.8913229253940638
  },
  "plant": {
    "precision": 0.8632439809623117,
    "recall": 0.8883953970671903,
    "f1-score": 0.8756391171059394,
    "support": 926279.0,
    "iou": 0.7787883147020188
  },
  "accuracy": 0.9213968072055785,
  "macro avg": {
    "precision": 0.9060390573516076,
    "recall": 0.91236124313638,
    "f1-score": 0.9090891198883791,
    "support": 2973696.0
  },
  "weighted avg": {
    "precision": 0.9221735870254353,
    "recall": 0.9213968072055785,
    "f1-score": 0.9217003852024861,
    "support": 2973696.0
  }
}