{
  "soil": {
    "precision": 0.9435916740931952,
    "recall": 0.9217418147305582,
    "f1-score": 0.9325387736342577,
    "support": 1998743.0,
    "iou": 0.8736043526462887
  },
  "plant": {
    "precision": 0.8468346200094787,
    "recall": 0.8870355801766855,
    "f1-score": 0.866469056787709,
    "support": 974953.0,
    "iou": 0.7643982389507951
  },
  "accuracy": 0.9103630633393595,
  "macro avg": {
    "precision": 0.8952131470513369,
    "recall": 0.9043886974536218,
    "f1-score": 0.8995039152109834,
    "support": 2973696.0
  },
  "weighted avg": {
    "precision": 0.911869002996324,
    "recall": 0.9103630633393595,
    "f1-score": 0.9108772222689894,
    "support": 2973696.0
  }
}