{
  "soil": {
    "precision": 0.9487715034638136,
    "recall": 0.9577277337840548,
    "f1-score": 0.9532285816206189,
    "support": 13901857.0,
    "iou": 0.910636806549814
  },
  "plant": {
    "precision": 0.8349854546679846,
    "recall": 0.8053102617703779,
    "f1-score": 0.8198794258064507,
    "support": 3692511.0,
    "iou": 0.6947420829153207
  },
  "accuracy": 0.9257400436321441,
  "macro avg": {
    "precision": 0.8918784790658991,
    "recall": 0.8815189977772164,
    "f1-score": 0.8865540037135348,
    "support": 17594368.0
  },
  "weighted avg": {
    "precision": 0.9248913483582062,
    "recall": 0.9257400436321441,
    "f1-score": 0.9252427383846169,
    "support": 17594368.0
  }
}