{
  "soil": {
    "precision": 0.9441172677863455,
    "recall": 0.91941685349242,
    "f1-score": 0.9316033634847868,
    "support": 1998743.0,
    "iou": 0.8719639613649434
  },
  "plant": {
    "precision": 0.8432068299188606,
    "recall": 0.8884325705957108,
    "f1-score": 0.8652291132045882,
    "support": 974953.0,
    "iou": 0.762470312970393
  },
  "accuracy": 0.9092583774535123,
  "macro avg": {
    "precision": 0.893662048852603,
    "recall": 0.9039247120440654,
    "f1-score": 0.8984162383446874,
    "support": 2973696.0
  },
  "weighted avg": {
    "precision": 0.9110328724311318,
    "recall": 0.9092583774535123,
    "f1-score": 0.9098419680921742,
    "support": 2973696.0
  },
  "inference_time_seconds": 0.31721269499985283
}