{
  "soil": {
    "precision": 0.9375923000425427,
    "recall": 0.6924552080982898,
    "f1-score": 0.7965911030136922,
    "support": 1998743.0,
    "iou": 0.661945499163744
  },
  "plant": {
    "precision": 0.5895226278971001,
    "recall": 0.9055092912171151,
    "f1-score": 0.7141228359322705,
    "support": 974953.0,
    "iou": 0.5553585178176914
  },
  "accuracy": 0.7623069069602273,
  "macro avg": {
    "precision": 0.7635574639698214,
    "recall": 0.7989822496577024,
    "f1-score": 0.7553569694729814,
    "support": 2973696.0
  },
  "weighted avg": {
    "precision": 0.8234745250355427,
    "recall": 0.7623069069602273,
    "f1-score": 0.769553139349675,
    "support": 2973696.0
  },
  "inference_time_seconds": 2.1822837080108
}