{
  "soil": {
    "precision": 0.938904611286832,
    "recall": 0.696978050704868,
    "f1-score": 0.8000523765876653,
    "support": 1998743.0,
    "iou": 0.6667394151025753
  },
  "plant": {
    "precision": 0.5935057622081563,
    "recall": 0.907022184659158,
    "f1-score": 0.7175113188257631,
    "support": 974953.0,
    "iou": 0.5594679542659318
  },
  "accuracy": 0.7658429106404959,
  "macro avg": {
    "precision": 0.7662051867474942,
    "recall": 0.802000117682013,
    "f1-score": 0.7587818477067142,
    "support": 2973696.0
  },
  "weighted avg": {
    "precision": 0.8256624896624958,
    "recall": 0.7658429106404959,
    "f1-score": 0.7729905478438597,
    "support": 2973696.0
  },
  "inference_time_seconds": 1.469574468000019
}