{
  "soil": {
    "precision": 0.9431598757095431,
    "recall": 0.9492589931606508,
    "f1-score": 0.9461996059467284,
    "support": 2047417.0,
    "iou": 0.897892628704878
  },
  "plant": {
    "precision": 0.8862173466850813,
    "recall": 0.8735499779224186,
    "f1-score": 0.87983807041523,
    "support": 926279.0,
    "iou": 0.7854561444891944
  },
  "accuracy": 0.9256763300619835,
  "macro avg": {
    "precision": 0.9146886111973123,
    "recall": 0.9114044855415346,
    "f1-score": 0.9130188381809792,
    "support": 2973696.0
  },
  "weighted avg": {
    "precision": 0.9254228007555971,
    "recall": 0.9256763300619835,
    "f1-score": 0.9255285969496483,
    "support": 2973696.0
  }
}