{
  "soil": {
    "precision": 0.9411392385926471,
    "recall": 0.9343752548476718,
    "f1-score": 0.9377450496733591,
    "support": 1998743.0,
    "iou": 0.882787177772158
  },
  "plant": {
    "precision": 0.8674167456773252,
    "recall": 0.8801973018186517,
    "f1-score": 0.8737602907134504,
    "support": 974953.0,
    "iou": 0.775820887426319
  },
  "accuracy": 0.9166125252883953,
  "macro avg": {
    "precision": 0.9042779921349862,
    "recall": 0.9072862783331618,
    "f1-score": 0.9057526701934048,
    "support": 2973696.0
  },
  "weighted avg": {
    "precision": 0.9169686557101764,
    "recall": 0.9166125252883953,
    "f1-score": 0.9167670705180454,
    "support": 2973696.0
  }
}