{
  "soil": {
    "precision": 0.9417523931774009,
    "recall": 0.9338088988929543,
    "f1-score": 0.9377638246437057,
    "support": 1998743.0,
    "iou": 0.8828204559397176
  },
  "plant": {
    "precision": 0.8666087927954088,
    "recall": 0.881594292237677,
    "f1-score": 0.8740373150833983,
    "support": 974953.0,
    "iou": 0.776257798586049
  },
  "accuracy": 0.9166898701144972,
  "macro avg": {
    "precision": 0.9041805929864049,
    "recall": 0.9077015955653156,
    "f1-score": 0.905900569863552,
    "support": 2973696.0
  },
  "weighted avg": {
    "precision": 0.9171158874205164,
    "recall": 0.9166898701144972,
    "f1-score": 0.9168705148785682,
    "support": 2973696.0
  },
  "inference_time_seconds": 0.44397882699990987
}