{
  "soil": {
    "precision": 0.9662994851108901,
    "recall": 0.9590481329220981,
    "f1-score": 0.9626601537918289,
    "support": 13901857.0,
    "iou": 0.92800846059339
  },
  "plant": {
    "precision": 0.8500574425955941,
    "recall": 0.8740737671465298,
    "f1-score": 0.8618983369039616,
    "support": 3692511.0,
    "iou": 0.757312255004789
  },
  "accuracy": 0.9412146545985625,
  "macro avg": {
    "precision": 0.9081784638532422,
    "recall": 0.9165609500343139,
    "f1-score": 0.9122792453478952,
    "support": 17594368.0
  },
  "weighted avg": {
    "precision": 0.9419038932572812,
    "recall": 0.9412146545985625,
    "f1-score": 0.9415133801629929,
    "support": 17594368.0
  }
}