{
  "soil": {
    "precision": 0.7642857142857142,
    "recall": 0.00021413458358578367,
    "f1-score": 0.0004281492099996849,
    "support": 1998743.0,
    "iou": 0.00021412044274904635
  },
  "plant": {
    "precision": 0.32787635681650623,
    "recall": 0.999864608858068,
    "f1-score": 0.49381916162477596,
    "support": 974953.0,
    "iou": 0.3278618005507744
  },
  "accuracy": 0.32795854048295453,
  "macro avg": {
    "precision": 0.5460810355511102,
    "recall": 0.5000393717208269,
    "f1-score": 0.24712365541738782,
    "support": 2973696.0
  },
  "weighted avg": {
    "precision": 0.6212049782949887,
    "recall": 0.32795854048295453,
    "f1-score": 0.16219083366961604,
    "support": 2973696.0
  },
  "inference_time_seconds": 0.03340283303987235
}