{
  "soil": {
    "precision": 0.8421985815602837,
    "recall": 0.00023764936262440944,
    "f1-score": 0.00047516464454933635,
    "support": 1998743.0,
    "iou": 0.0002376387810481321
  },
  "plant": {
    "precision": 0.32789126079837694,
    "recall": 0.9999087135482428,
    "f1-score": 0.49384144464974794,
    "support": 974953.0,
    "iou": 0.3278814457452036
  },
  "accuracy": 0.3279888058496901,
  "macro avg": {
    "precision": 0.5850449211793303,
    "recall": 0.5000731814554337,
    "f1-score": 0.24715830464714864,
    "support": 2973696.0
  },
  "weighted avg": {
    "precision": 0.6735782971402275,
    "recall": 0.3279888058496901,
    "f1-score": 0.16222974036106788,
    "support": 2973696.0
  },
  "inference_time_seconds": 0.034720866000043316
}