{
  "soil": {
    "precision": 0.9001282755249654,
    "recall": 0.9784544586272472,
    "f1-score": 0.9376584895754673,
    "support": 1998743.0,
    "iou": 0.882633767366165
  },
  "plant": {
    "precision": 0.9462391498934496,
    "recall": 0.7774374764732248,
    "f1-score": 0.8535728402652729,
    "support": 974953.0,
    "iou": 0.7445504348159215
  },
  "accuracy": 0.9125492316632231,
  "macro avg": {
    "precision": 0.9231837127092075,
    "recall": 0.877945967550236,
    "f1-score": 0.8956156649203701,
    "support": 2973696.0
  },
  "weighted avg": {
    "precision": 0.91524614073317,
    "recall": 0.9125492316632231,
    "f1-score": 0.9100902525896012,
    "support": 2973696.0
  }
}