{
  "soil": {
    "precision": 0.9183524983286209,
    "recall": 0.9802082331054202,
    "f1-score": 0.9482727255974738,
    "support": 2047417.0,
    "iou": 0.901633673174613
  },
  "plant": {
    "precision": 0.948600602505153,
    "recall": 0.8073733723856419,
    "f1-score": 0.8723077658816297,
    "support": 926279.0,
    "iou": 0.7735335399942698
  },
  "accuracy": 0.9263717609331956,
  "macro avg": {
    "precision": 0.9334765504168869,
    "recall": 0.893790802745531,
    "f1-score": 0.9102902457395518,
    "support": 2973696.0
  },
  "weighted avg": {
    "precision": 0.9277745050463666,
    "recall": 0.9263717609331956,
    "f1-score": 0.9246103381440716,
    "support": 2973696.0
  }
}