{
  "soil": {
    "precision": 0.9148084082363082,
    "recall": 0.9792367651533616,
    "f1-score": 0.9459267804191053,
    "support": 2047417.0,
    "iou": 0.897401397594762
  },
  "plant": {
    "precision": 0.9456438766729363,
    "recall": 0.798433301413505,
    "f1-score": 0.8658258612635964,
    "support": 926279.0,
    "iou": 0.763397640355495
  },
  "accuracy": 0.9229181463068182,
  "macro avg": {
    "precision": 0.9302261424546222,
    "recall": 0.8888350332834333,
    "f1-score": 0.9058763208413508,
    "support": 2973696.0
  },
  "weighted avg": {
    "precision": 0.9244133735279895,
    "recall": 0.9229181463068182,
    "f1-score": 0.9209760795759641,
    "support": 2973696.0
  }
}