{
  "soil": {
    "precision": 0.9646158096271016,
    "recall": 0.9833294933187703,
    "f1-score": 0.9738827613829056,
    "support": 13901857.0,
    "iou": 0.9490950202682634
  },
  "plant": {
    "precision": 0.9322922403298106,
    "recall": 0.8641983734103974,
    "f1-score": 0.8969547978419535,
    "support": 3692511.0,
    "iou": 0.8131623219856371
  },
  "accuracy": 0.9583275739145618,
  "macro avg": {
    "precision": 0.9484540249784561,
    "recall": 0.9237639333645838,
    "f1-score": 0.9354187796124296,
    "support": 17594368.0
  },
  "weighted avg": {
    "precision": 0.957832097066951,
    "recall": 0.9583275739145618,
    "f1-score": 0.9577379728015503,
    "support": 17594368.0
  }
}