{
  "soil": {
    "precision": 0.9611564790615833,
    "recall": 0.9805379957512151,
    "f1-score": 0.9707505066400343,
    "support": 13901857.0,
    "iou": 0.9431634534703897
  },
  "plant": {
    "precision": 0.9207082386847364,
    "recall": 0.850809923111942,
    "f1-score": 0.8843801013808618,
    "support": 3692511.0,
    "iou": 0.7927252843692603
  },
  "accuracy": 0.9533121053282505,
  "macro avg": {
    "precision": 0.9409323588731598,
    "recall": 0.9156739594315786,
    "f1-score": 0.927565304010448,
    "support": 17594368.0
  },
  "weighted avg": {
    "precision": 0.952667650561341,
    "recall": 0.9533121053282505,
    "f1-score": 0.9526240430186099,
    "support": 17594368.0
  }
}