{
  "soil": {
    "precision": 0.8966783360979499,
    "recall": 0.9790438290465557,
    "f1-score": 0.9360526925679303,
    "support": 1998743.0,
    "iou": 0.8797923412458986
  },
  "plant": {
    "precision": 0.9470705978093298,
    "recall": 0.7687242359375273,
    "f1-score": 0.8486284109971698,
    "support": 974953.0,
    "iou": 0.737058669071505
  },
  "accuracy": 0.910088657347624,
  "macro avg": {
    "precision": 0.9218744669536398,
    "recall": 0.8738840324920415,
    "f1-score": 0.89234055178255,
    "support": 2973696.0
  },
  "weighted avg": {
    "precision": 0.9131998926835239,
    "recall": 0.910088657347624,
    "f1-score": 0.9073898549442264,
    "support": 2973696.0
  },
  "inference_time_seconds": 0.4737607979998302
}