{
  "soil": {
    "precision": 0.8960084096242866,
    "recall": 0.9774243111795764,
    "f1-score": 0.9349472685758806,
    "support": 1998743.0,
    "iou": 0.877841294604944
  },
  "plant": {
    "precision": 0.9431225317866178,
    "recall": 0.7674359687082352,
    "f1-score": 0.8462571184590763,
    "support": 974953.0,
    "iou": 0.7334884851716931
  },
  "accuracy": 0.9085777429838154,
  "macro avg": {
    "precision": 0.9195654707054521,
    "recall": 0.8724301399439058,
    "f1-score": 0.8906021935174784,
    "support": 2973696.0
  },
  "weighted avg": {
    "precision": 0.911455198651992,
    "recall": 0.9085777429838154,
    "f1-score": 0.9058694045552044,
    "support": 2973696.0
  }
}