{
  "soil": {
    "precision": 0.956898248171923,
    "recall": 0.9220395018268982,
    "f1-score": 0.9391455188379978,
    "support": 1998743.0,
    "iou": 0.8852727075341275
  },
  "plant": {
    "precision": 0.8512805829551474,
    "recall": 0.914856408462767,
    "f1-score": 0.8819242227537403,
    "support": 974953.0,
    "iou": 0.7887875229046248
  },
  "accuracy": 0.9196844600120524,
  "macro avg": {
    "precision": 0.9040894155635353,
    "recall": 0.9184479551448326,
    "f1-score": 0.910534870795869,
    "support": 2973696.0
  },
  "weighted avg": {
    "precision": 0.9222705459602341,
    "recall": 0.9196844600120524,
    "f1-score": 0.9203850018647647,
    "support": 2973696.0
  }
}