{
  "soil": {
    "precision": 0.9570769641688451,
    "recall": 0.9196815198352164,
    "f1-score": 0.9380066796108578,
    "support": 1998743.0,
    "iou": 0.8832510163690555
  },
  "plant": {
    "precision": 0.8475512535504046,
    "recall": 0.9154420777206697,
    "f1-score": 0.8801894672687699,
    "support": 974953.0,
    "iou": 0.7860164211190068
  },
  "accuracy": 0.9182915805785123,
  "macro avg": {
    "precision": 0.9023141088596249,
    "recall": 0.917561798777943,
    "f1-score": 0.9090980734398139,
    "support": 2973696.0
  },
  "weighted avg": {
    "precision": 0.9211679740956903,
    "recall": 0.9182915805785123,
    "f1-score": 0.9190507861286203,
    "support": 2973696.0
  },
  "inference_time_seconds": 0.3146220700000413
}