{
  "soil": {
    "precision": 0.9597035066179583,
    "recall": 0.9323127628616935,
    "f1-score": 0.9458098666658078,
    "support": 2047417.0,
    "iou": 0.8971909684587929
  },
  "plant": {
    "precision": 0.8592647205178356,
    "recall": 0.9134720748284264,
    "f1-score": 0.8855396121283542,
    "support": 926279.0,
    "iou": 0.794590477836116
  },
  "accuracy": 0.9264440615315083,
  "macro avg": {
    "precision": 0.909484113567897,
    "recall": 0.92289241884506,
    "f1-score": 0.915674739397081,
    "support": 2973696.0
  },
  "weighted avg": {
    "precision": 0.9284177469606041,
    "recall": 0.9264440615315083,
    "f1-score": 0.9270362357692071,
    "support": 2973696.0
  }
}