{
  "soil": {
    "precision": 0.9518196638259953,
    "recall": 0.9615665015112729,
    "f1-score": 0.9566682573493692,
    "support": 13901857.0,
    "iou": 0.916935829939297
  },
  "plant": {
    "precision": 0.8495002891424679,
    "recall": 0.8167493610716393,
    "f1-score": 0.8328029575857723,
    "support": 3692511.0,
    "iou": 0.7135067407840621
  },
  "accuracy": 0.931173884734024,
  "macro avg": {
    "precision": 0.9006599764842316,
    "recall": 0.8891579312914561,
    "f1-score": 0.8947356074675707,
    "support": 17594368.0
  },
  "weighted avg": {
    "precision": 0.9303460072256532,
    "recall": 0.931173884734024,
    "f1-score": 0.930672780734615,
    "support": 17594368.0
  }
}