{
  "soil": {
    "precision": 0.9568403038016822,
    "recall": 0.9658721208234571,
    "f1-score": 0.9613349991249732,
    "support": 2047417.0,
    "iou": 0.9255486593994151
  },
  "plant": {
    "precision": 0.9229574189621733,
    "recall": 0.9037007208411288,
    "f1-score": 0.9132275674873666,
    "support": 926279.0,
    "iou": 0.8403116790292254
  },
  "accuracy": 0.9465063005767906,
  "macro avg": {
    "precision": 0.9398988613819277,
    "recall": 0.9347864208322929,
    "f1-score": 0.9372812833061699,
    "support": 2973696.0
  },
  "weighted avg": {
    "precision": 0.9462860962813925,
    "recall": 0.9465063005767906,
    "f1-score": 0.9463499758845846,
    "support": 2973696.0
  }
}