{
  "soil": {
    "precision": 0.9761611727117228,
    "recall": 0.9736133812914347,
    "f1-score": 0.9748856123883269,
    "support": 13901857.0,
    "iou": 0.951001784941903
  },
  "plant": {
    "precision": 0.9016242512661597,
    "recall": 0.9104839498108469,
    "f1-score": 0.9060324422682476,
    "support": 3692511.0,
    "iou": 0.8282077798968993
  },
  "accuracy": 0.9603644757231405,
  "macro avg": {
    "precision": 0.9388927119889412,
    "recall": 0.9420486655511409,
    "f1-score": 0.9404590273282873,
    "support": 17594368.0
  },
  "weighted avg": {
    "precision": 0.9605181895512093,
    "recall": 0.9603644757231405,
    "f1-score": 0.9604354719767325,
    "support": 17594368.0
  }
}