{
  "soil": {
    "precision": 0.9563910439628384,
    "recall": 0.9519022705770577,
    "f1-score": 0.9541413779225973,
    "support": 1998743.0,
    "iou": 0.9123043571868
  },
  "plant": {
    "precision": 0.9023349797934441,
    "recall": 0.9110172490366202,
    "f1-score": 0.9066553292090439,
    "support": 974953.0,
    "iou": 0.8292493240518053
  },
  "accuracy": 0.9384977482567148,
  "macro avg": {
    "precision": 0.9293630118781413,
    "recall": 0.9314597598068389,
    "f1-score": 0.9303983535658207,
    "support": 2973696.0
  },
  "weighted avg": {
    "precision": 0.9386682767633184,
    "recall": 0.9384977482567148,
    "f1-score": 0.9385726494273426,
    "support": 2973696.0
  }
}