{
  "soil": {
    "precision": 0.9558163347253453,
    "recall": 0.9527448001068671,
    "f1-score": 0.9542780958356207,
    "support": 1998743.0,
    "iou": 0.9125543722813859
  },
  "plant": {
    "precision": 0.9037565622146864,
    "recall": 0.9097105193788829,
    "f1-score": 0.9067237668101837,
    "support": 974953.0,
    "iou": 0.8293638325646809
  },
  "accuracy": 0.9386356238162878,
  "macro avg": {
    "precision": 0.9297864484700158,
    "recall": 0.931227659742875,
    "f1-score": 0.9305009313229022,
    "support": 2973696.0
  },
  "weighted avg": {
    "precision": 0.938748069714872,
    "recall": 0.9386356238162878,
    "f1-score": 0.9386869810255202,
    "support": 2973696.0
  },
  "inference_time_seconds": 0.3887185549997412
}