{
  "soil": {
    "precision": 0.7058605214614135,
    "recall": 0.6413420834994794,
    "f1-score": 0.6720563868078818,
    "support": 1998743.0,
    "iou": 0.5060880448021351
  },
  "plant": {
    "precision": 0.38075629337465855,
    "recall": 0.452104870696331,
    "f1-score": 0.41337447874635597,
    "support": 974953.0,
    "iou": 0.26053688990186885
  },
  "accuracy": 0.5792989599474863,
  "macro avg": {
    "precision": 0.5433084074180361,
    "recall": 0.5467234770979053,
    "f1-score": 0.5427154327771189,
    "support": 2973696.0
  },
  "weighted avg": {
    "precision": 0.5992721740022697,
    "recall": 0.5792989599474863,
    "f1-score": 0.5872451948399372,
    "support": 2973696.0
  },
  "inference_time_seconds": 0.02565718599998945
}