{
  "soil": {
    "precision": 0.9479118714929581,
    "recall": 0.9406026687773266,
    "f1-score": 0.9442431255672296,
    "support": 1998743.0,
    "iou": 0.8943755408408264
  },
  "plant": {
    "precision": 0.8801250044175633,
    "recall": 0.8940379690097882,
    "f1-score": 0.8870269340635968,
    "support": 974953.0,
    "iou": 0.7969886794316035
  },
  "accuracy": 0.925336012827135,
  "macro avg": {
    "precision": 0.9140184379552607,
    "recall": 0.9173203188935574,
    "f1-score": 0.9156350298154132,
    "support": 2973696.0
  },
  "weighted avg": {
    "precision": 0.9256873369689995,
    "recall": 0.925336012827135,
    "f1-score": 0.9254842821767009,
    "support": 2973696.0
  },
  "inference_time_seconds": 0.4480104690001099
}