{
  "soil": {
    "precision": 0.9485366224089383,
    "recall": 0.9547752118889312,
    "f1-score": 0.9516456928656621,
    "support": 2047417.0,
    "iou": 0.9077519750617258
  },
  "plant": {
    "precision": 0.8985619179393808,
    "recall": 0.8854988615741045,
    "f1-score": 0.8919825653094027,
    "support": 926279.0,
    "iou": 0.8050257490383983
  },
  "accuracy": 0.9331962648502066,
  "macro avg": {
    "precision": 0.9235492701741596,
    "recall": 0.9201370367315178,
    "f1-score": 0.9218141290875324,
    "support": 2973696.0
  },
  "weighted avg": {
    "precision": 0.9329699608263967,
    "recall": 0.9331962648502066,
    "f1-score": 0.9330611764491608,
    "support": 2973696.0
  }
}