{
  "soil": {
    "precision": 0.9474392940540176,
    "recall": 0.941285597998342,
    "f1-score": 0.9443524212800388,
    "support": 1998743.0,
    "iou": 0.8945716736499556
  },
  "plant": {
    "precision": 0.8812118206157288,
    "recall": 0.8929456086601097,
    "f1-score": 0.8870399126185499,
    "support": 974953.0,
    "iou": 0.7970096346451734
  },
  "accuracy": 0.9254368973829201,
  "macro avg": {
    "precision": 0.9143255573348732,
    "recall": 0.9171156033292258,
    "f1-score": 0.9156961669492943,
    "support": 2973696.0
  },
  "weighted avg": {
    "precision": 0.9257260207701716,
    "recall": 0.9254368973829201,
    "f1-score": 0.9255619994423511,
    "support": 2973696.0
  }
}