{
  "soil": {
    "precision": 0.9709781439044842,
    "recall": 0.9631572961799276,
    "f1-score": 0.9670519078974452,
    "support": 13901857.0,
    "iou": 0.9362057157480406
  },
  "plant": {
    "precision": 0.8653741570803932,
    "recall": 0.8916163012107479,
    "f1-score": 0.8782992547948538,
    "support": 3692511.0,
    "iou": 0.783006749838811
  },
  "accuracy": 0.948143064871668,
  "macro avg": {
    "precision": 0.9181761504924387,
    "recall": 0.9273867986953377,
    "f1-score": 0.9226755813461496,
    "support": 17594368.0
  },
  "weighted avg": {
    "precision": 0.9488151493034953,
    "recall": 0.948143064871668,
    "f1-score": 0.948425484495337,
    "support": 17594368.0
  }
}