{
  "soil": {
    "precision": 0.8277211847416149,
    "recall": 0.9850606105937582,
    "f1-score": 0.8995628020327946,
    "support": 1998743.0,
    "iou": 0.8174594640153221
  },
  "plant": {
    "precision": 0.9498165598629955,
    "recall": 0.5796761484912606,
    "f1-score": 0.7199589801079002,
    "support": 974953.0,
    "iou": 0.5624499284941576
  },
  "accuracy": 0.8521516658057852,
  "macro avg": {
    "precision": 0.8887688723023053,
    "recall": 0.7823683795425094,
    "f1-score": 0.8097608910703473,
    "support": 2973696.0
  },
  "weighted avg": {
    "precision": 0.867751252462295,
    "recall": 0.8521516658057852,
    "f1-score": 0.8406780723909142,
    "support": 2973696.0
  }
}