{
  "soil": {
    "precision": 0.8596913468717081,
    "recall": 0.9853625324005808,
    "f1-score": 0.9182470519185941,
    "support": 2047417.0,
    "iou": 0.8488509816841217
  },
  "plant": {
    "precision": 0.952201332091409,
    "recall": 0.6445304276573257,
    "f1-score": 0.7687236482166896,
    "support": 926279.0,
    "iou": 0.6243307175544419
  },
  "accuracy": 0.8791964612388086,
  "macro avg": {
    "precision": 0.9059463394815586,
    "recall": 0.8149464800289532,
    "f1-score": 0.8434853500676418,
    "support": 2973696.0
  },
  "weighted avg": {
    "precision": 0.8885073578557896,
    "recall": 0.8791964612388086,
    "f1-score": 0.8716718845653755,
    "support": 2973696.0
  }
}