{
  "soil": {
    "precision": 0.8256257062058064,
    "recall": 0.9852212115314475,
    "f1-score": 0.8983906376315968,
    "support": 1998743.0,
    "iou": 0.8155256012894655
  },
  "plant": {
    "precision": 0.9498140474455097,
    "recall": 0.573414308176907,
    "f1-score": 0.7151087529356385,
    "support": 974953.0,
    "iou": 0.5565519685572409
  },
  "accuracy": 0.8502066115702479,
  "macro avg": {
    "precision": 0.887719876825658,
    "recall": 0.7793177598541772,
    "f1-score": 0.8067496952836176,
    "support": 2973696.0
  },
  "weighted avg": {
    "precision": 0.8663419717072808,
    "recall": 0.8502066115702479,
    "f1-score": 0.8383000220037792,
    "support": 2973696.0
  },
  "inference_time_seconds": 0.47385206599983576
}