{
  "soil": {
    "precision": 0.9299232373292978,
    "recall": 0.9851850727568267,
    "f1-score": 0.9567568449278234,
    "support": 13901857.0,
    "iou": 0.9170986076219502
  },
  "plant": {
    "precision": 0.9281479470941705,
    "recall": 0.7204910154634611,
    "f1-score": 0.8112416024243138,
    "support": 3692511.0,
    "iou": 0.6824276523124737
  },
  "accuracy": 0.9296340169763415,
  "macro avg": {
    "precision": 0.9290355922117342,
    "recall": 0.8528380441101439,
    "f1-score": 0.8839992236760685,
    "support": 17594368.0
  },
  "weighted avg": {
    "precision": 0.9295506590859985,
    "recall": 0.9296340169763415,
    "f1-score": 0.9262177182247855,
    "support": 17594368.0
  }
}