{
  "soil": {
    "precision": 0.9320040740510709,
    "recall": 0.9876760349354766,
    "f1-score": 0.9590327931130558,
    "support": 13901857.0,
    "iou": 0.9212901105512088
  },
  "plant": {
    "precision": 0.9401398202650288,
    "recall": 0.7287119794632975,
    "f1-score": 0.8210329395445712,
    "support": 3692511.0,
    "iou": 0.6964002363453737
  },
  "accuracy": 0.9333275284454662,
  "macro avg": {
    "precision": 0.9360719471580499,
    "recall": 0.858194007199387,
    "f1-score": 0.8900328663288135,
    "support": 17594368.0
  },
  "weighted avg": {
    "precision": 0.9337115143176521,
    "recall": 0.9333275284454662,
    "f1-score": 0.9300709129648164,
    "support": 17594368.0
  }
}