{
  "soil": {
    "precision": 0.8637156736181136,
    "recall": 0.9852389620678152,
    "f1-score": 0.9204837342929411,
    "support": 2047417.0,
    "iou": 0.8526816719061152
  },
  "plant": {
    "precision": 0.9526457550872673,
    "recall": 0.6563778300058621,
    "f1-score": 0.7772360321894036,
    "support": 926279.0,
    "iou": 0.6356386454379034
  },
  "accuracy": 0.8828017389807162,
  "macro avg": {
    "precision": 0.9081807143526905,
    "recall": 0.8208083960368386,
    "f1-score": 0.8488598832411723,
    "support": 2973696.0
  },
  "weighted avg": {
    "precision": 0.891416577454002,
    "recall": 0.8828017389807162,
    "f1-score": 0.875863390365128,
    "support": 2973696.0
  }
}