{
  "soil": {
    "precision": 0.8237524559108028,
    "recall": 0.9846463502311202,
    "f1-score": 0.8970420091538573,
    "support": 1998743.0,
    "iou": 0.813305689426743
  },
  "plant": {
    "precision": 0.9475025745772048,
    "recall": 0.5681032829274847,
    "f1-score": 0.7103157071268952,
    "support": 974953.0,
    "iou": 0.5507671226610689
  },
  "accuracy": 0.8480789562887396,
  "macro avg": {
    "precision": 0.8856275152440038,
    "recall": 0.7763748165793025,
    "f1-score": 0.8036788581403762,
    "support": 2973696.0
  },
  "weighted avg": {
    "precision": 0.864325046197155,
    "recall": 0.8480789562887396,
    "f1-score": 0.8358221103006818,
    "support": 2973696.0
  }
}