{
  "soil": {
    "precision": 0.9380745553291615,
    "recall": 0.6472608034149463,
    "f1-score": 0.7659942572989411,
    "support": 1998743.0,
    "iou": 0.6207380004750149
  },
  "plant": {
    "precision": 0.5578570237039583,
    "recall": 0.9124039825509538,
    "f1-score": 0.6923817852151689,
    "support": 974953.0,
    "iou": 0.5294984249887499
  },
  "accuracy": 0.7341903812629132,
  "macro avg": {
    "precision": 0.7479657895165599,
    "recall": 0.77983239298295,
    "f1-score": 0.729188021257055,
    "support": 2973696.0
  },
  "weighted avg": {
    "precision": 0.8134168152270841,
    "recall": 0.7341903812629132,
    "f1-score": 0.7418597457363973,
    "support": 2973696.0
  },
  "inference_time_seconds": 2.719763541012071
}