{
  "soil": {
    "precision": 0.9376093997181653,
    "recall": 0.646139098423359,
    "f1-score": 0.7650534070505245,
    "support": 1998743.0,
    "iou": 0.6195032331101176
  },
  "plant": {
    "precision": 0.5569253263655232,
    "recall": 0.9118552381499416,
    "f1-score": 0.6915059858138817,
    "support": 974953.0,
    "iou": 0.5284747032213193
  },
  "accuracy": 0.7332565265581956,
  "macro avg": {
    "precision": 0.7472673630418443,
    "recall": 0.7789971682866503,
    "f1-score": 0.7282796964322031,
    "support": 2973696.0
  },
  "weighted avg": {
    "precision": 0.8127986997113797,
    "recall": 0.7332565265581956,
    "f1-score": 0.7409402229937384,
    "support": 2973696.0
  },
  "inference_time_seconds": 2.2611103709999725
}