{
  "soil": {
    "precision": 0.7013459236066568,
    "recall": 0.6641284047023555,
    "f1-score": 0.6822299617543309,
    "support": 1998743.0,
    "iou": 0.5177154905286625
  },
  "plant": {
    "precision": 0.3789918391738158,
    "recall": 0.4202223081522904,
    "f1-score": 0.3985435592233548,
    "support": 974953.0,
    "iou": 0.24886319045310804
  },
  "accuracy": 0.5841615955363292,
  "macro avg": {
    "precision": 0.5401688813902363,
    "recall": 0.542175356427323,
    "f1-score": 0.5403867604888428,
    "support": 2973696.0
  },
  "weighted avg": {
    "precision": 0.5956592354986419,
    "recall": 0.5841615955363292,
    "f1-score": 0.5892208212077577,
    "support": 2973696.0
  },
  "inference_time_seconds": 0.03621866705361754
}