{
  "soil": {
    "precision": 0.7335504766560743,
    "recall": 0.6005684572753975,
    "f1-score": 0.6604317904412563,
    "support": 1998743.0,
    "iou": 0.4930184112526856
  },
  "plant": {
    "precision": 0.40300352352807456,
    "recall": 0.552780493008381,
    "f1-score": 0.46615654282908114,
    "support": 974953.0,
    "iou": 0.3039140276341359
  },
  "accuracy": 0.5849007430483816,
  "macro avg": {
    "precision": 0.5682770000920745,
    "recall": 0.5766744751418893,
    "f1-score": 0.5632941666351687,
    "support": 2973696.0
  },
  "weighted avg": {
    "precision": 0.6251776828018932,
    "recall": 0.5849007430483816,
    "f1-score": 0.5967369018294973,
    "support": 2973696.0
  },
  "inference_time_seconds": 1.653901958023198
}