{
  "soil": {
    "precision": 0.7396815183366997,
    "recall": 0.5912450975438063,
    "f1-score": 0.6571858526865582,
    "support": 1998743.0,
    "iou": 0.4894093899750646
  },
  "plant": {
    "precision": 0.40627577571503426,
    "recall": 0.5734194366292529,
    "f1-score": 0.4755895986654224,
    "support": 974953.0,
    "iou": 0.31198265129197317
  },
  "accuracy": 0.5854007941632231,
  "macro avg": {
    "precision": 0.572978647025867,
    "recall": 0.5823322670865296,
    "f1-score": 0.5663877256759903,
    "support": 2973696.0
  },
  "weighted avg": {
    "precision": 0.6303714446149,
    "recall": 0.5854007941632231,
    "f1-score": 0.5976478862479349,
    "support": 2973696.0
  },
  "inference_time_seconds": 0.8407806449999953
}