{
  "soil": {
    "precision": 0.9607122871625309,
    "recall": 0.20700460239260376,
    "f1-score": 0.34061657717999255,
    "support": 1998743.0,
    "iou": 0.20526695186645783
  },
  "plant": {
    "precision": 0.3767293858854035,
    "recall": 0.9826453172614474,
    "f1-score": 0.544649486352964,
    "support": 974953.0,
    "iou": 0.37423938854984107
  },
  "accuracy": 0.4613053923467631,
  "macro avg": {
    "precision": 0.6687208365239672,
    "recall": 0.5948249598270257,
    "f1-score": 0.4426330317664783,
    "support": 2973696.0
  },
  "weighted avg": {
    "precision": 0.7692482365168566,
    "recall": 0.4613053923467631,
    "f1-score": 0.40751060296370273,
    "support": 2973696.0
  },
  "inference_time_seconds": 0.06372469899997668
}