{
  "soil": {
    "precision": 0.7327830745149706,
    "recall": 0.6199881625601691,
    "f1-score": 0.6716831633795198,
    "support": 1998743.0,
    "iou": 0.505664872161392
  },
  "plant": {
    "precision": 0.4078135805578144,
    "recall": 0.5365048366434074,
    "f1-score": 0.4633902176060412,
    "support": 974953.0,
    "iou": 0.30156661952529235
  },
  "accuracy": 0.5926174027203857,
  "macro avg": {
    "precision": 0.5702983275363925,
    "recall": 0.5782464996017882,
    "f1-score": 0.5675366904927805,
    "support": 2973696.0
  },
  "weighted avg": {
    "precision": 0.6262389008529651,
    "recall": 0.5926174027203857,
    "f1-score": 0.6033924462515113,
    "support": 2973696.0
  },
  "inference_time_seconds": 0.8347801630000049
}