{
  "soil": {
    "precision": 0.7294298835557036,
    "recall": 0.6156249202623849,
    "f1-score": 0.667712888168255,
    "support": 1998743.0,
    "iou": 0.5011779234659298
  },
  "plant": {
    "precision": 0.40296084457897335,
    "recall": 0.5318492276037922,
    "f1-score": 0.45851969361750294,
    "support": 974953.0,
    "iou": 0.2974541365977903
  },
  "accuracy": 0.5881583053546832,
  "macro avg": {
    "precision": 0.5661953640673385,
    "recall": 0.5737370739330885,
    "f1-score": 0.563116290892879,
    "support": 2973696.0
  },
  "weighted avg": {
    "precision": 0.622394070561544,
    "recall": 0.5881583053546832,
    "f1-score": 0.599127016375429,
    "support": 2973696.0
  },
  "inference_time_seconds": 1.593123666010797
}