{
  "soil": {
    "precision": 0.9563556292112868,
    "recall": 0.9521909520133404,
    "f1-score": 0.9542687467001205,
    "support": 1998743.0,
    "iou": 0.9125372735001057
  },
  "plant": {
    "precision": 0.9028543486194883,
    "recall": 0.9109146799897021,
    "f1-score": 0.9068666043775944,
    "support": 974953.0,
    "iou": 0.8296028718994948
  },
  "accuracy": 0.9386581547004132,
  "macro avg": {
    "precision": 0.9296049889153876,
    "recall": 0.9315528160015212,
    "f1-score": 0.9305676755388574,
    "support": 2973696.0
  },
  "weighted avg": {
    "precision": 0.938814752801319,
    "recall": 0.9386581547004132,
    "f1-score": 0.9387275276704101,
    "support": 2973696.0
  }
}