{
  "soil": {
    "precision": 0.956804417751736,
    "recall": 0.951131786327707,
    "f1-score": 0.9539596691719966,
    "support": 1998743.0,
    "iou": 0.9119721688138741
  },
  "plant": {
    "precision": 0.9010187443694435,
    "recall": 0.91197011548249,
    "f1-score": 0.9064613540114062,
    "support": 974953.0,
    "iou": 0.8289248462654341
  },
  "accuracy": 0.9382922800447658,
  "macro avg": {
    "precision": 0.9289115810605897,
    "recall": 0.9315509509050985,
    "f1-score": 0.9302105115917014,
    "support": 2973696.0
  },
  "weighted avg": {
    "precision": 0.9385145826034604,
    "recall": 0.9382922800447658,
    "f1-score": 0.9383869190116698,
    "support": 2973696.0
  }
}