{
  "soil": {
    "precision": 0.952062124849344,
    "recall": 0.9595790954614976,
    "f1-score": 0.9558058310099976,
    "support": 1998743.0,
    "iou": 0.9153525842176474
  },
  "plant": {
    "precision": 0.9157700600100921,
    "recall": 0.9009470200101953,
    "f1-score": 0.9082980676016287,
    "support": 974953.0,
    "iou": 0.8320018868210475
  },
  "accuracy": 0.9403560417742769,
  "macro avg": {
    "precision": 0.9339160924297181,
    "recall": 0.9302630577358464,
    "f1-score": 0.9320519493058131,
    "support": 2973696.0
  },
  "weighted avg": {
    "precision": 0.9401634447249388,
    "recall": 0.9403560417742769,
    "f1-score": 0.9402299831565926,
    "support": 2973696.0
  },
  "inference_time_seconds": 0.7661655919998793
}