{
  "soil": {
    "precision": 0.9761346230593987,
    "recall": 0.9775290452203615,
    "f1-score": 0.9768313365073565,
    "support": 13901857.0,
    "iou": 0.9547119369087088
  },
  "plant": {
    "precision": 0.9149421181206387,
    "recall": 0.910021391947106,
    "f1-score": 0.9124751210529896,
    "support": 3692511.0,
    "iou": 0.839038387734622
  },
  "accuracy": 0.9633612869754685,
  "macro avg": {
    "precision": 0.9455383705900187,
    "recall": 0.9437752185837338,
    "f1-score": 0.944653228780173,
    "support": 17594368.0
  },
  "weighted avg": {
    "precision": 0.9632922181714297,
    "recall": 0.9633612869754685,
    "f1-score": 0.9633249671121261,
    "support": 17594368.0
  },
  "inference_time_seconds": 6.913606374000665
}