{
  "soil": {
    "precision": 0.9517409493201606,
    "recall": 0.9600939190281091,
    "f1-score": 0.9558991867553601,
    "support": 1998743.0,
    "iou": 0.915523840829905
  },
  "plant": {
    "precision": 0.9166899064247225,
    "recall": 0.9001962145867545,
    "f1-score": 0.9083681956401589,
    "support": 974953.0,
    "iou": 0.8321195773265764
  },
  "accuracy": 0.9404559174845041,
  "macro avg": {
    "precision": 0.9342154278724415,
    "recall": 0.9301450668074318,
    "f1-score": 0.9321336911977596,
    "support": 2973696.0
  },
  "weighted avg": {
    "precision": 0.940249149410541,
    "recall": 0.9404559174845041,
    "f1-score": 0.9403157234891961,
    "support": 2973696.0
  },
  "inference_time_seconds": 1.1976559409995389
}