{
  "soil": {
    "precision": 0.9761701277912086,
    "recall": 0.9740353393075472,
    "f1-score": 0.9751015651284226,
    "support": 13901857.0,
    "iou": 0.9514128736576766
  },
  "plant": {
    "precision": 0.9030444708216389,
    "recall": 0.9104796167161046,
    "f1-score": 0.9067468023406349,
    "support": 3692511.0,
    "iou": 0.8294023784078226
  },
  "accuracy": 0.9606969684844605,
  "macro avg": {
    "precision": 0.9396072993064237,
    "recall": 0.9422574780118258,
    "f1-score": 0.9409241837345288,
    "support": 17594368.0
  },
  "weighted avg": {
    "precision": 0.9608233251812848,
    "recall": 0.9606969684844605,
    "f1-score": 0.960756024925086,
    "support": 17594368.0
  }
}