{
  "soil": {
    "precision": 0.9566747327211653,
    "recall": 0.9650989515081686,
    "f1-score": 0.9608683780617054,
    "support": 2047417.0,
    "iou": 0.924683993611315
  },
  "plant": {
    "precision": 0.9213245251857969,
    "recall": 0.9033919585783549,
    "f1-score": 0.9122701249203474,
    "support": 926279.0,
    "iou": 0.8386917982311954
  },
  "accuracy": 0.9458777897942493,
  "macro avg": {
    "precision": 0.9389996289534811,
    "recall": 0.9342454550432617,
    "f1-score": 0.9365692514910264,
    "support": 2973696.0
  },
  "weighted avg": {
    "precision": 0.9456634676538372,
    "recall": 0.9458777897942493,
    "f1-score": 0.9457304684295427,
    "support": 2973696.0
  }
}