{
  "soil": {
    "precision": 0.9565497930539453,
    "recall": 0.9659077755044527,
    "f1-score": 0.9612060082666158,
    "support": 2047417.0,
    "iou": 0.9253095569629729
  },
  "plant": {
    "precision": 0.9229781219068931,
    "recall": 0.9030195006040297,
    "f1-score": 0.912889734836248,
    "support": 926279.0,
    "iou": 0.8397397799373544
  },
  "accuracy": 0.9463186553030303,
  "macro avg": {
    "precision": 0.9397639574804192,
    "recall": 0.9344636380542413,
    "f1-score": 0.9370478715514319,
    "support": 2973696.0
  },
  "weighted avg": {
    "precision": 0.9460925257413416,
    "recall": 0.9463186553030303,
    "f1-score": 0.946155932725334,
    "support": 2973696.0
  }
}