{
  "soil": {
    "precision": 0.952506121135255,
    "recall": 0.9713155649288836,
    "f1-score": 0.9618188918968917,
    "support": 2047417.0,
    "iou": 0.9264461512445162
  },
  "plant": {
    "precision": 0.9337030732134632,
    "recall": 0.8929480210606092,
    "f1-score": 0.9128708970177035,
    "support": 926279.0,
    "iou": 0.8397079008495363
  },
  "accuracy": 0.9469047945721418,
  "macro avg": {
    "precision": 0.9431045971743591,
    "recall": 0.9321317929947464,
    "f1-score": 0.9373448944572976,
    "support": 2973696.0
  },
  "weighted avg": {
    "precision": 0.9466491443541888,
    "recall": 0.9469047945721418,
    "f1-score": 0.9465720409246675,
    "support": 2973696.0
  },
  "inference_time_seconds": 1.1534122089997254
}