{
  "soil": {
    "precision": 0.9741440532546061,
    "recall": 0.9735730989032616,
    "f1-score": 0.9738584923940746,
    "support": 13901857.0,
    "iou": 0.9490489227613145
  },
  "plant": {
    "precision": 0.9007249789834729,
    "recall": 0.9027125443905245,
    "f1-score": 0.9017176664407826,
    "support": 3692511.0,
    "iou": 0.8210253765246087
  },
  "accuracy": 0.9587016708983238,
  "macro avg": {
    "precision": 0.9374345161190395,
    "recall": 0.938142821646893,
    "f1-score": 0.9377880794174286,
    "support": 17594368.0
  },
  "weighted avg": {
    "precision": 0.9587356714726645,
    "recall": 0.9587016708983238,
    "f1-score": 0.9587183752053461,
    "support": 17594368.0
  }
}