{
  "soil": {
    "precision": 0.9811731145163859,
    "recall": 0.43468219776129297,
    "f1-score": 0.6024605510236347,
    "support": 1998743.0,
    "iou": 0.4310866154546907
  },
  "plant": {
    "precision": 0.45890182343034,
    "recall": 0.9829007141882737,
    "f1-score": 0.6256819754763056,
    "support": 974953.0,
    "iou": 0.45526724114176687
  },
  "accuracy": 0.6144205729166666,
  "macro avg": {
    "precision": 0.720037468973363,
    "recall": 0.7087914559747833,
    "f1-score": 0.6140712632499701,
    "support": 2973696.0
  },
  "weighted avg": {
    "precision": 0.8099417707414291,
    "recall": 0.6144205729166666,
    "f1-score": 0.6100739040477519,
    "support": 2973696.0
  },
  "inference_time_seconds": 4.769733978999966
}