{
  "soil": {
    "precision": 0.9804154773231842,
    "recall": 0.433047170146437,
    "f1-score": 0.6007461870784219,
    "support": 1998743.0,
    "iou": 0.4293332500013641
  },
  "plant": {
    "precision": 0.45802436896658594,
    "recall": 0.9822658117878503,
    "f1-score": 0.6247375488818775,
    "support": 974953.0,
    "iou": 0.45426787328771345
  },
  "accuracy": 0.6131134453555441,
  "macro avg": {
    "precision": 0.719219923144885,
    "recall": 0.7076564909671437,
    "f1-score": 0.6127418679801497,
    "support": 2973696.0
  },
  "weighted avg": {
    "precision": 0.8091448503775951,
    "recall": 0.6131134453555441,
    "f1-score": 0.6086119709932418,
    "support": 2973696.0
  },
  "inference_time_seconds": 5.5221546669490635
}