{
  "soil": {
    "precision": 0.89941436036694,
    "recall": 0.9574702700647357,
    "f1-score": 0.9275347497711136,
    "support": 1998743.0,
    "iou": 0.8648622876807975
  },
  "plant": {
    "precision": 0.8995126114592458,
    "recall": 0.7804796744048175,
    "f1-score": 0.8357792068713651,
    "support": 974953.0,
    "iou": 0.7178872012974087
  },
  "accuracy": 0.8994423101756198,
  "macro avg": {
    "precision": 0.8994634859130929,
    "recall": 0.8689749722347766,
    "f1-score": 0.8816569783212393,
    "support": 2973696.0
  },
  "weighted avg": {
    "precision": 0.899446572871916,
    "recall": 0.8994423101756198,
    "f1-score": 0.8974518691347814,
    "support": 2973696.0
  },
  "inference_time_seconds": 0.0072579420000238315
}