{
  "soil": {
    "precision": 0.8921927162648348,
    "recall": 0.9636938402144761,
    "f1-score": 0.9265659282318618,
    "support": 1998917.0,
    "iou": 0.8631791673107988
  },
  "plant": {
    "precision": 0.9109078990012079,
    "recall": 0.7612094638887379,
    "f1-score": 0.8293577099783555,
    "support": 974779.0,
    "iou": 0.7084638211413163
  },
  "accuracy": 0.8973193628400482,
  "macro avg": {
    "precision": 0.9015503076330214,
    "recall": 0.862451652051607,
    "f1-score": 0.8779618191051086,
    "support": 2973696.0
  },
  "weighted avg": {
    "precision": 0.8983275622990557,
    "recall": 0.8973193628400482,
    "f1-score": 0.8947010268495637,
    "support": 2973696.0
  },
  "inference_time_seconds": 0.006778875016607344
}