{
  "soil": {
    "precision": 0.9076175459808615,
    "recall": 0.976723842773602,
    "f1-score": 0.9409034929335583,
    "support": 2047417.0,
    "iou": 0.8884020357500164
  },
  "plant": {
    "precision": 0.9381402617901629,
    "recall": 0.7802530339131083,
    "f1-score": 0.8519432510916992,
    "support": 926279.0,
    "iou": 0.7420741630601632
  },
  "accuracy": 0.9155249897770317,
  "macro avg": {
    "precision": 0.9228789038855122,
    "recall": 0.8784884383433551,
    "f1-score": 0.8964233720126288,
    "support": 2973696.0
  },
  "weighted avg": {
    "precision": 0.917125091700775,
    "recall": 0.9155249897770317,
    "f1-score": 0.9131931944184998,
    "support": 2973696.0
  }
}