{
  "soil": {
    "precision": 0.943457614312334,
    "recall": 0.9801169728619709,
    "f1-score": 0.9614379677595418,
    "support": 13901857.0,
    "iou": 0.9257395686663618
  },
  "plant": {
    "precision": 0.912315474085083,
    "recall": 0.7788531977291334,
    "f1-score": 0.8403181021165415,
    "support": 3692511.0,
    "iou": 0.7246108641086925
  },
  "accuracy": 0.9378779618568851,
  "macro avg": {
    "precision": 0.9278865441987085,
    "recall": 0.8794850852955521,
    "f1-score": 0.9008780349380416,
    "support": 17594368.0
  },
  "weighted avg": {
    "precision": 0.9369218469944816,
    "recall": 0.9378779618568851,
    "f1-score": 0.9360186724370102,
    "support": 17594368.0
  }
}