{
  "soil": {
    "precision": 0.8857600058355026,
    "recall": 0.9720549365276075,
    "f1-score": 0.9269032847329084,
    "support": 1998743.0,
    "iou": 0.8637649072499528
  },
  "plant": {
    "precision": 0.9284117678723857,
    "recall": 0.7429804308515385,
    "f1-score": 0.8254098299945476,
    "support": 974953.0,
    "iou": 0.702721554353478
  },
  "accuracy": 0.8969507979295799,
  "macro avg": {
    "precision": 0.9070858868539442,
    "recall": 0.857517683689573,
    "f1-score": 0.876156557363728,
    "support": 2973696.0
  },
  "weighted avg": {
    "precision": 0.8997437699301327,
    "recall": 0.8969507979295799,
    "f1-score": 0.8936277420488111,
    "support": 2973696.0
  }
}