{
  "soil": {
    "precision": 0.8828417528952082,
    "recall": 0.9704844494764959,
    "f1-score": 0.9245908156232214,
    "support": 1998743.0,
    "iou": 0.8597572245573117
  },
  "plant": {
    "precision": 0.9240287895782654,
    "recall": 0.7359708621851515,
    "f1-score": 0.8193474790520495,
    "support": 974953.0,
    "iou": 0.6939785114710909
  },
  "accuracy": 0.8935970590134298,
  "macro avg": {
    "precision": 0.9034352712367368,
    "recall": 0.8532276558308237,
    "f1-score": 0.8719691473376354,
    "support": 2973696.0
  },
  "weighted avg": {
    "precision": 0.8963452935985138,
    "recall": 0.8935970590134298,
    "f1-score": 0.890085840427346,
    "support": 2973696.0
  },
  "inference_time_seconds": 0.319145884000136
}