{
  "soil": {
    "precision": 0.7188811775982441,
    "recall": 0.6082577900210282,
    "f1-score": 0.6589589892880973,
    "support": 1998743.0,
    "iou": 0.49137870059490824
  },
  "plant": {
    "precision": 0.3894918227714859,
    "recall": 0.5123662371416878,
    "f1-score": 0.44255846568604434,
    "support": 974953.0,
    "iou": 0.2841573541834358
  },
  "accuracy": 0.5768188812844353,
  "macro avg": {
    "precision": 0.554186500184865,
    "recall": 0.560312013581358,
    "f1-score": 0.5507587274870708,
    "support": 2973696.0
  },
  "weighted avg": {
    "precision": 0.6108879127667306,
    "recall": 0.5768188812844353,
    "f1-score": 0.5880101297922401,
    "support": 2973696.0
  },
  "inference_time_seconds": 0.7888374899999917
}