{
  "soil": {
    "precision": 0.72175276038118,
    "recall": 0.6190235563051378,
    "f1-score": 0.6664526438062601,
    "support": 1998743.0,
    "iou": 0.49975926292447076
  },
  "plant": {
    "precision": 0.39538683859493107,
    "recall": 0.5107589801764802,
    "f1-score": 0.4457282134342526,
    "support": 974953.0,
    "iou": 0.2867762364902181
  },
  "accuracy": 0.5835280405259986,
  "macro avg": {
    "precision": 0.5585697994880555,
    "recall": 0.564891268240809,
    "f1-score": 0.5560904286202564,
    "support": 2973696.0
  },
  "weighted avg": {
    "precision": 0.6147507552860834,
    "recall": 0.5835280405259986,
    "f1-score": 0.5940861525561526,
    "support": 2973696.0
  },
  "inference_time_seconds": 1.5656976669561118
}