{
  "soil": {
    "precision": 0.9612139695255869,
    "recall": 0.21130430475553885,
    "f1-score": 0.3464485867846151,
    "support": 1998743.0,
    "iou": 0.20951788013106556
  },
  "plant": {
    "precision": 0.3779768939171238,
    "recall": 0.9825201830242073,
    "f1-score": 0.5459327083969744,
    "support": 974953.0,
    "iou": 0.37545216204892073
  },
  "accuracy": 0.464154372202135,
  "macro avg": {
    "precision": 0.6695954317213554,
    "recall": 0.5969122438898731,
    "f1-score": 0.44619064759079474,
    "support": 2973696.0
  },
  "weighted avg": {
    "precision": 0.7699944445386017,
    "recall": 0.464154372202135,
    "f1-score": 0.4118512516226935,
    "support": 2973696.0
  },
  "inference_time_seconds": 0.05758175009395927
}