{
  "soil": {
    "precision": 0.7522862213813598,
    "recall": 0.9899176632513534,
    "f1-score": 0.8548958304303426,
    "support": 1998743.0,
    "iou": 0.7465659921154787
  },
  "plant": {
    "precision": 0.9413490418868891,
    "recall": 0.3317493253520939,
    "f1-score": 0.49060138258459135,
    "support": 974953.0,
    "iou": 0.32503102687656077
  },
  "accuracy": 0.774131249461949,
  "macro avg": {
    "precision": 0.8468176316341245,
    "recall": 0.6608334943017237,
    "f1-score": 0.6727486065074669,
    "support": 2973696.0
  },
  "weighted avg": {
    "precision": 0.814272168848864,
    "recall": 0.774131249461949,
    "f1-score": 0.7354586166699049,
    "support": 2973696.0
  },
  "inference_time_seconds": 0.0075598330004140735
}