{
  "soil": {
    "precision": 0.7528220358683622,
    "recall": 0.9899556871493734,
    "f1-score": 0.8552558894645345,
    "support": 1998743.0,
    "iou": 0.7471153435893021
  },
  "plant": {
    "precision": 0.9418698586704424,
    "recall": 0.3336437756486723,
    "f1-score": 0.4927411316684794,
    "support": 974953.0,
    "iou": 0.3269120799494286
  },
  "accuracy": 0.7747779194645317,
  "macro avg": {
    "precision": 0.8473459472694023,
    "recall": 0.6617997313990229,
    "f1-score": 0.673998510566507,
    "support": 2973696.0
  },
  "weighted avg": {
    "precision": 0.8148030662037953,
    "recall": 0.7747779194645317,
    "f1-score": 0.736402163105977,
    "support": 2973696.0
  },
  "inference_time_seconds": 0.0073296670000218
}