{
  "soil": {
    "precision": 0.9593005616409861,
    "recall": 0.94599005474941,
    "f1-score": 0.9525988140823874,
    "support": 1998743.0,
    "iou": 0.9094880041097432
  },
  "plant": {
    "precision": 0.8923371823282663,
    "recall": 0.917720136252722,
    "f1-score": 0.9048506830619744,
    "support": 974953.0,
    "iou": 0.8262349882953721
  },
  "accuracy": 0.9367215075111914,
  "macro avg": {
    "precision": 0.9258188719846262,
    "recall": 0.931855095501066,
    "f1-score": 0.9287247485721809,
    "support": 2973696.0
  },
  "weighted avg": {
    "precision": 0.9373460149922789,
    "recall": 0.9367215075111914,
    "f1-score": 0.9369441595438117,
    "support": 2973696.0
  },
  "inference_time_seconds": 0.47367743900008463
}