{
  "soil": {
    "precision": 0.9592629133070634,
    "recall": 0.9573789804421864,
    "f1-score": 0.958320020983604,
    "support": 2047417.0,
    "iou": 0.9199754629905583
  },
  "plant": {
    "precision": 0.9061990755670214,
    "recall": 0.9101329081194759,
    "f1-score": 0.9081617318735158,
    "support": 926279.0,
    "iou": 0.8317731282966073
  },
  "accuracy": 0.9426622627195248,
  "macro avg": {
    "precision": 0.9327309944370423,
    "recall": 0.9337559442808312,
    "f1-score": 0.9332408764285599,
    "support": 2973696.0
  },
  "weighted avg": {
    "precision": 0.9427340150746925,
    "recall": 0.9426622627195248,
    "f1-score": 0.9426961744711819,
    "support": 2973696.0
  }
}