{
  "soil": {
    "precision": 0.9585638436685902,
    "recall": 0.9427395117831557,
    "f1-score": 0.950585825667362,
    "support": 1998743.0,
    "iou": 0.905825220315778
  },
  "plant": {
    "precision": 0.8864535804886954,
    "recall": 0.9164544342137518,
    "f1-score": 0.9012043963846927,
    "support": 974953.0,
    "iou": 0.8201747380673067
  },
  "accuracy": 0.9341217125086089,
  "macro avg": {
    "precision": 0.9225087120786428,
    "recall": 0.9295969729984538,
    "f1-score": 0.9258951110260274,
    "support": 2973696.0
  },
  "weighted avg": {
    "precision": 0.9349218448166471,
    "recall": 0.9341217125086089,
    "f1-score": 0.9343956795920988,
    "support": 2973696.0
  }
}