{
  "soil": {
    "precision": 0.9624024904803471,
    "recall": 0.9526159057974023,
    "f1-score": 0.957484191266893,
    "support": 2047417.0,
    "iou": 0.9184361361680006
  },
  "plant": {
    "precision": 0.8975661467280611,
    "recall": 0.917740767090693,
    "f1-score": 0.9075413504375518,
    "support": 926279.0,
    "iou": 0.8307329076492191
  },
  "accuracy": 0.9417526203081956,
  "macro avg": {
    "precision": 0.929984318604204,
    "recall": 0.9351783364440476,
    "f1-score": 0.9325127708522224,
    "support": 2973696.0
  },
  "weighted avg": {
    "precision": 0.9422065647184253,
    "recall": 0.9417526203081956,
    "f1-score": 0.9419274549157121,
    "support": 2973696.0
  }
}