{
  "soil": {
    "precision": 0.9740021323322356,
    "recall": 0.9715911334723124,
    "f1-score": 0.9727951390351836,
    "support": 13901857.0,
    "iou": 0.9470312846080889
  },
  "plant": {
    "precision": 0.8940316180398683,
    "recall": 0.9023634594453476,
    "f1-score": 0.8981782168289387,
    "support": 3692511.0,
    "iou": 0.8151755851513182
  },
  "accuracy": 0.9570623963304621,
  "macro avg": {
    "precision": 0.934016875186052,
    "recall": 0.93697729645883,
    "f1-score": 0.9354866779320612,
    "support": 17594368.0
  },
  "weighted avg": {
    "precision": 0.9572188069124068,
    "recall": 0.9570623963304621,
    "f1-score": 0.957135366201473,
    "support": 17594368.0
  }
}