{
  "soil": {
    "precision": 0.9742344099939767,
    "recall": 0.9683579682915743,
    "f1-score": 0.971287300873814,
    "support": 13901857.0,
    "iou": 0.944177418728134
  },
  "plant": {
    "precision": 0.8835168210699972,
    "recall": 0.9035807882495137,
    "f1-score": 0.8934361743319879,
    "support": 3692511.0,
    "iou": 0.8073968745477803
  },
  "accuracy": 0.9547632515132115,
  "macro avg": {
    "precision": 0.9288756155319869,
    "recall": 0.935969378270544,
    "f1-score": 0.932361737602901,
    "support": 17594368.0
  },
  "weighted avg": {
    "precision": 0.9551956076343083,
    "recall": 0.9547632515132115,
    "f1-score": 0.9549487690710187,
    "support": 17594368.0
  }
}