{
  "soil": {
    "precision": 0.9627006185293568,
    "recall": 0.9370179157600552,
    "f1-score": 0.9496856621580644,
    "support": 1998743.0,
    "iou": 0.9041918480417669
  },
  "plant": {
    "precision": 0.8775765237898422,
    "recall": 0.9255728224847762,
    "f1-score": 0.9009358894743883,
    "support": 974953.0,
    "iou": 0.8197300601905094
  },
  "accuracy": 0.9332655389118457,
  "macro avg": {
    "precision": 0.9201385711595995,
    "recall": 0.9312953691224157,
    "f1-score": 0.9253107758162263,
    "support": 2973696.0
  },
  "weighted avg": {
    "precision": 0.9347919178623841,
    "recall": 0.9332655389118457,
    "f1-score": 0.9337026103843564,
    "support": 2973696.0
  }
}