{
  "soil": {
    "precision": 0.9753796316182891,
    "recall": 0.5256956376027211,
    "f1-score": 0.6831806876871392,
    "support": 1978293.0,
    "iou": 0.5188112608154274
  },
  "plant": {
    "precision": 0.5080837656261058,
    "recall": 0.9736277668441827,
    "f1-score": 0.6677203372664551,
    "support": 995403.0,
    "iou": 0.5011863169152037
  },
  "accuracy": 0.675634631112259,
  "macro avg": {
    "precision": 0.7417316986221975,
    "recall": 0.749661702223452,
    "f1-score": 0.6754505124767971,
    "support": 2973696.0
  },
  "weighted avg": {
    "precision": 0.8189588990026427,
    "recall": 0.675634631112259,
    "f1-score": 0.6780055523707518,
    "support": 2973696.0
  },
  "inference_time_seconds": 3.5010426340001004
}