{
  "soil": {
    "precision": 0.9753941679094328,
    "recall": 0.5256733962057187,
    "f1-score": 0.6831654712177484,
    "support": 1978293.0,
    "iou": 0.5187937104364272
  },
  "plant": {
    "precision": 0.5080764298887669,
    "recall": 0.9736448453540928,
    "f1-score": 0.6677180185943232,
    "support": 995403.0,
    "iou": 0.5011837042859507
  },
  "accuracy": 0.6756255515022382,
  "macro avg": {
    "precision": 0.7417352988990998,
    "recall": 0.7496591207799057,
    "f1-score": 0.6754417449060358,
    "support": 2973696.0
  },
  "weighted avg": {
    "precision": 0.8189661139392271,
    "recall": 0.6756255515022382,
    "f1-score": 0.6779946532579719,
    "support": 2973696.0
  },
  "inference_time_seconds": 4.198064125026576
}