{
  "soil": {
    "precision": 0.9023544510625092,
    "recall": 0.9543483079115224,
    "f1-score": 0.9276233789664776,
    "support": 1998743.0,
    "iou": 0.8650164137972942
  },
  "plant": {
    "precision": 0.8938734683670918,
    "recall": 0.788283127494351,
    "f1-score": 0.8377643020420354,
    "support": 974953.0,
    "iou": 0.7208213476095926
  },
  "accuracy": 0.89990234375,
  "macro avg": {
    "precision": 0.8981139597148005,
    "recall": 0.8713157177029367,
    "f1-score": 0.8826938405042566,
    "support": 2973696.0
  },
  "weighted avg": {
    "precision": 0.8995738845480286,
    "recall": 0.89990234375,
    "f1-score": 0.8981622717703435,
    "support": 2973696.0
  },
  "inference_time_seconds": 0.006850500009022653
}