{
  "soil": {
    "precision": 0.6996999231592453,
    "recall": 0.6774452743549321,
    "f1-score": 0.6883927813368569,
    "support": 1998743.0,
    "iou": 0.5248467464508939
  },
  "plant": {
    "precision": 0.3792118629787439,
    "recall": 0.40393844626356346,
    "f1-score": 0.39118480559509466,
    "support": 974953.0,
    "iou": 0.24315086465838137
  },
  "accuracy": 0.5877735989152892,
  "macro avg": {
    "precision": 0.5394558930689946,
    "recall": 0.5406918603092478,
    "f1-score": 0.5397887934659757,
    "support": 2973696.0
  },
  "weighted avg": {
    "precision": 0.594625027898546,
    "recall": 0.5877735989152892,
    "f1-score": 0.5909504713047089,
    "support": 2973696.0
  },
  "inference_time_seconds": 0.032671859999936714
}