{
  "soil": {
    "precision": 0.9538484212835383,
    "recall": 0.9514607918172019,
    "f1-score": 0.9526531105269348,
    "support": 2047417.0,
    "iou": 0.9095869955810226
  },
  "plant": {
    "precision": 0.8933008662191702,
    "recall": 0.8982434018260157,
    "f1-score": 0.8957653162568641,
    "support": 926279.0,
    "iou": 0.8112091835590581
  },
  "accuracy": 0.9348840634684917,
  "macro avg": {
    "precision": 0.9235746437513542,
    "recall": 0.9248520968216087,
    "f1-score": 0.9242092133918994,
    "support": 2973696.0
  },
  "weighted avg": {
    "precision": 0.9349884138189327,
    "recall": 0.9348840634684917,
    "f1-score": 0.9349330849464158,
    "support": 2973696.0
  }
}