{
  "soil": {
    "precision": 0.9476594031527796,
    "recall": 0.976145920649306,
    "f1-score": 0.96169175654876,
    "support": 13901857.0,
    "iou": 0.9262102681109284
  },
  "plant": {
    "precision": 0.8987315486393396,
    "recall": 0.7970205098915074,
    "f1-score": 0.8448257203033557,
    "support": 3692511.0,
    "iou": 0.7313404870174326
  },
  "accuracy": 0.9385530642532883,
  "macro avg": {
    "precision": 0.9231954758960597,
    "recall": 0.8865832152704067,
    "f1-score": 0.9032587384260579,
    "support": 17594368.0
  },
  "weighted avg": {
    "precision": 0.9373909671966102,
    "recall": 0.9385530642532883,
    "f1-score": 0.9371652078052897,
    "support": 17594368.0
  }
}