{
  "soil": {
    "precision": 0.9527451997555103,
    "recall": 0.9381771443352147,
    "f1-score": 0.9454050543947905,
    "support": 1998743.0,
    "iou": 0.8964627209096311
  },
  "plant": {
    "precision": 0.8771097397850852,
    "recall": 0.9046046322232969,
    "f1-score": 0.8906450394553207,
    "support": 974953.0,
    "iou": 0.802849467602349
  },
  "accuracy": 0.9271700940513086,
  "macro avg": {
    "precision": 0.9149274697702978,
    "recall": 0.9213908882792559,
    "f1-score": 0.9180250469250556,
    "support": 2973696.0
  },
  "weighted avg": {
    "precision": 0.9279474334053031,
    "recall": 0.9271700940513086,
    "f1-score": 0.9274514905990021,
    "support": 2973696.0
  }
}