{
  "soil": {
    "precision": 0.9569546797109221,
    "recall": 0.927685050053959,
    "f1-score": 0.942092577086602,
    "support": 1998743.0,
    "iou": 0.8905245928723606
  },
  "plant": {
    "precision": 0.8604953058961264,
    "recall": 0.9144522864179093,
    "f1-score": 0.8866536717320391,
    "support": 974953.0,
    "iou": 0.7963862180346085
  },
  "accuracy": 0.9233465693870524,
  "macro avg": {
    "precision": 0.9087249928035243,
    "recall": 0.9210686682359341,
    "f1-score": 0.9143731244093205,
    "support": 2973696.0
  },
  "weighted avg": {
    "precision": 0.9253296057696528,
    "recall": 0.9233465693870524,
    "f1-score": 0.9239164329574956,
    "support": 2973696.0
  },
  "inference_time_seconds": 0.3203619640003126
}