{
  "soil": {
    "precision": 0.9462749600409821,
    "recall": 0.9464163870867537,
    "f1-score": 0.9463456682799611,
    "support": 2047417.0,
    "iou": 0.8981557231726067
  },
  "plant": {
    "precision": 0.8815213834528652,
    "recall": 0.8812301693118381,
    "f1-score": 0.881375752327437,
    "support": 926279.0,
    "iou": 0.7879104660579718
  },
  "accuracy": 0.92611147877927,
  "macro avg": {
    "precision": 0.9138981717469237,
    "recall": 0.9138232781992959,
    "f1-score": 0.9138607103036991,
    "support": 2973696.0
  },
  "weighted avg": {
    "precision": 0.9261048154907442,
    "recall": 0.92611147877927,
    "f1-score": 0.9261081360041038,
    "support": 2973696.0
  }
}