{
  "soil": {
    "precision": 0.9649537408656327,
    "recall": 0.9592475307435546,
    "f1-score": 0.9620921749345075,
    "support": 13901857.0,
    "iou": 0.9269533880562073
  },
  "plant": {
    "precision": 0.8499133312969787,
    "recall": 0.8688353264215056,
    "f1-score": 0.85927017113441,
    "support": 3692511.0,
    "iou": 0.7532635242728066
  },
  "accuracy": 0.9402728191203004,
  "macro avg": {
    "precision": 0.9074335360813057,
    "recall": 0.9140414285825301,
    "f1-score": 0.9106811730344587,
    "support": 17594368.0
  },
  "weighted avg": {
    "precision": 0.9408103344200724,
    "recall": 0.9402728191203004,
    "f1-score": 0.940513032104603,
    "support": 17594368.0
  }
}