{
  "soil": {
    "precision": 0.943599630461248,
    "recall": 0.9295302097368195,
    "f1-score": 0.936512081103233,
    "support": 1998743.0,
    "iou": 0.8806043439353263
  },
  "plant": {
    "precision": 0.8598155769316899,
    "recall": 0.8860980990878534,
    "f1-score": 0.8727590129453434,
    "support": 974953.0,
    "iou": 0.7742435051317257
  },
  "accuracy": 0.9152906013257576,
  "macro avg": {
    "precision": 0.9017076036964689,
    "recall": 0.9078141544123365,
    "f1-score": 0.9046355470242882,
    "support": 2973696.0
  },
  "weighted avg": {
    "precision": 0.9161302743667437,
    "recall": 0.9152906013257576,
    "f1-score": 0.9156100638628228,
    "support": 2973696.0
  }
}