{
  "soil": {
    "precision": 0.9650511956479022,
    "recall": 0.957397418201036,
    "f1-score": 0.9612090710662038,
    "support": 13901857.0,
    "iou": 0.9253152335983318
  },
  "plant": {
    "precision": 0.8442567857186059,
    "recall": 0.8694655208880895,
    "f1-score": 0.8566757439384829,
    "support": 3692511.0,
    "iou": 0.7492850251332278
  },
  "accuracy": 0.9389432459296065,
  "macro avg": {
    "precision": 0.904653990683254,
    "recall": 0.9134314695445627,
    "f1-score": 0.9089424075023433,
    "support": 17594368.0
  },
  "weighted avg": {
    "precision": 0.939700203364324,
    "recall": 0.9389432459296065,
    "f1-score": 0.9392707746587564,
    "support": 17594368.0
  }
}