{
  "soil": {
    "precision": 0.9474801327164745,
    "recall": 0.9259559633229485,
    "f1-score": 0.9365944009230582,
    "support": 1998743.0,
    "iou": 0.8807499243337084
  },
  "plant": {
    "precision": 0.854957911872194,
    "recall": 0.8947754404571298,
    "f1-score": 0.8744136255382617,
    "support": 974953.0,
    "iou": 0.776851644065442
  },
  "accuracy": 0.9157331482438017,
  "macro avg": {
    "precision": 0.9012190222943343,
    "recall": 0.9103657018900391,
    "f1-score": 0.90550401323066,
    "support": 2973696.0
  },
  "weighted avg": {
    "precision": 0.9171458898151174,
    "recall": 0.9157331482438017,
    "f1-score": 0.9162078740205997,
    "support": 2973696.0
  }
}