{
  "soil": {
    "precision": 0.9490127044364535,
    "recall": 0.9431649732321261,
    "f1-score": 0.9460798026954954,
    "support": 2047417.0,
    "iou": 0.8976768877901566
  },
  "plant": {
    "precision": 0.8760617534442083,
    "recall": 0.8879937902079179,
    "f1-score": 0.8819874177958732,
    "support": 926279.0,
    "iou": 0.7888886331288532
  },
  "accuracy": 0.9259796562930441,
  "macro avg": {
    "precision": 0.9125372289403308,
    "recall": 0.915579381720022,
    "f1-score": 0.9140336102456843,
    "support": 2973696.0
  },
  "weighted avg": {
    "precision": 0.9262891530263074,
    "recall": 0.9259796562930441,
    "f1-score": 0.9261156132852675,
    "support": 2973696.0
  }
}