{
  "soil": {
    "precision": 0.9441836656680508,
    "recall": 0.9329993901166883,
    "f1-score": 0.9385582098791839,
    "support": 1998743.0,
    "iou": 0.8842295626709354
  },
  "plant": {
    "precision": 0.86589914773154,
    "recall": 0.8869268569869522,
    "f1-score": 0.8762868733095458,
    "support": 974953.0,
    "iou": 0.7798136842010335
  },
  "accuracy": 0.917894095428719,
  "macro avg": {
    "precision": 0.9050414066997954,
    "recall": 0.9099631235518202,
    "f1-score": 0.9074225415943649,
    "support": 2973696.0
  },
  "weighted avg": {
    "precision": 0.9185173818193471,
    "recall": 0.917894095428719,
    "f1-score": 0.9181419916771288,
    "support": 2973696.0
  },
  "inference_time_seconds": 0.4777978150000308
}