{
  "soil": {
    "precision": 0.9492772314678376,
    "recall": 0.9670481754057759,
    "f1-score": 0.9580803044748891,
    "support": 2039796.0,
    "iou": 0.919533730468577
  },
  "plant": {
    "precision": 0.9249593062071152,
    "recall": 0.887138879965735,
    "f1-score": 0.9056544167239647,
    "support": 933900.0,
    "iou": 0.8275762524784865
  },
  "accuracy": 0.9419523717286501,
  "macro avg": {
    "precision": 0.9371182688374764,
    "recall": 0.9270935276857555,
    "f1-score": 0.931867360599427,
    "support": 2973696.0
  },
  "weighted avg": {
    "precision": 0.9416400989563137,
    "recall": 0.9419523717286501,
    "f1-score": 0.9416157645318054,
    "support": 2973696.0
  }
}