{
  "soil": {
    "precision": 0.9475200807190495,
    "recall": 0.9556702819473858,
    "f1-score": 0.9515777301676996,
    "support": 1977071.0,
    "iou": 0.9076283073612206
  },
  "plant": {
    "precision": 0.9105335849957994,
    "recall": 0.8949966135708014,
    "f1-score": 0.9026982498112581,
    "support": 996625.0,
    "iou": 0.8226527020994809
  },
  "accuracy": 0.9353356899965565,
  "macro avg": {
    "precision": 0.9290268328574245,
    "recall": 0.9253334477590935,
    "f1-score": 0.9271379899894789,
    "support": 2973696.0
  },
  "weighted avg": {
    "precision": 0.935124171285071,
    "recall": 0.9353356899965565,
    "f1-score": 0.9351959237859314,
    "support": 2973696.0
  }
}