{
  "soil": {
    "precision": 0.9672761672769108,
    "recall": 0.9737455511653678,
    "f1-score": 0.970500078062047,
    "support": 13894369.0,
    "iou": 0.9426907738226503
  },
  "plant": {
    "precision": 0.8988683335782228,
    "recall": 0.8762923989979456,
    "f1-score": 0.8874368094786022,
    "support": 3699999.0,
    "iou": 0.797650701586405
  },
  "accuracy": 0.9532516882675184,
  "macro avg": {
    "precision": 0.9330722504275668,
    "recall": 0.9250189750816566,
    "f1-score": 0.9289684437703245,
    "support": 17594368.0
  },
  "weighted avg": {
    "precision": 0.9528903753986624,
    "recall": 0.9532516882675184,
    "f1-score": 0.9530323286836392,
    "support": 17594368.0
  }
}