{
  "soil": {
    "precision": 0.9479503564466555,
    "recall": 0.9553212808240068,
    "f1-score": 0.9516215457052059,
    "support": 1977071.0,
    "iou": 0.9077080340661204
  },
  "plant": {
    "precision": 0.9099792917619531,
    "recall": 0.8959428069735357,
    "f1-score": 0.9029065002525435,
    "support": 996625.0,
    "iou": 0.8229986782898508
  },
  "accuracy": 0.9354207693052686,
  "macro avg": {
    "precision": 0.9289648241043043,
    "recall": 0.9256320438987713,
    "f1-score": 0.9272640229788747,
    "support": 2973696.0
  },
  "weighted avg": {
    "precision": 0.9352244717760667,
    "recall": 0.9354207693052686,
    "f1-score": 0.9352948491719154,
    "support": 2973696.0
  },
  "inference_time_seconds": 0.4476432379999551
}