{
  "soil": {
    "precision": 0.9617895726749549,
    "recall": 0.21388542699086377,
    "f1-score": 0.34994836750873537,
    "support": 1998743.0,
    "iou": 0.21208328310331706
  },
  "plant": {
    "precision": 0.3787621431197884,
    "recall": 0.9825796730714198,
    "f1-score": 0.5467605245532242,
    "support": 974953.0,
    "iou": 0.37623566782421136
  },
  "accuracy": 0.4659087546272383,
  "macro avg": {
    "precision": 0.6702758578973717,
    "recall": 0.5982325500311418,
    "f1-score": 0.4483544460309798,
    "support": 2973696.0
  },
  "weighted avg": {
    "precision": 0.7706387820335786,
    "recall": 0.4659087546272383,
    "f1-score": 0.41447500471273857,
    "support": 2973696.0
  },
  "inference_time_seconds": 0.06417727300004117
}