{
  "soil": {
    "precision": 0.972424328523543,
    "recall": 0.5409893713659155,
    "f1-score": 0.6952113968933926,
    "support": 1999128.0,
    "iou": 0.5328153505005673
  },
  "plant": {
    "precision": 0.5070582104946495,
    "recall": 0.9685306720516167,
    "f1-score": 0.6656344937110555,
    "support": 974568.0,
    "iou": 0.49883970364482616
  },
  "accuracy": 0.6811072819817493,
  "macro avg": {
    "precision": 0.7397412695090962,
    "recall": 0.7547600217087661,
    "f1-score": 0.6804229453022241,
    "support": 2973696.0
  },
  "weighted avg": {
    "precision": 0.8199101082013639,
    "recall": 0.6811072819817493,
    "f1-score": 0.6855181722394253,
    "support": 2973696.0
  },
  "inference_time_seconds": 3.4936222909999515
}