{
  "soil": {
    "precision": 0.9723202090438814,
    "recall": 0.5408998323268945,
    "f1-score": 0.695110854550229,
    "support": 1999128.0,
    "iou": 0.5326972463324747
  },
  "plant": {
    "precision": 0.5069792676670687,
    "recall": 0.9684136971458123,
    "f1-score": 0.6655388478689267,
    "support": 974568.0,
    "iou": 0.49873227617461297
  },
  "accuracy": 0.6810087513989325,
  "macro avg": {
    "precision": 0.739649738355475,
    "recall": 0.7546567647363533,
    "f1-score": 0.6803248512095779,
    "support": 2973696.0
  },
  "weighted avg": {
    "precision": 0.8198142398541196,
    "recall": 0.6810087513989325,
    "f1-score": 0.6854192346242569,
    "support": 2973696.0
  },
  "inference_time_seconds": 4.198365208110772
}