{
  "soil": {
    "precision": 0.7023591123468375,
    "recall": 0.6587215064668144,
    "f1-score": 0.6798407767631975,
    "support": 1998743.0,
    "iou": 0.5149687740667716
  },
  "plant": {
    "precision": 0.37939561564321034,
    "recall": 0.42772010548200784,
    "f1-score": 0.40211119296770437,
    "support": 974953.0,
    "iou": 0.2516515487172926
  },
  "accuracy": 0.5829856178977273,
  "macro avg": {
    "precision": 0.540877363995024,
    "recall": 0.5432208059744111,
    "f1-score": 0.540975984865451,
    "support": 2973696.0
  },
  "weighted avg": {
    "precision": 0.5964726229404922,
    "recall": 0.5829856178977273,
    "f1-score": 0.5887846328567029,
    "support": 2973696.0
  },
  "inference_time_seconds": 0.035117374965921044
}