{
  "soil": {
    "precision": 0.957480788351999,
    "recall": 0.932255422533062,
    "f1-score": 0.9446997435629639,
    "support": 1998743.0,
    "iou": 0.8951952184229655
  },
  "plant": {
    "precision": 0.8682341858933,
    "recall": 0.9151282164371001,
    "f1-score": 0.8910646551121463,
    "support": 974953.0,
    "iou": 0.8035316569355622
  },
  "accuracy": 0.9266401138515841,
  "macro avg": {
    "precision": 0.9128574871226496,
    "recall": 0.9236918194850811,
    "f1-score": 0.9178821993375551,
    "support": 2973696.0
  },
  "weighted avg": {
    "precision": 0.9282204864223748,
    "recall": 0.9266401138515841,
    "f1-score": 0.9271149970420048,
    "support": 2973696.0
  }
}