{
  "soil": {
    "precision": 0.9587658047236876,
    "recall": 0.9354464280800483,
    "f1-score": 0.9469625756418542,
    "support": 1998743.0,
    "iou": 0.8992677313620197
  },
  "plant": {
    "precision": 0.8739447442131292,
    "recall": 0.9175221779921698,
    "f1-score": 0.8952034505534096,
    "support": 974953.0,
    "iou": 0.8102880580155963
  },
  "accuracy": 0.9295698013515841,
  "macro avg": {
    "precision": 0.9163552744684084,
    "recall": 0.9264843030361091,
    "f1-score": 0.9210830130976319,
    "support": 2973696.0
  },
  "weighted avg": {
    "precision": 0.9309564565563058,
    "recall": 0.9295698013515841,
    "f1-score": 0.9299928805948976,
    "support": 2973696.0
  },
  "inference_time_seconds": 0.4746352540000771
}