{
  "soil": {
    "precision": 0.9687373873668617,
    "recall": 0.9649651122148646,
    "f1-score": 0.9668475703055686,
    "support": 13901857.0,
    "iou": 0.9358227716616091
  },
  "plant": {
    "precision": 0.8700036966405944,
    "recall": 0.8827583722837928,
    "f1-score": 0.8763346272077102,
    "support": 3692511.0,
    "iou": 0.7798893233045289
  },
  "accuracy": 0.9477124725366662,
  "macro avg": {
    "precision": 0.919370542003728,
    "recall": 0.9238617422493287,
    "f1-score": 0.9215910987566394,
    "support": 17594368.0
  },
  "weighted avg": {
    "precision": 0.9480162543840037,
    "recall": 0.9477124725366662,
    "f1-score": 0.9478517167442917,
    "support": 17594368.0
  }
}