{
  "soil": {
    "precision": 0.9632936601031191,
    "recall": 0.9244615240678766,
    "f1-score": 0.9434781931587451,
    "support": 1998743.0,
    "iou": 0.8930039939066825
  },
  "plant": {
    "precision": 0.856960415944278,
    "recall": 0.9277821597553934,
    "f1-score": 0.8909661217870266,
    "support": 974953.0,
    "iou": 0.8033714201974359
  },
  "accuracy": 0.9255502243672521,
  "macro avg": {
    "precision": 0.9101270380236985,
    "recall": 0.926121841911635,
    "f1-score": 0.9172221574728858,
    "support": 2973696.0
  },
  "weighted avg": {
    "precision": 0.9284313488943087,
    "recall": 0.9255502243672521,
    "f1-score": 0.9262616378955068,
    "support": 2973696.0
  }
}