{
  "soil": {
    "precision": 0.9717091564377016,
    "recall": 0.9614823400931257,
    "f1-score": 0.9665686977190158,
    "support": 13901857.0,
    "iou": 0.9353003877331859
  },
  "plant": {
    "precision": 0.8605126781080238,
    "recall": 0.8946093864039945,
    "f1-score": 0.8772298343467219,
    "support": 3692511.0,
    "iou": 0.7813084647081892
  },
  "accuracy": 0.9474477855641078,
  "macro avg": {
    "precision": 0.9161109172728628,
    "recall": 0.9280458632485601,
    "f1-score": 0.9218992660328689,
    "support": 17594368.0
  },
  "weighted avg": {
    "precision": 0.9483724716875818,
    "recall": 0.9474477855641078,
    "f1-score": 0.9478192470010535,
    "support": 17594368.0
  }
}