{
  "soil": {
    "precision": 0.9622801790011989,
    "recall": 0.9416684534708855,
    "f1-score": 0.9518627472519606,
    "support": 2047417.0,
    "iou": 0.908147043487231
  },
  "plant": {
    "precision": 0.8768943259384786,
    "recall": 0.9184111914444784,
    "f1-score": 0.8971727150151365,
    "support": 926279.0,
    "iou": 0.8135206003970515
  },
  "accuracy": 0.9344240298941116,
  "macro avg": {
    "precision": 0.9195872524698387,
    "recall": 0.9300398224576819,
    "f1-score": 0.9245177311335486,
    "support": 2973696.0
  },
  "weighted avg": {
    "precision": 0.9356832697713773,
    "recall": 0.9344240298941116,
    "f1-score": 0.9348273043652994,
    "support": 2973696.0
  }
}