{
  "soil": {
    "precision": 0.9574218042414823,
    "recall": 0.9474239981400956,
    "f1-score": 0.952396663863149,
    "support": 2047417.0,
    "iou": 0.9091195407750545
  },
  "plant": {
    "precision": 0.8864095629335025,
    "recall": 0.9068693125937217,
    "f1-score": 0.8965227238040959,
    "support": 926279.0,
    "iou": 0.8124523659379219
  },
  "accuracy": 0.934791585959022,
  "macro avg": {
    "precision": 0.9219156835874924,
    "recall": 0.9271466553669087,
    "f1-score": 0.9244596938336225,
    "support": 2973696.0
  },
  "weighted avg": {
    "precision": 0.9353021430970634,
    "recall": 0.934791585959022,
    "f1-score": 0.9349924445603152,
    "support": 2973696.0
  }
}