{
  "soil": {
    "precision": 0.9742079647064813,
    "recall": 0.977215202256792,
    "f1-score": 0.9757092663323281,
    "support": 13901857.0,
    "iou": 0.9525706269338312
  },
  "plant": {
    "precision": 0.9132093452484356,
    "recall": 0.9025963632877465,
    "f1-score": 0.907871839004297,
    "support": 3692511.0,
    "iou": 0.8312869051710764
  },
  "accuracy": 0.9615550271541439,
  "macro avg": {
    "precision": 0.9437086549774585,
    "recall": 0.9399057827722692,
    "f1-score": 0.9417905526683126,
    "support": 17594368.0
  },
  "weighted avg": {
    "precision": 0.9614062503548405,
    "recall": 0.9615550271541439,
    "f1-score": 0.9614722987629074,
    "support": 17594368.0
  }
}