{
  "soil": {
    "precision": 0.9453008404633236,
    "recall": 0.9624243837251713,
    "f1-score": 0.9537857625222749,
    "support": 1998743.0,
    "iou": 0.9116543518101204
  },
  "plant": {
    "precision": 0.9199954833410919,
    "recall": 0.8858303938753971,
    "f1-score": 0.9025897476093432,
    "support": 974953.0,
    "iou": 0.8224724943503067
  },
  "accuracy": 0.9373123547262396,
  "macro avg": {
    "precision": 0.9326481619022078,
    "recall": 0.9241273888002841,
    "f1-score": 0.9281877550658091,
    "support": 2973696.0
  },
  "weighted avg": {
    "precision": 0.9370042513558993,
    "recall": 0.9373123547262396,
    "f1-score": 0.9370006882149458,
    "support": 2973696.0
  }
}