{
  "soil": {
    "precision": 0.947344316253366,
    "recall": 0.9739159145401254,
    "f1-score": 0.9604463688578343,
    "support": 2047417.0,
    "iou": 0.9239026636870907
  },
  "plant": {
    "precision": 0.9385338354518376,
    "recall": 0.8803470660567713,
    "f1-score": 0.9085097410718215,
    "support": 926279.0,
    "iou": 0.8323571682297557
  },
  "accuracy": 0.9447700773717287,
  "macro avg": {
    "precision": 0.9429390758526017,
    "recall": 0.9271314902984483,
    "f1-score": 0.9344780549648279,
    "support": 2973696.0
  },
  "weighted avg": {
    "precision": 0.9445999323801122,
    "recall": 0.9447700773717287,
    "f1-score": 0.9442685861762823,
    "support": 2973696.0
  }
}