{
  "soil": {
    "precision": 0.9445423779386591,
    "recall": 0.9629352047762019,
    "f1-score": 0.9536501150652053,
    "support": 1998743.0,
    "iou": 0.9114065273917756
  },
  "plant": {
    "precision": 0.9208542015657585,
    "recall": 0.8840928742206035,
    "f1-score": 0.9020991792190938,
    "support": 974953.0,
    "iou": 0.8216581699770075
  },
  "accuracy": 0.9370860370394284,
  "macro avg": {
    "precision": 0.9326982897522088,
    "recall": 0.9235140394984027,
    "f1-score": 0.9278746471421495,
    "support": 2973696.0
  },
  "weighted avg": {
    "precision": 0.9367759960962352,
    "recall": 0.9370860370394284,
    "f1-score": 0.9367486767352703,
    "support": 2973696.0
  },
  "inference_time_seconds": 0.392054306999853
}