{
  "soil": {
    "precision": 0.9239709077360347,
    "recall": 0.9181240409597432,
    "f1-score": 0.9210381952792058,
    "support": 1998743.0,
    "iou": 0.853633734993562
  },
  "plant": {
    "precision": 0.8342964415791397,
    "recall": 0.8451197134631105,
    "f1-score": 0.8396732013488546,
    "support": 974953.0,
    "iou": 0.7236523385695792
  },
  "accuracy": 0.8941889150740359,
  "macro avg": {
    "precision": 0.8791336746575873,
    "recall": 0.8816218772114268,
    "f1-score": 0.8803556983140302,
    "support": 2973696.0
  },
  "weighted avg": {
    "precision": 0.8945703268417324,
    "recall": 0.8941889150740359,
    "f1-score": 0.894361949648389,
    "support": 2973696.0
  },
  "inference_time_seconds": 0.44255982000004224
}