{
  "soil": {
    "precision": 0.9302539184312458,
    "recall": 0.9339455518831776,
    "f1-score": 0.9320960799267065,
    "support": 2047417.0,
    "iou": 0.8728276602475006
  },
  "plant": {
    "precision": 0.8527033591314747,
    "recall": 0.8452237392837363,
    "f1-score": 0.8489470747920905,
    "support": 926279.0,
    "iou": 0.737539565905494
  },
  "accuracy": 0.9063095218879132,
  "macro avg": {
    "precision": 0.8914786387813602,
    "recall": 0.889584645583457,
    "f1-score": 0.8905215773593985,
    "support": 2973696.0
  },
  "weighted avg": {
    "precision": 0.9060976312661716,
    "recall": 0.9063095218879132,
    "f1-score": 0.9061959282881104,
    "support": 2973696.0
  }
}