{
  "soil": {
    "precision": 0.9229267734025036,
    "recall": 0.919274764189293,
    "f1-score": 0.921097148895735,
    "support": 1998743.0,
    "iou": 0.8537350216036461
  },
  "plant": {
    "precision": 0.8358375845235648,
    "recall": 0.8426180544087766,
    "f1-score": 0.8392141239085409,
    "support": 974953.0,
    "iou": 0.7229706539282691
  },
  "accuracy": 0.894142171896522,
  "macro avg": {
    "precision": 0.8793821789630343,
    "recall": 0.8809464092990348,
    "f1-score": 0.8801556364021379,
    "support": 2973696.0
  },
  "weighted avg": {
    "precision": 0.894373798934001,
    "recall": 0.894142171896522,
    "f1-score": 0.8942510621201064,
    "support": 2973696.0
  }
}