{
  "soil": {
    "precision": 0.9544902666955989,
    "recall": 0.9429145329289461,
    "f1-score": 0.948667089051948,
    "support": 13901857.0,
    "iou": 0.9023469913031411
  },
  "plant": {
    "precision": 0.7944646976981737,
    "recall": 0.8307392990840109,
    "f1-score": 0.812197173301963,
    "support": 3692511.0,
    "iou": 0.683781141992887
  },
  "accuracy": 0.9193724378164649,
  "macro avg": {
    "precision": 0.8744774821968864,
    "recall": 0.8868269160064786,
    "f1-score": 0.8804321311769554,
    "support": 17594368.0
  },
  "weighted avg": {
    "precision": 0.9209058734508827,
    "recall": 0.9193724378164649,
    "f1-score": 0.9200262953004537,
    "support": 17594368.0
  }
}