{
  "soil": {
    "precision": 0.9494548706255204,
    "recall": 0.9089142526077639,
    "f1-score": 0.9287423616013938,
    "support": 1998743.0,
    "iou": 0.8669645175083609
  },
  "plant": {
    "precision": 0.8282962226621409,
    "recall": 0.9008023976540408,
    "f1-score": 0.8630291119027147,
    "support": 974953.0,
    "iou": 0.7590599908384543
  },
  "accuracy": 0.9062547079459367,
  "macro avg": {
    "precision": 0.8888755466438306,
    "recall": 0.9048583251309024,
    "f1-score": 0.8958857367520543,
    "support": 2973696.0
  },
  "weighted avg": {
    "precision": 0.9097319173351233,
    "recall": 0.9062547079459367,
    "f1-score": 0.9071976811991347,
    "support": 2973696.0
  },
  "inference_time_seconds": 0.02519291200007956
}