{
  "soil": {
    "precision": 0.9396771094248809,
    "recall": 0.6126335401800032,
    "f1-score": 0.7417042643102482,
    "support": 1998743.0,
    "iou": 0.5894514646063495
  },
  "plant": {
    "precision": 0.5365439317319848,
    "recall": 0.9193735492890427,
    "f1-score": 0.6776267271960976,
    "support": 974953.0,
    "iou": 0.5124322618524251
  },
  "accuracy": 0.7132010131499655,
  "macro avg": {
    "precision": 0.7381105205784328,
    "recall": 0.7660035447345229,
    "f1-score": 0.709665495753173,
    "support": 2973696.0
  },
  "weighted avg": {
    "precision": 0.8075062684945297,
    "recall": 0.7132010131499655,
    "f1-score": 0.7206958670019651,
    "support": 2973696.0
  },
  "inference_time_seconds": 2.182835624902509
}