{
  "soil": {
    "precision": 0.9404958048453655,
    "recall": 0.6180214264665342,
    "f1-score": 0.7458968655830042,
    "support": 1998743.0,
    "iou": 0.5947651713108546
  },
  "plant": {
    "precision": 0.5401505532815026,
    "recall": 0.9198381870715819,
    "f1-score": 0.6806232020063532,
    "support": 974953.0,
    "iou": 0.5158671905109783
  },
  "accuracy": 0.7169747681000345,
  "macro avg": {
    "precision": 0.7403231790634341,
    "recall": 0.7689298067690581,
    "f1-score": 0.7132600337946786,
    "support": 2973696.0
  },
  "weighted avg": {
    "precision": 0.8092390105906929,
    "recall": 0.7169747681000345,
    "f1-score": 0.7244963074475907,
    "support": 2973696.0
  },
  "inference_time_seconds": 1.418793198000003
}