{
  "soil": {
    "precision": 0.9751102409354642,
    "recall": 0.9703676997972285,
    "f1-score": 0.9727331898596706,
    "support": 13901857.0,
    "iou": 0.9469138691697737
  },
  "plant": {
    "precision": 0.890444038547665,
    "recall": 0.9067488221429808,
    "f1-score": 0.8985224688985842,
    "support": 3692511.0,
    "iou": 0.8157428940017615
  },
  "accuracy": 0.9570160746893551,
  "macro avg": {
    "precision": 0.9327771397415645,
    "recall": 0.9385582609701046,
    "f1-score": 0.9356278293791274,
    "support": 17594368.0
  },
  "weighted avg": {
    "precision": 0.9573414365291238,
    "recall": 0.9570160746893551,
    "f1-score": 0.9571586660423478,
    "support": 17594368.0
  }
}