{
  "soil": {
    "precision": 0.9574219072453405,
    "recall": 0.9458604733074737,
    "f1-score": 0.9516060754778713,
    "support": 1998743.0,
    "iou": 0.907679883696031
  },
  "plant": {
    "precision": 0.8916903298905303,
    "recall": 0.9137650738035578,
    "f1-score": 0.9025927513193741,
    "support": 974953.0,
    "iou": 0.8224774826342087
  },
  "accuracy": 0.9353377076876722,
  "macro avg": {
    "precision": 0.9245561185679354,
    "recall": 0.9298127735555157,
    "f1-score": 0.9270994133986228,
    "support": 2973696.0
  },
  "weighted avg": {
    "precision": 0.9358712179560504,
    "recall": 0.9353377076876722,
    "f1-score": 0.9355366159809021,
    "support": 2973696.0
  }
}