{
  "soil": {
    "precision": 0.9570544327212416,
    "recall": 0.9466389625879865,
    "f1-score": 0.9518182051414908,
    "support": 1998743.0,
    "iou": 0.9080659574611042
  },
  "plant": {
    "precision": 0.8929924099909201,
    "recall": 0.9129158020950754,
    "f1-score": 0.9028442052323477,
    "support": 974953.0,
    "iou": 0.8228951708937065
  },
  "accuracy": 0.9355825208763774,
  "macro avg": {
    "precision": 0.9250234213560808,
    "recall": 0.929777382341531,
    "f1-score": 0.9273312051869192,
    "support": 2973696.0
  },
  "weighted avg": {
    "precision": 0.9360511219433426,
    "recall": 0.9355825208763774,
    "f1-score": 0.9357616384536321,
    "support": 2973696.0
  },
  "inference_time_seconds": 0.39145651599983466
}