{
  "soil": {
    "precision": 0.9573030557755331,
    "recall": 0.9606162301084733,
    "f1-score": 0.9589567812146507,
    "support": 2047417.0,
    "iou": 0.9211498273179533
  },
  "plant": {
    "precision": 0.912276311938842,
    "recall": 0.9052974319832362,
    "f1-score": 0.9087734736696086,
    "support": 926279.0,
    "iou": 0.8328000206571763
  },
  "accuracy": 0.9433849324207989,
  "macro avg": {
    "precision": 0.9347896838571875,
    "recall": 0.9329568310458547,
    "f1-score": 0.9338651274421297,
    "support": 2973696.0
  },
  "weighted avg": {
    "precision": 0.943277638498748,
    "recall": 0.9433849324207989,
    "f1-score": 0.9433251416894557,
    "support": 2973696.0
  }
}