{
  "soil": {
    "precision": 0.9434526352599155,
    "recall": 0.9555929535843659,
    "f1-score": 0.9494839887900156,
    "support": 1998917.0,
    "iou": 0.9038262898024751
  },
  "plant": {
    "precision": 0.906469263700705,
    "recall": 0.8825497882084041,
    "f1-score": 0.894349622317079,
    "support": 974779.0,
    "iou": 0.8088900798743823
  },
  "accuracy": 0.931649368328168,
  "macro avg": {
    "precision": 0.9249609494803103,
    "recall": 0.919071370896385,
    "f1-score": 0.9219168055535474,
    "support": 2973696.0
  },
  "weighted avg": {
    "precision": 0.9313294680144688,
    "recall": 0.931649368328168,
    "f1-score": 0.931410916553942,
    "support": 2973696.0
  },
  "inference_time_seconds": 0.39486137499989127
}