{
  "soil": {
    "precision": 0.9443922761224266,
    "recall": 0.9676122772110887,
    "f1-score": 0.9558612810688085,
    "support": 2047566.0,
    "iou": 0.9154543009833539
  },
  "plant": {
    "precision": 0.9242783054307787,
    "recall": 0.8740349626942222,
    "f1-score": 0.8984547559375686,
    "support": 926130.0,
    "iou": 0.8156312786791422
  },
  "accuracy": 0.9384684917355371,
  "macro avg": {
    "precision": 0.9343352907766027,
    "recall": 0.9208236199526554,
    "f1-score": 0.9271580185031886,
    "support": 2973696.0
  },
  "weighted avg": {
    "precision": 0.9381279667657688,
    "recall": 0.9384684917355371,
    "f1-score": 0.9379825519990598,
    "support": 2973696.0
  }
}