{
  "soil": {
    "precision": 0.944282205456244,
    "recall": 0.9547254838495045,
    "f1-score": 0.9494751291125915,
    "support": 1998917.0,
    "iou": 0.9038102337458632
  },
  "plant": {
    "precision": 0.9050040307681972,
    "recall": 0.8844794563690846,
    "f1-score": 0.8946240397291553,
    "support": 974779.0,
    "iou": 0.8093391496499978
  },
  "accuracy": 0.9316988017605028,
  "macro avg": {
    "precision": 0.9246431181122206,
    "recall": 0.9196024701092946,
    "f1-score": 0.9220495844208734,
    "support": 2973696.0
  },
  "weighted avg": {
    "precision": 0.9314068006252729,
    "recall": 0.9316988017605028,
    "f1-score": 0.9314949152446991,
    "support": 2973696.0
  }
}