{
  "soil": {
    "precision": 0.9643566489387555,
    "recall": 0.9705276696481783,
    "f1-score": 0.9674323185251505,
    "support": 13901785.0,
    "iou": 0.9369190377364282
  },
  "plant": {
    "precision": 0.8863038985199344,
    "recall": 0.864951715371056,
    "f1-score": 0.8754976387046036,
    "support": 3692583.0,
    "iou": 0.7785645178157332
  },
  "accuracy": 0.9483701261676464,
  "macro avg": {
    "precision": 0.925330273729345,
    "recall": 0.9177396925096171,
    "f1-score": 0.9214649786148771,
    "support": 17594368.0
  },
  "weighted avg": {
    "precision": 0.9479754831418493,
    "recall": 0.9483701261676464,
    "f1-score": 0.9481377103973795,
    "support": 17594368.0
  }
}