{
  "soil": {
    "precision": 0.9408925799397592,
    "recall": 0.6707830871702866,
    "f1-score": 0.7832032738935845,
    "support": 1998743.0,
    "iou": 0.6436599122022038
  },
  "plant": {
    "precision": 0.5751277806331307,
    "recall": 0.9136112202331804,
    "f1-score": 0.7058902778102477,
    "support": 974953.0,
    "iou": 0.5454640095090366
  },
  "accuracy": 0.7503964763042356,
  "macro avg": {
    "precision": 0.758010180286445,
    "recall": 0.7921971537017335,
    "f1-score": 0.7445467758519161,
    "support": 2973696.0
  },
  "weighted avg": {
    "precision": 0.820973298218159,
    "recall": 0.7503964763042356,
    "f1-score": 0.757855512229165,
    "support": 2973696.0
  },
  "inference_time_seconds": 1.4025969499999746
}