{
  "soil": {
    "precision": 0.9401086237593211,
    "recall": 0.6691710740200216,
    "f1-score": 0.781832391627882,
    "support": 1998743.0,
    "iou": 0.6418101961130565
  },
  "plant": {
    "precision": 0.5736637379939354,
    "recall": 0.9126029665019749,
    "f1-score": 0.7044862506631194,
    "support": 974953.0,
    "iou": 0.5437890960429533
  },
  "accuracy": 0.7489824111139807,
  "macro avg": {
    "precision": 0.7568861808766283,
    "recall": 0.7908870202609983,
    "f1-score": 0.7431593211455008,
    "support": 2973696.0
  },
  "weighted avg": {
    "precision": 0.8199663695707221,
    "recall": 0.7489824111139807,
    "f1-score": 0.7564737631157483,
    "support": 2973696.0
  },
  "inference_time_seconds": 2.1504292499739677
}