{
  "soil": {
    "precision": 0.8259168367909548,
    "recall": 0.9855339080612164,
    "f1-score": 0.8986929953346029,
    "support": 1998743.0,
    "iou": 0.8160240437294294
  },
  "plant": {
    "precision": 0.9508829150210217,
    "recall": 0.5741415227195568,
    "f1-score": 0.715977201738521,
    "support": 974953.0,
    "iou": 0.5576047424609036
  },
  "accuracy": 0.8506552115616391,
  "macro avg": {
    "precision": 0.8883998759059883,
    "recall": 0.7798377153903866,
    "f1-score": 0.8073350985365619,
    "support": 2973696.0
  },
  "weighted avg": {
    "precision": 0.866888090365173,
    "recall": 0.8506552115616391,
    "f1-score": 0.8387879777692967,
    "support": 2973696.0
  },
  "inference_time_seconds": 0.3893025070001386
}