{
  "soil": {
    "precision": 0.8627992164770815,
    "recall": 0.9851046464887221,
    "f1-score": 0.9199044757385525,
    "support": 2047417.0,
    "iou": 0.8516880730225864
  },
  "plant": {
    "precision": 0.9520524362116756,
    "recall": 0.6537468732422953,
    "f1-score": 0.775191893123595,
    "support": 926279.0,
    "iou": 0.6329088522287348
  },
  "accuracy": 0.8818897425964187,
  "macro avg": {
    "precision": 0.9074258263443785,
    "recall": 0.8194257598655087,
    "f1-score": 0.8475481844310737,
    "support": 2973696.0
  },
  "weighted avg": {
    "precision": 0.8906007749156508,
    "recall": 0.8818897425964187,
    "f1-score": 0.87482783498173,
    "support": 2973696.0
  }
}