{
  "soil": {
    "precision": 0.8259585623210668,
    "recall": 0.9857060162312014,
    "f1-score": 0.8987892501471239,
    "support": 1998743.0,
    "iou": 0.8161827790613231
  },
  "plant": {
    "precision": 0.9514428625086891,
    "recall": 0.5741907558620775,
    "f1-score": 0.7161741715771186,
    "support": 974953.0,
    "iou": 0.5578437165864659
  },
  "accuracy": 0.850787034047865,
  "macro avg": {
    "precision": 0.888700712414878,
    "recall": 0.7799483860466394,
    "f1-score": 0.8074817108621213,
    "support": 2973696.0
  },
  "weighted avg": {
    "precision": 0.8670997196286137,
    "recall": 0.850787034047865,
    "f1-score": 0.8389172529096584,
    "support": 2973696.0
  }
}