{
  "soil": {
    "precision": 0.9328587722430932,
    "recall": 0.9853352685184432,
    "f1-score": 0.9583792143082804,
    "support": 13901857.0,
    "iou": 0.9200845715380382
  },
  "plant": {
    "precision": 0.9299542619028313,
    "recall": 0.7330017432581785,
    "f1-score": 0.8198149476108948,
    "support": 3692511.0,
    "iou": 0.6946494924260429
  },
  "accuracy": 0.9323783042391747,
  "macro avg": {
    "precision": 0.9314065170729622,
    "recall": 0.8591685058883108,
    "f1-score": 0.8890970809595876,
    "support": 17594368.0
  },
  "weighted avg": {
    "precision": 0.9322492057965445,
    "recall": 0.9323783042391747,
    "f1-score": 0.9292988813865733,
    "support": 17594368.0
  }
}