{
  "soil": {
    "precision": 0.8710453727648539,
    "recall": 0.6070045023297143,
    "f1-score": 0.7154406247189752,
    "support": 1998743.0,
    "iou": 0.5569541108696959
  },
  "plant": {
    "precision": 0.5031122812388904,
    "recall": 0.8157695806874793,
    "f1-score": 0.6223812860774391,
    "support": 974953.0,
    "iou": 0.45178051066488684
  },
  "accuracy": 0.6754500123751722,
  "macro avg": {
    "precision": 0.6870788270018722,
    "recall": 0.7113870415085968,
    "f1-score": 0.6689109553982071,
    "support": 2973696.0
  },
  "weighted avg": {
    "precision": 0.7504151969222282,
    "recall": 0.6754500123751722,
    "f1-score": 0.6849302829131613,
    "support": 2973696.0
  },
  "inference_time_seconds": 2.6643457919126377
}