{
  "soil": {
    "precision": 0.8597129102364659,
    "recall": 0.5961161590059352,
    "f1-score": 0.7040507278298412,
    "support": 1998743.0,
    "iou": 0.5432702829878969
  },
  "plant": {
    "precision": 0.4915819996120389,
    "recall": 0.8005801305293692,
    "f1-score": 0.6091352969340249,
    "support": 974953.0,
    "iou": 0.43795438592356806
  },
  "accuracy": 0.6631515124612604,
  "macro avg": {
    "precision": 0.6756474549242524,
    "recall": 0.6983481447676522,
    "f1-score": 0.656593012381933,
    "support": 2973696.0
  },
  "weighted avg": {
    "precision": 0.7390178776218285,
    "recall": 0.6631515124612604,
    "f1-score": 0.6729318494716738,
    "support": 2973696.0
  },
  "inference_time_seconds": 2.034405923999998
}