{
  "soil": {
    "precision": 0.9751963806582556,
    "recall": 0.5280757266838586,
    "f1-score": 0.6851421440740917,
    "support": 1978061.0,
    "iou": 0.5210769673590475
  },
  "plant": {
    "precision": 0.5093484469888497,
    "recall": 0.9733155222546415,
    "f1-score": 0.6687378394222339,
    "support": 995635.0,
    "iou": 0.5023336944633073
  },
  "accuracy": 0.6771482357308884,
  "macro avg": {
    "precision": 0.7422724138235527,
    "recall": 0.75069562446925,
    "f1-score": 0.6769399917481628,
    "support": 2973696.0
  },
  "weighted avg": {
    "precision": 0.8192239788260107,
    "recall": 0.6771482357308884,
    "f1-score": 0.6796497535062419,
    "support": 2973696.0
  },
  "inference_time_seconds": 3.479800247999947
}