{
  "soil": {
    "precision": 0.9747965957287443,
    "recall": 0.5263492885204248,
    "f1-score": 0.683589116817366,
    "support": 1978061.0,
    "iou": 0.5192824866083452
  },
  "plant": {
    "precision": 0.5083452891595728,
    "recall": 0.9729629834226399,
    "f1-score": 0.6677896266485505,
    "support": 995635.0,
    "iou": 0.5012643948782564
  },
  "accuracy": 0.6758817982739325,
  "macro avg": {
    "precision": 0.7415709424441586,
    "recall": 0.7496561359715324,
    "f1-score": 0.6756893717329582,
    "support": 2973696.0
  },
  "weighted avg": {
    "precision": 0.8186221762130987,
    "recall": 0.6758817982739325,
    "f1-score": 0.6782992265951547,
    "support": 2973696.0
  },
  "inference_time_seconds": 4.126628833007999
}