{
  "soil": {
    "precision": 0.9507513694918457,
    "recall": 0.900830876710207,
    "f1-score": 0.9251181701159042,
    "support": 1988502.0,
    "iou": 0.860669651672928
  },
  "plant": {
    "precision": 0.8190184865496882,
    "recall": 0.9058165193860296,
    "f1-score": 0.8602335553791528,
    "support": 985194.0,
    "iou": 0.7547454651249332
  },
  "accuracy": 0.9024826344051309,
  "macro avg": {
    "precision": 0.8848849280207669,
    "recall": 0.9033236980481183,
    "f1-score": 0.8926758627475285,
    "support": 2973696.0
  },
  "weighted avg": {
    "precision": 0.9071078881550461,
    "recall": 0.9024826344051309,
    "f1-score": 0.903621711456055,
    "support": 2973696.0
  },
  "inference_time_seconds": 0.026802076999956626
}