{
  "soil": {
    "precision": 0.971556899478974,
    "recall": 0.5491261257700465,
    "f1-score": 0.7016679575136082,
    "support": 1998743.0,
    "iou": 0.5404379885517326
  },
  "plant": {
    "precision": 0.5112906602053577,
    "recall": 0.9670425138442571,
    "f1-score": 0.6689152540569112,
    "support": 974953.0,
    "iou": 0.5025339341432968
  },
  "accuracy": 0.6861437752883953,
  "macro avg": {
    "precision": 0.7414237798421659,
    "recall": 0.7580843198071519,
    "f1-score": 0.6852916057852597,
    "support": 2973696.0
  },
  "weighted avg": {
    "precision": 0.8206544700515778,
    "recall": 0.6861437752883953,
    "f1-score": 0.6909296888764586,
    "support": 2973696.0
  },
  "inference_time_seconds": 3.6356838689999904
}