{
  "soil": {
    "precision": 0.9715456572992075,
    "recall": 0.5496544578267442,
    "f1-score": 0.7020961886694421,
    "support": 1998743.0,
    "iou": 0.5409462415783199
  },
  "plant": {
    "precision": 0.5115719663877949,
    "recall": 0.9669973834636131,
    "f1-score": 0.6691451476388955,
    "support": 974953.0,
    "iou": 0.5027934837910742
  },
  "accuracy": 0.6864840925232438,
  "macro avg": {
    "precision": 0.7415588118435013,
    "recall": 0.7583259206451787,
    "f1-score": 0.6856206681541688,
    "support": 2973696.0
  },
  "weighted avg": {
    "precision": 0.8207391424856035,
    "recall": 0.6864840925232438,
    "f1-score": 0.6912928932734587,
    "support": 2973696.0
  },
  "inference_time_seconds": 4.36639116704464
}