{
  "soil": {
    "precision": 0.9530409455942255,
    "recall": 0.943906342872035,
    "f1-score": 0.948451650747228,
    "support": 13901857.0,
    "iou": 0.9019572437360543
  },
  "plant": {
    "precision": 0.7961694368381047,
    "recall": 0.8248993706450706,
    "f1-score": 0.8102798158139369,
    "support": 3692511.0,
    "iou": 0.6810675540217744
  },
  "accuracy": 0.9189304782075719,
  "macro avg": {
    "precision": 0.8746051912161651,
    "recall": 0.8844028567585528,
    "f1-score": 0.8793657332805824,
    "support": 17594368.0
  },
  "weighted avg": {
    "precision": 0.9201184915641306,
    "recall": 0.9189304782075719,
    "f1-score": 0.9194536770557967,
    "support": 17594368.0
  }
}