{
  "soil": {
    "precision": 0.9311228216101899,
    "recall": 0.9371359132018539,
    "f1-score": 0.9341196906760765,
    "support": 2047417.0,
    "iou": 0.8763832885406979
  },
  "plant": {
    "precision": 0.8590350876232261,
    "recall": 0.846772948539263,
    "f1-score": 0.8528599451106269,
    "support": 926279.0,
    "iou": 0.7434662763936651
  },
  "accuracy": 0.9089886794077136,
  "macro avg": {
    "precision": 0.895078954616708,
    "recall": 0.8919544308705585,
    "f1-score": 0.8934898178933517,
    "support": 2973696.0
  },
  "weighted avg": {
    "precision": 0.9086681543712687,
    "recall": 0.9089886794077136,
    "f1-score": 0.9088080260463971,
    "support": 2973696.0
  }
}