{
  "soil": {
    "precision": 0.9227226671728602,
    "recall": 0.9217338096993961,
    "f1-score": 0.9222279733609922,
    "support": 1998743.0,
    "iou": 0.8556800052019591
  },
  "plant": {
    "precision": 0.8398988839365671,
    "recall": 0.8417441661290339,
    "f1-score": 0.8408205126103456,
    "support": 974953.0,
    "iou": 0.7253583433431708
  },
  "accuracy": 0.8955084850637053,
  "macro avg": {
    "precision": 0.8813107755547136,
    "recall": 0.881738987914215,
    "f1-score": 0.8815242429856689,
    "support": 2973696.0
  },
  "weighted avg": {
    "precision": 0.895568144337448,
    "recall": 0.8955084850637053,
    "f1-score": 0.8955378046008953,
    "support": 2973696.0
  }
}