{
  "soil": {
    "precision": 0.921284228482172,
    "recall": 0.9230491363822162,
    "f1-score": 0.9221658379807638,
    "support": 1998743.0,
    "iou": 0.8555730282784504
  },
  "plant": {
    "precision": 0.8416216672639127,
    "recall": 0.838316308581029,
    "f1-score": 0.8399657361964609,
    "support": 974953.0,
    "iou": 0.7240870053634172
  },
  "accuracy": 0.8952687161027892,
  "macro avg": {
    "precision": 0.8814529478730424,
    "recall": 0.8806827224816226,
    "f1-score": 0.8810657870886123,
    "support": 2973696.0
  },
  "weighted avg": {
    "precision": 0.8951661407397042,
    "recall": 0.8952687161027892,
    "f1-score": 0.8952157947231774,
    "support": 2973696.0
  },
  "inference_time_seconds": 0.38990990000002057
}