{
  "soil": {
    "precision": 0.9590376198536984,
    "recall": 0.9655997658578747,
    "f1-score": 0.9623075058757091,
    "support": 13902667.0,
    "iou": 0.9273532489871201
  },
  "plant": {
    "precision": 0.8670248038897028,
    "recall": 0.8446832503499064,
    "f1-score": 0.8557082239224266,
    "support": 3691701.0,
    "iou": 0.7478059720534221
  },
  "accuracy": 0.9402287140976021,
  "macro avg": {
    "precision": 0.9130312118717006,
    "recall": 0.9051415081038905,
    "f1-score": 0.9090078648990678,
    "support": 17594368.0
  },
  "weighted avg": {
    "precision": 0.9397312256310075,
    "recall": 0.9402287140976021,
    "f1-score": 0.939940537321555,
    "support": 17594368.0
  }
}