{
  "soil": {
    "precision": 0.9585041712438064,
    "recall": 0.9672739050715953,
    "f1-score": 0.9628690700647112,
    "support": 13902667.0,
    "iou": 0.9283968323312747
  },
  "plant": {
    "precision": 0.8723579744704727,
    "recall": 0.8423000670964415,
    "f1-score": 0.8570655636468725,
    "support": 3691701.0,
    "iou": 0.74988165233834
  },
  "accuracy": 0.9410515342182225,
  "macro avg": {
    "precision": 0.9154310728571395,
    "recall": 0.9047869860840183,
    "f1-score": 0.9099673168557918,
    "support": 17594368.0
  },
  "weighted avg": {
    "precision": 0.9404287279670537,
    "recall": 0.9410515342182225,
    "f1-score": 0.9406690734267962,
    "support": 17594368.0
  }
}