{
  "soil": {
    "precision": 0.9412251234158102,
    "recall": 0.9432317490425826,
    "f1-score": 0.9422273678719246,
    "support": 1999128.0,
    "iou": 0.8907655003101267
  },
  "plant": {
    "precision": 0.8830399894466282,
    "recall": 0.8791782615476806,
    "f1-score": 0.8811048941988016,
    "support": 974568.0,
    "iou": 0.7874776550817744
  },
  "accuracy": 0.922239529528237,
  "macro avg": {
    "precision": 0.9121325564312193,
    "recall": 0.9112050052951316,
    "f1-score": 0.9116661310353631,
    "support": 2973696.0
  },
  "weighted avg": {
    "precision": 0.922156136659236,
    "recall": 0.922239529528237,
    "f1-score": 0.9221957281472628,
    "support": 2973696.0
  }
}