{
  "soil": {
    "precision": 0.9431406985795652,
    "recall": 0.956184706084592,
    "f1-score": 0.9496179111311149,
    "support": 2047664.0,
    "iou": 0.9040690251618065
  },
  "plant": {
    "precision": 0.9000581478246921,
    "recall": 0.8725324826787844,
    "f1-score": 0.8860815991718136,
    "support": 926032.0,
    "iou": 0.795463652017079
  },
  "accuracy": 0.9301347548639807,
  "macro avg": {
    "precision": 0.9215994232021286,
    "recall": 0.9143585943816882,
    "f1-score": 0.9178497551514643,
    "support": 2973696.0
  },
  "weighted avg": {
    "precision": 0.9297244581028532,
    "recall": 0.9301347548639807,
    "f1-score": 0.9298322107648718,
    "support": 2973696.0
  }
}