{
  "soil": {
    "precision": 0.9362221360403646,
    "recall": 0.9491448271446351,
    "f1-score": 0.9426391942074345,
    "support": 1999128.0,
    "iou": 0.8915019254008197
  },
  "plant": {
    "precision": 0.8926411918384243,
    "recall": 0.8673668743484293,
    "f1-score": 0.8798225591738302,
    "support": 974568.0,
    "iou": 0.785431421047839
  },
  "accuracy": 0.9223437769025482,
  "macro avg": {
    "precision": 0.9144316639393945,
    "recall": 0.9082558507465321,
    "f1-score": 0.9112308766906323,
    "support": 2973696.0
  },
  "weighted avg": {
    "precision": 0.9219393735693532,
    "recall": 0.9223437769025482,
    "f1-score": 0.9220523277720524,
    "support": 2973696.0
  },
  "inference_time_seconds": 0.48030405500003326
}