{
  "soil": {
    "precision": 0.9384137172643701,
    "recall": 0.9480718593306682,
    "f1-score": 0.9432180651537724,
    "support": 1999128.0,
    "iou": 0.8925380289463597
  },
  "plant": {
    "precision": 0.8911826397049035,
    "recall": 0.8723680646194006,
    "f1-score": 0.881674989798093,
    "support": 974568.0,
    "iou": 0.7883888688485217
  },
  "accuracy": 0.9232614900783402,
  "macro avg": {
    "precision": 0.9147981784846368,
    "recall": 0.9102199619750344,
    "f1-score": 0.9124465274759327,
    "support": 2973696.0
  },
  "weighted avg": {
    "precision": 0.9229346982943831,
    "recall": 0.9232614900783402,
    "f1-score": 0.9230485818363001,
    "support": 2973696.0
  }
}