{
  "soil": {
    "precision": 0.9405262772678588,
    "recall": 0.9601643629032888,
    "f1-score": 0.9502438689605791,
    "support": 2047664.0,
    "iou": 0.9052044002064468
  },
  "plant": {
    "precision": 0.9076507143285741,
    "recall": 0.8657443803237901,
    "f1-score": 0.8862024120810763,
    "support": 926032.0,
    "iou": 0.7956584048066597
  },
  "accuracy": 0.9307612479554064,
  "macro avg": {
    "precision": 0.9240884957982165,
    "recall": 0.9129543716135394,
    "f1-score": 0.9182231405208277,
    "support": 2973696.0
  },
  "weighted avg": {
    "precision": 0.9302885719678579,
    "recall": 0.9307612479554064,
    "f1-score": 0.930300862548007,
    "support": 2973696.0
  }
}