{
  "soil": {
    "precision": 0.9449083072178549,
    "recall": 0.6156304237213088,
    "f1-score": 0.7455301044661996,
    "support": 1998743.0,
    "iou": 0.5942989203012821
  },
  "plant": {
    "precision": 0.540370225676008,
    "recall": 0.9264149143599743,
    "f1-score": 0.682590820806977,
    "support": 974953.0,
    "iou": 0.5181312166240537
  },
  "accuracy": 0.7175239163653582,
  "macro avg": {
    "precision": 0.7426392664469315,
    "recall": 0.7710226690406415,
    "f1-score": 0.7140604626365883,
    "support": 2973696.0
  },
  "weighted avg": {
    "precision": 0.8122768559150088,
    "recall": 0.7175239163653582,
    "f1-score": 0.7248948937985961,
    "support": 2973696.0
  },
  "inference_time_seconds": 2.135473500005901
}