{
  "soil": {
    "precision": 0.9456832168020326,
    "recall": 0.6154568146079811,
    "f1-score": 0.7456437840691637,
    "support": 1998743.0,
    "iou": 0.5944434081795769
  },
  "plant": {
    "precision": 0.5405567932591349,
    "recall": 0.9275298398999746,
    "f1-score": 0.68304219190333,
    "support": 974953.0,
    "iou": 0.518651537432695
  },
  "accuracy": 0.7177727649362947,
  "macro avg": {
    "precision": 0.7431200050305837,
    "recall": 0.7714933272539779,
    "f1-score": 0.7143429879862468,
    "support": 2973696.0
  },
  "weighted avg": {
    "precision": 0.8128588722784436,
    "recall": 0.7177727649362947,
    "f1-score": 0.7251192885972472,
    "support": 2973696.0
  },
  "inference_time_seconds": 1.3878701969999838
}