{
  "soil": {
    "precision": 0.7421448832013141,
    "recall": 0.6437841183183631,
    "f1-score": 0.6894741199186301,
    "support": 1998743.0,
    "iou": 0.5261049250517822
  },
  "plant": {
    "precision": 0.42575359436322546,
    "recall": 0.5414353307287634,
    "f1-score": 0.476676339425802,
    "support": 974953.0,
    "iou": 0.31291862114589936
  },
  "accuracy": 0.6102281470600895,
  "macro avg": {
    "precision": 0.5839492387822698,
    "recall": 0.5926097245235633,
    "f1-score": 0.583075229672216,
    "support": 2973696.0
  },
  "weighted avg": {
    "precision": 0.6384131513004873,
    "recall": 0.6102281470600895,
    "f1-score": 0.6197064521796197,
    "support": 2973696.0
  },
  "inference_time_seconds": 1.623640334000811
}