{
  "soil": {
    "precision": 0.7392821630883948,
    "recall": 0.6372029820742336,
    "f1-score": 0.684457512047555,
    "support": 1998743.0,
    "iou": 0.520285371484176
  },
  "plant": {
    "precision": 0.42032412503587313,
    "recall": 0.5393070230052115,
    "f1-score": 0.4724393388711931,
    "support": 974953.0,
    "iou": 0.3092769739972743
  },
  "accuracy": 0.6051069107265841,
  "macro avg": {
    "precision": 0.579803144062134,
    "recall": 0.5882550025397226,
    "f1-score": 0.578448425459374,
    "support": 2973696.0
  },
  "weighted avg": {
    "precision": 0.6347088993541664,
    "recall": 0.6051069107265841,
    "f1-score": 0.6149454455845361,
    "support": 2973696.0
  },
  "inference_time_seconds": 0.8481255559998999
}