{
  "soil": {
    "precision": 0.8761971881797659,
    "recall": 0.8627417331793031,
    "f1-score": 0.8694174032820475,
    "support": 1998743.0,
    "iou": 0.7689994572762223
  },
  "plant": {
    "precision": 0.7271965212445322,
    "recall": 0.7500905171839053,
    "f1-score": 0.7384661213773603,
    "support": 974953.0,
    "iou": 0.5853716129951485
  },
  "accuracy": 0.8258080180354683,
  "macro avg": {
    "precision": 0.801696854712149,
    "recall": 0.8064161251816042,
    "f1-score": 0.8039417623297039,
    "support": 2973696.0
  },
  "weighted avg": {
    "precision": 0.827345978361914,
    "recall": 0.8258080180354683,
    "f1-score": 0.8264838468099601,
    "support": 2973696.0
  },
  "inference_time_seconds": 0.006764833931811154
}