{
  "soil": {
    "precision": 0.9613200418112791,
    "recall": 0.21257860565365333,
    "f1-score": 0.34816646993582656,
    "support": 1998743.0,
    "iou": 0.21077576135792592
  },
  "plant": {
    "precision": 0.37834388614809755,
    "recall": 0.9824647957388715,
    "f1-score": 0.5463068449976516,
    "support": 974953.0,
    "iou": 0.375806161787127
  },
  "accuracy": 0.46499272286070936,
  "macro avg": {
    "precision": 0.6698319639796884,
    "recall": 0.5975217006962624,
    "f1-score": 0.4472366574667391,
    "support": 2973696.0
  },
  "weighted avg": {
    "precision": 0.7701860617769092,
    "recall": 0.46499272286070936,
    "f1-score": 0.4131285753721763,
    "support": 2973696.0
  },
  "inference_time_seconds": 0.061674846999949295
}