{
  "soil": {
    "precision": 0.7063990322107522,
    "recall": 0.6409718508082329,
    "f1-score": 0.6720968974344245,
    "support": 1998743.0,
    "iou": 0.506133991355167
  },
  "plant": {
    "precision": 0.38141659440141096,
    "recall": 0.4538403389701863,
    "f1-score": 0.41448859524756315,
    "support": 974953.0,
    "iou": 0.2614226513951073
  },
  "accuracy": 0.5796191002711777,
  "macro avg": {
    "precision": 0.5439078133060815,
    "recall": 0.5474060948892097,
    "f1-score": 0.5432927463409938,
    "support": 2973696.0
  },
  "weighted avg": {
    "precision": 0.5998506147902994,
    "recall": 0.5796191002711777,
    "f1-score": 0.5876376968160737,
    "support": 2973696.0
  },
  "inference_time_seconds": 0.03602216695435345
}