{
  "soil": {
    "precision": 0.9505375008064304,
    "recall": 0.9714933499135741,
    "f1-score": 0.9609011848389313,
    "support": 2047417.0,
    "iou": 0.9247447603816041
  },
  "plant": {
    "precision": 0.9337620199264363,
    "recall": 0.8882593689374367,
    "f1-score": 0.910442509212026,
    "support": 926279.0,
    "iou": 0.8356075901544111
  },
  "accuracy": 0.9455667290805785,
  "macro avg": {
    "precision": 0.9421497603664333,
    "recall": 0.9298763594255054,
    "f1-score": 0.9356718470254786,
    "support": 2973696.0
  },
  "weighted avg": {
    "precision": 0.9453120925420886,
    "recall": 0.9455667290805785,
    "f1-score": 0.9451837706846214,
    "support": 2973696.0
  }
}