{
  "soil": {
    "precision": 0.9492858062662823,
    "recall": 0.9589351907673973,
    "f1-score": 0.954086101284707,
    "support": 1998743.0,
    "iou": 0.9122032917399999
  },
  "plant": {
    "precision": 0.9140216794673572,
    "recall": 0.894974424408151,
    "f1-score": 0.9043977758994273,
    "support": 974953.0,
    "iou": 0.8254800474158279
  },
  "accuracy": 0.9379650778021694,
  "macro avg": {
    "precision": 0.9316537428668198,
    "recall": 0.9269548075877742,
    "f1-score": 0.9292419385920672,
    "support": 2973696.0
  },
  "weighted avg": {
    "precision": 0.9377241448809248,
    "recall": 0.9379650778021694,
    "f1-score": 0.9377953365598142,
    "support": 2973696.0
  },
  "inference_time_seconds": 0.4779223359998923
}