{
  "soil": {
    "precision": 0.9748249655117868,
    "recall": 0.9787893085074894,
    "f1-score": 0.9768031147173164,
    "support": 13901857.0,
    "iou": 0.9546580220945945
  },
  "plant": {
    "precision": 0.9189026550230255,
    "recall": 0.9048335942668824,
    "f1-score": 0.911813857348727,
    "support": 3692511.0,
    "iou": 0.8379208497612091
  },
  "accuracy": 0.9632683026750378,
  "macro avg": {
    "precision": 0.9468638102674061,
    "recall": 0.9418114513871858,
    "f1-score": 0.9443084860330218,
    "support": 17594368.0
  },
  "weighted avg": {
    "precision": 0.963088610638161,
    "recall": 0.9632683026750378,
    "f1-score": 0.963163889499602,
    "support": 17594368.0
  }
}