{
  "soil": {
    "precision": 0.9501347976841837,
    "recall": 0.9563910918011971,
    "f1-score": 0.9532526796798622,
    "support": 1998743.0,
    "iou": 0.9106807929427694
  },
  "plant": {
    "precision": 0.9093743761644929,
    "recall": 0.897098629369826,
    "f1-score": 0.9031947933259153,
    "support": 974953.0,
    "iou": 0.8234778498770379
  },
  "accuracy": 0.9369515242983816,
  "macro avg": {
    "precision": 0.9297545869243383,
    "recall": 0.9267448605855115,
    "f1-score": 0.9282237365028887,
    "support": 2973696.0
  },
  "weighted avg": {
    "precision": 0.9367711266021743,
    "recall": 0.9369515242983816,
    "f1-score": 0.9368407510649533,
    "support": 2973696.0
  }
}