{
  "soil": {
    "precision": 0.9475866710946117,
    "recall": 0.95932943855213,
    "f1-score": 0.9534218989099398,
    "support": 1998743.0,
    "iou": 0.910989727299765
  },
  "plant": {
    "precision": 0.9144481489900903,
    "recall": 0.8912162945290696,
    "f1-score": 0.902682770109348,
    "support": 974953.0,
    "iou": 0.8226269901907042
  },
  "accuracy": 0.9369979311940427,
  "macro avg": {
    "precision": 0.931017410042351,
    "recall": 0.9252728665405998,
    "f1-score": 0.9280523345096439,
    "support": 2973696.0
  },
  "weighted avg": {
    "precision": 0.9367219083409981,
    "recall": 0.9369979311940427,
    "f1-score": 0.9367866188269981,
    "support": 2973696.0
  }
}