{
  "soil": {
    "precision": 0.9524892495868181,
    "recall": 0.9685838302602743,
    "f1-score": 0.960469120435508,
    "support": 2047417.0,
    "iou": 0.9239447709700489
  },
  "plant": {
    "precision": 0.9278644989306738,
    "recall": 0.8932092814368026,
    "f1-score": 0.9102071440437148,
    "support": 926279.0,
    "iou": 0.8352111495950438
  },
  "accuracy": 0.9451053503787878,
  "macro avg": {
    "precision": 0.940176874258746,
    "recall": 0.9308965558485385,
    "f1-score": 0.9353381322396115,
    "support": 2973696.0
  },
  "weighted avg": {
    "precision": 0.9448188658579424,
    "recall": 0.9451053503787878,
    "f1-score": 0.9448129762868749,
    "support": 2973696.0
  }
}