{
  "soil": {
    "precision": 0.9715754410518234,
    "recall": 0.9776579488625152,
    "f1-score": 0.9746072048413478,
    "support": 13901857.0,
    "iou": 0.9504720624553962
  },
  "plant": {
    "precision": 0.9138544420866132,
    "recall": 0.8923150127379444,
    "f1-score": 0.9029562934451815,
    "support": 3692511.0,
    "iou": 0.8230814215058453
  },
  "accuracy": 0.959747119078105,
  "macro avg": {
    "precision": 0.9427149415692182,
    "recall": 0.9349864808002298,
    "f1-score": 0.9387817491432646,
    "support": 17594368.0
  },
  "weighted avg": {
    "precision": 0.9594615973712758,
    "recall": 0.959747119078105,
    "f1-score": 0.9595699054913303,
    "support": 17594368.0
  }
}