{
  "soil": {
    "precision": 0.9504150600350462,
    "recall": 0.9028159198055978,
    "f1-score": 0.9260042120560869,
    "support": 1998743.0,
    "iou": 0.8622046961923888
  },
  "plant": {
    "precision": 0.8193152908455846,
    "recall": 0.9034373964693683,
    "f1-score": 0.8593225002048772,
    "support": 974953.0,
    "iou": 0.7533439559903832
  },
  "accuracy": 0.9030196765237604,
  "macro avg": {
    "precision": 0.8848651754403154,
    "recall": 0.903126658137483,
    "f1-score": 0.892663356130482,
    "support": 2973696.0
  },
  "weighted avg": {
    "precision": 0.9074328206701033,
    "recall": 0.9030196765237604,
    "f1-score": 0.90414201261994,
    "support": 2973696.0
  },
  "inference_time_seconds": 0.023686125059612095
}