{
  "soil": {
    "precision": 0.8909719862286521,
    "recall": 0.9510042061435612,
    "f1-score": 0.9200098350547099,
    "support": 1998743.0,
    "iou": 0.8518687159538305
  },
  "plant": {
    "precision": 0.8834556535254278,
    "recall": 0.7614223454874235,
    "f1-score": 0.8179121810190862,
    "support": 974953.0,
    "iou": 0.6919216727266626
  },
  "accuracy": 0.8888480866907713,
  "macro avg": {
    "precision": 0.88721381987704,
    "recall": 0.8562132758154923,
    "f1-score": 0.8689610080368981,
    "support": 2973696.0
  },
  "weighted avg": {
    "precision": 0.8885076888969792,
    "recall": 0.8888480866907713,
    "f1-score": 0.8865362001925743,
    "support": 2973696.0
  },
  "inference_time_seconds": 0.007267707958817482
}