{
  "soil": {
    "precision": 0.7177417385217948,
    "recall": 0.6028243751197627,
    "f1-score": 0.6552829283626669,
    "support": 1998743.0,
    "iou": 0.48730170991641514
  },
  "plant": {
    "precision": 0.3869731445723495,
    "recall": 0.5139929822258099,
    "f1-score": 0.4415293199243675,
    "support": 974953.0,
    "iou": 0.2833093529247147
  },
  "accuracy": 0.5737002033832644,
  "macro avg": {
    "precision": 0.5523574415470721,
    "recall": 0.5584086786727863,
    "f1-score": 0.5484061241435172,
    "support": 2973696.0
  },
  "weighted avg": {
    "precision": 0.6092962777293017,
    "recall": 0.5737002033832644,
    "f1-score": 0.5852018838282742,
    "support": 2973696.0
  },
  "inference_time_seconds": 0.7918235089999826
}