{
  "soil": {
    "precision": 0.7154511087171797,
    "recall": 0.5924478534759096,
    "f1-score": 0.6481654713078301,
    "support": 1998743.0,
    "iou": 0.4794710133161761
  },
  "plant": {
    "precision": 0.3822226098431273,
    "recall": 0.5169408166342377,
    "f1-score": 0.4394895571819608,
    "support": 974953.0,
    "iou": 0.2816319231983549
  },
  "accuracy": 0.5676921918044077,
  "macro avg": {
    "precision": 0.5488368592801535,
    "recall": 0.5546943350550737,
    "f1-score": 0.5438275142448954,
    "support": 2973696.0
  },
  "weighted avg": {
    "precision": 0.6061991459534156,
    "recall": 0.5676921918044077,
    "f1-score": 0.5797491945583713,
    "support": 2973696.0
  },
  "inference_time_seconds": 1.598309208988212
}