{
  "soil": {
    "precision": 0.8549662282775725,
    "recall": 0.7680016890615752,
    "f1-score": 0.8091540201044758,
    "support": 1998743.0,
    "iou": 0.6794783152187867
  },
  "plant": {
    "precision": 0.6064490065427041,
    "recall": 0.7329112275155828,
    "f1-score": 0.6637098437125559,
    "support": 974953.0,
    "iou": 0.49668093459321117
  },
  "accuracy": 0.756496965392562,
  "macro avg": {
    "precision": 0.7307076174101383,
    "recall": 0.750456458288579,
    "f1-score": 0.7364319319085159,
    "support": 2973696.0
  },
  "weighted avg": {
    "precision": 0.7734876202147191,
    "recall": 0.756496965392562,
    "f1-score": 0.7614688377234149,
    "support": 2973696.0
  },
  "inference_time_seconds": 2.1723264580359682
}