{
  "soil": {
    "precision": 0.8538295365170172,
    "recall": 0.7718060801213563,
    "f1-score": 0.8107485108301826,
    "support": 1998743.0,
    "iou": 0.6817300783000432
  },
  "plant": {
    "precision": 0.6091555602019945,
    "recall": 0.7291243783033644,
    "f1-score": 0.6637627245886394,
    "support": 974953.0,
    "iou": 0.4967401649413649
  },
  "accuracy": 0.7578125,
  "macro avg": {
    "precision": 0.7314925483595058,
    "recall": 0.7504652292123604,
    "f1-score": 0.737255617709411,
    "support": 2973696.0
  },
  "weighted avg": {
    "precision": 0.773610971058322,
    "recall": 0.7578125,
    "f1-score": 0.7625578977838083,
    "support": 2973696.0
  },
  "inference_time_seconds": 1.4330666330000668
}