{
  "soil": {
    "precision": 0.8297839641326902,
    "recall": 0.9859781872907122,
    "f1-score": 0.9011630605441273,
    "support": 1998743.0,
    "iou": 0.8201062670775972
  },
  "plant": {
    "precision": 0.9531901389631213,
    "recall": 0.5853553966191191,
    "f1-score": 0.7253018892743283,
    "support": 974953.0,
    "iou": 0.5689989521216297
  },
  "accuracy": 0.8546303993414256,
  "macro avg": {
    "precision": 0.8914870515479058,
    "recall": 0.7856667919549156,
    "f1-score": 0.8132324749092278,
    "support": 2973696.0
  },
  "weighted avg": {
    "precision": 0.8702437893365622,
    "recall": 0.8546303993414256,
    "f1-score": 0.8435053926073226,
    "support": 2973696.0
  }
}