{
  "soil": {
    "precision": 0.8552022647013535,
    "recall": 0.9874099902462469,
    "f1-score": 0.9165631646917983,
    "support": 2047417.0,
    "iou": 0.8459774809401479
  },
  "plant": {
    "precision": 0.9577262678675684,
    "recall": 0.6304655508761399,
    "f1-score": 0.7603784529469553,
    "support": 926279.0,
    "iou": 0.6133956405925702
  },
  "accuracy": 0.8762250747890841,
  "macro avg": {
    "precision": 0.906464266284461,
    "recall": 0.8089377705611933,
    "f1-score": 0.8384708088193769,
    "support": 2973696.0
  },
  "weighted avg": {
    "precision": 0.8871375503286667,
    "recall": 0.8762250747890841,
    "f1-score": 0.8679130610462671,
    "support": 2973696.0
  }
}