{
  "soil": {
    "precision": 0.9107393685465432,
    "recall": 0.9869448376573,
    "f1-score": 0.9473120082886208,
    "support": 13901857.0,
    "iou": 0.8998981804176885
  },
  "plant": {
    "precision": 0.9282440913096716,
    "recall": 0.6358253232014746,
    "f1-score": 0.7546993680600804,
    "support": 3692511.0,
    "iou": 0.6060378905328392
  },
  "accuracy": 0.9132557645719358,
  "macro avg": {
    "precision": 0.9194917299281073,
    "recall": 0.8113850804293873,
    "f1-score": 0.8510056881743506,
    "support": 17594368.0
  },
  "weighted avg": {
    "precision": 0.91441306579755,
    "recall": 0.9132557645719358,
    "f1-score": 0.906888601617638,
    "support": 17594368.0
  }
}