{
  "soil": {
    "precision": 0.8292141575725739,
    "recall": 0.985608955228361,
    "f1-score": 0.9006727914593363,
    "support": 1998743.0,
    "iou": 0.8192945507597894
  },
  "plant": {
    "precision": 0.951897895909214,
    "recall": 0.5838373747247303,
    "f1-score": 0.723762199359031,
    "support": 974953.0,
    "iou": 0.5671060667498906
  },
  "accuracy": 0.8538845261923209,
  "macro avg": {
    "precision": 0.890556026740894,
    "recall": 0.7847231649765456,
    "f1-score": 0.8122174954091836,
    "support": 2973696.0
  },
  "weighted avg": {
    "precision": 0.8694371254692661,
    "recall": 0.8538845261923209,
    "f1-score": 0.842671061457356,
    "support": 2973696.0
  },
  "inference_time_seconds": 0.4552161569999953
}