{
  "soil": {
    "precision": 0.7004208711525785,
    "recall": 0.6634409726513113,
    "f1-score": 0.6814295834051695,
    "support": 1998743.0,
    "iou": 0.5167942301973841
  },
  "plant": {
    "precision": 0.37741096549681624,
    "recall": 0.4182611879752152,
    "f1-score": 0.396787440894449,
    "support": 974953.0,
    "iou": 0.2474952174250811
  },
  "accuracy": 0.5830565733686295,
  "macro avg": {
    "precision": 0.5389159183246973,
    "recall": 0.5408510803132632,
    "f1-score": 0.5391085121498093,
    "support": 2973696.0
  },
  "weighted avg": {
    "precision": 0.5945191661535462,
    "recall": 0.5830565733686295,
    "f1-score": 0.5881070949035693,
    "support": 2973696.0
  },
  "inference_time_seconds": 0.03559683298226446
}