{
  "soil": {
    "precision": 0.9305534773941626,
    "recall": 0.09645712330199531,
    "f1-score": 0.1747956865241051,
    "support": 1998743.0,
    "iou": 0.09576773692323053
  },
  "plant": {
    "precision": 0.3472112025418261,
    "recall": 0.9852423655294152,
    "f1-score": 0.5134695793202027,
    "support": 974953.0,
    "iou": 0.34541478073848675
  },
  "accuracy": 0.38785336497073003,
  "macro avg": {
    "precision": 0.6388823399679944,
    "recall": 0.5408497444157053,
    "f1-score": 0.3441326329221539,
    "support": 2973696.0
  },
  "weighted avg": {
    "precision": 0.7392994618881693,
    "recall": 0.38785336497073003,
    "f1-score": 0.2858329706994995,
    "support": 2973696.0
  },
  "inference_time_seconds": 0.05442954192403704
}