{
  "soil": {
    "precision": 0.9724727709743887,
    "recall": 0.5416839483615452,
    "f1-score": 0.6957970512940393,
    "support": 1998743.0,
    "iou": 0.5335036636624798
  },
  "plant": {
    "precision": 0.5075926083203162,
    "recall": 0.9685656641909918,
    "f1-score": 0.666103060859199,
    "support": 974953.0,
    "iou": 0.49936621137181264
  },
  "accuracy": 0.6816409612818526,
  "macro avg": {
    "precision": 0.7400326896473524,
    "recall": 0.7551248062762685,
    "f1-score": 0.6809500560766192,
    "support": 2973696.0
  },
  "weighted avg": {
    "precision": 0.8200576252365338,
    "recall": 0.6816409612818526,
    "f1-score": 0.6860616092527484,
    "support": 2973696.0
  },
  "inference_time_seconds": 3.5686064000000215
}