{
  "soil": {
    "precision": 0.9724696348997777,
    "recall": 0.541337730763785,
    "f1-score": 0.6955105614281045,
    "support": 1998743.0,
    "iou": 0.5331668780619048
  },
  "plant": {
    "precision": 0.5074081039402064,
    "recall": 0.9685820752384987,
    "f1-score": 0.6659480547231105,
    "support": 974953.0,
    "iou": 0.4991919970439303
  },
  "accuracy": 0.6814136347494835,
  "macro avg": {
    "precision": 0.739938869419992,
    "recall": 0.7549599030011418,
    "f1-score": 0.6807293080756075,
    "support": 2973696.0
  },
  "weighted avg": {
    "precision": 0.819995025930459,
    "recall": 0.6814136347494835,
    "f1-score": 0.6858182275111359,
    "support": 2973696.0
  },
  "inference_time_seconds": 4.145674707950093
}