{
  "soil": {
    "precision": 0.9463828374130566,
    "recall": 0.6245140070534331,
    "f1-score": 0.7524737732860517,
    "support": 1998743.0,
    "iou": 0.6031727086556796
  },
  "plant": {
    "precision": 0.5464527833476559,
    "recall": 0.9274641957099471,
    "f1-score": 0.6877122638549759,
    "support": 974953.0,
    "iou": 0.5240560015253966
  },
  "accuracy": 0.7238389532756543,
  "macro avg": {
    "precision": 0.7464178103803563,
    "recall": 0.7759891013816901,
    "f1-score": 0.7200930185705138,
    "support": 2973696.0
  },
  "weighted avg": {
    "precision": 0.8152621693954704,
    "recall": 0.7238389532756543,
    "f1-score": 0.7312411294971924,
    "support": 2973696.0
  },
  "inference_time_seconds": 4.4395914589986205
}