{
  "soil": {
    "precision": 0.9458622275081411,
    "recall": 0.6227048700108018,
    "f1-score": 0.7509949894527498,
    "support": 1998743.0,
    "iou": 0.6012746010712176
  },
  "plant": {
    "precision": 0.5451188933009457,
    "recall": 0.9269318623564418,
    "f1-score": 0.68650903378325,
    "support": 974953.0,
    "iou": 0.5226598822834716
  },
  "accuracy": 0.7224484278150827,
  "macro avg": {
    "precision": 0.7454905604045434,
    "recall": 0.7748183661836218,
    "f1-score": 0.718752011618,
    "support": 2973696.0
  },
  "weighted avg": {
    "precision": 0.8144749182756884,
    "recall": 0.7224484278150827,
    "f1-score": 0.7298526884448976,
    "support": 2973696.0
  },
  "inference_time_seconds": 3.8402563460000465
}