{
  "soil": {
    "precision": 0.941272844367808,
    "recall": 0.6573806637471651,
    "f1-score": 0.7741196751600162,
    "support": 1998743.0,
    "iou": 0.6314806261867881
  },
  "plant": {
    "precision": 0.5659681971475164,
    "recall": 0.9159159467174315,
    "f1-score": 0.6996218958795583,
    "support": 974953.0,
    "iou": 0.5380142080697161
  },
  "accuracy": 0.7421437833591598,
  "macro avg": {
    "precision": 0.7536205207576623,
    "recall": 0.7866483052322983,
    "f1-score": 0.7368707855197872,
    "support": 2973696.0
  },
  "weighted avg": {
    "precision": 0.8182258376390218,
    "recall": 0.7421437833591598,
    "f1-score": 0.7496949076643408,
    "support": 2973696.0
  },
  "inference_time_seconds": 2.1579040830256417
}