{
  "soil": {
    "precision": 0.9410954182857282,
    "recall": 0.657115497089921,
    "f1-score": 0.7738758103157123,
    "support": 1998743.0,
    "iou": 0.6311561396688341
  },
  "plant": {
    "precision": 0.5657148578370086,
    "recall": 0.9156800379095198,
    "f1-score": 0.6993595076606832,
    "support": 974953.0,
    "iou": 0.5377039326238593
  },
  "accuracy": 0.7418882091511708,
  "macro avg": {
    "precision": 0.7534051380613684,
    "recall": 0.7863977674997205,
    "f1-score": 0.7366176589881978,
    "support": 2973696.0
  },
  "weighted avg": {
    "precision": 0.8180235227217026,
    "recall": 0.7418882091511708,
    "f1-score": 0.7494449697649538,
    "support": 2973696.0
  },
  "inference_time_seconds": 1.4256178809999938
}