{
  "soil": {
    "precision": 0.8965686681203191,
    "recall": 0.9786060539048792,
    "f1-score": 0.9357928261921062,
    "support": 1998743.0,
    "iou": 0.8793333189473798
  },
  "plant": {
    "precision": 0.9460132691130148,
    "recall": 0.7685539713196431,
    "f1-score": 0.8481000193546415,
    "support": 974953.0,
    "iou": 0.7362618574570066
  },
  "accuracy": 0.9097385879390496,
  "macro avg": {
    "precision": 0.9212909686166669,
    "recall": 0.8735800126122611,
    "f1-score": 0.8919464227733739,
    "support": 2973696.0
  },
  "weighted avg": {
    "precision": 0.9127795256093266,
    "recall": 0.9097385879390496,
    "f1-score": 0.9070419501427028,
    "support": 2973696.0
  }
}