{
  "soil": {
    "precision": 0.9151852532745892,
    "recall": 0.9798609662809286,
    "f1-score": 0.9464194565238928,
    "support": 2047417.0,
    "iou": 0.8982886618248901
  },
  "plant": {
    "precision": 0.9472446516007774,
    "recall": 0.7992796986653049,
    "f1-score": 0.8669944047198027,
    "support": 926279.0,
    "iou": 0.7652163487377934
  },
  "accuracy": 0.9236115594869146,
  "macro avg": {
    "precision": 0.9312149524376834,
    "recall": 0.8895703324731168,
    "f1-score": 0.9067069306218478,
    "support": 2973696.0
  },
  "weighted avg": {
    "precision": 0.9251714614889404,
    "recall": 0.9236115594869146,
    "f1-score": 0.9216792821550128,
    "support": 2973696.0
  }
}