{
  "soil": {
    "precision": 0.964962397582638,
    "recall": 0.9803698167805927,
    "f1-score": 0.9726050922648344,
    "support": 13901857.0,
    "iou": 0.9466711241628476
  },
  "plant": {
    "precision": 0.9213679016130621,
    "recall": 0.8659814418968556,
    "f1-score": 0.8928165127355612,
    "support": 3692511.0,
    "iou": 0.8063853218597737
  },
  "accuracy": 0.9563632521497788,
  "macro avg": {
    "precision": 0.9431651495978501,
    "recall": 0.9231756293387241,
    "f1-score": 0.9327108025001978,
    "support": 17594368.0
  },
  "weighted avg": {
    "precision": 0.9558132678209373,
    "recall": 0.9563632521497788,
    "f1-score": 0.9558599492971407,
    "support": 17594368.0
  }
}