{
  "soil": {
    "precision": 0.8969973913693636,
    "recall": 0.9783739080011787,
    "f1-score": 0.9359200959889576,
    "support": 1998743.0,
    "iou": 0.8795580975272749
  },
  "plant": {
    "precision": 0.945534729878721,
    "recall": 0.7696781280738662,
    "f1-score": 0.8485913541839828,
    "support": 974953.0,
    "iou": 0.7370027637603641
  },
  "accuracy": 0.9099511180699036,
  "macro avg": {
    "precision": 0.9212660606240424,
    "recall": 0.8740260180375224,
    "f1-score": 0.8922557250864702,
    "support": 2973696.0
  },
  "weighted avg": {
    "precision": 0.9129107946868895,
    "recall": 0.9099511180699036,
    "f1-score": 0.9072885819374252,
    "support": 2973696.0
  },
  "inference_time_seconds": 0.4446405600001526
}