{
  "soil": {
    "precision": 0.824631554029265,
    "recall": 0.9794916104771849,
    "f1-score": 0.8954152408185443,
    "support": 1998743.0,
    "iou": 0.8106351580317703
  },
  "plant": {
    "precision": 0.9316364327730181,
    "recall": 0.5729630043704671,
    "f1-score": 0.7095485965567436,
    "support": 974953.0,
    "iou": 0.549845267061964
  },
  "accuracy": 0.8462075477789256,
  "macro avg": {
    "precision": 0.8781339934011416,
    "recall": 0.776227307423826,
    "f1-score": 0.802481918687644,
    "support": 2973696.0
  },
  "weighted avg": {
    "precision": 0.8597140666821583,
    "recall": 0.8462075477789256,
    "f1-score": 0.8344771885015033,
    "support": 2973696.0
  },
  "inference_time_seconds": 0.007036875002086163
}