{
  "soil": {
    "precision": 0.6997823373097192,
    "recall": 0.6573858110275976,
    "f1-score": 0.6779218623996183,
    "support": 1988502.0,
    "iou": 0.5127698909158807
  },
  "plant": {
    "precision": 0.38382136409844547,
    "recall": 0.4307567849580895,
    "f1-score": 0.40593688153498414,
    "support": 985194.0,
    "iou": 0.25465546303202613
  },
  "accuracy": 0.5823029657369146,
  "macro avg": {
    "precision": 0.5418018507040823,
    "recall": 0.5440712979928436,
    "f1-score": 0.5419293719673012,
    "support": 2973696.0
  },
  "weighted avg": {
    "precision": 0.5951035621282926,
    "recall": 0.5823029657369146,
    "f1-score": 0.5878124594082055,
    "support": 2973696.0
  },
  "inference_time_seconds": 0.0348561549999431
}