{
  "soil": {
    "precision": 0.9697170673446676,
    "recall": 0.5362075064177836,
    "f1-score": 0.6905652244090036,
    "support": 1998743.0,
    "iou": 0.5273765729166051
  },
  "plant": {
    "precision": 0.5038753300800756,
    "recall": 0.9656711656869613,
    "f1-score": 0.6622150149871335,
    "support": 974953.0,
    "iou": 0.4950085569847867
  },
  "accuracy": 0.6770110327350206,
  "macro avg": {
    "precision": 0.7367961987123716,
    "recall": 0.7509393360523724,
    "f1-score": 0.6763901196980686,
    "support": 2973696.0
  },
  "weighted avg": {
    "precision": 0.8169866607155684,
    "recall": 0.6770110327350206,
    "f1-score": 0.6812703530682611,
    "support": 2973696.0
  },
  "inference_time_seconds": 4.561598416999914
}