{
  "soil": {
    "precision": 0.9697025100376162,
    "recall": 0.5360218897577127,
    "f1-score": 0.6904075832254742,
    "support": 1998743.0,
    "iou": 0.5271927161321847
  },
  "plant": {
    "precision": 0.5037739746111517,
    "recall": 0.9656660372346154,
    "f1-score": 0.6621262709644297,
    "support": 974953.0,
    "iou": 0.4949093898732394
  },
  "accuracy": 0.6768845907584367,
  "macro avg": {
    "precision": 0.736738242324384,
    "recall": 0.7508439634961641,
    "f1-score": 0.676266927094952,
    "support": 2973696.0
  },
  "weighted avg": {
    "precision": 0.8169436458498722,
    "recall": 0.6768845907584367,
    "f1-score": 0.6811353004390556,
    "support": 2973696.0
  },
  "inference_time_seconds": 3.8872831930000302
}