{
  "soil": {
    "precision": 0.9040660363374813,
    "recall": 0.9307129530910178,
    "f1-score": 0.9171959950675451,
    "support": 1998743.0,
    "iou": 0.8470563378870766
  },
  "plant": {
    "precision": 0.8488200855638558,
    "recall": 0.797529727074023,
    "f1-score": 0.8223759567719411,
    "support": 974953.0,
    "iou": 0.6983348900704124
  },
  "accuracy": 0.8870476336518595,
  "macro avg": {
    "precision": 0.8764430609506686,
    "recall": 0.8641213400825204,
    "f1-score": 0.869785975919743,
    "support": 2973696.0
  },
  "weighted avg": {
    "precision": 0.8859531541045299,
    "recall": 0.8870476336518595,
    "f1-score": 0.8861083920319914,
    "support": 2973696.0
  },
  "inference_time_seconds": 0.028282160000003387
}