{
  "soil": {
    "precision": 0.942268349774527,
    "recall": 0.6521363677071039,
    "f1-score": 0.7708048681615951,
    "support": 1998743.0,
    "iou": 0.6270809639546542
  },
  "plant": {
    "precision": 0.5628157260331166,
    "recall": 0.9180873334406889,
    "f1-score": 0.6978363449607946,
    "support": 974953.0,
    "iou": 0.5359052545048835
  },
  "accuracy": 0.7393307856620179,
  "macro avg": {
    "precision": 0.7525420379038218,
    "recall": 0.7851118505738964,
    "f1-score": 0.7343206065611949,
    "support": 2973696.0
  },
  "weighted avg": {
    "precision": 0.8178613916071289,
    "recall": 0.7393307856620179,
    "f1-score": 0.7468814810365526,
    "support": 2973696.0
  },
  "inference_time_seconds": 1.4094902180000872
}