{
  "soil": {
    "precision": 0.9422406229833885,
    "recall": 0.6501636278400975,
    "f1-score": 0.7694159085802388,
    "support": 1998743.0,
    "iou": 0.6252444785732122
  },
  "plant": {
    "precision": 0.5614790853206533,
    "recall": 0.9182934972249944,
    "f1-score": 0.6968673415894817,
    "support": 974953.0,
    "iou": 0.5347631625159929
  },
  "accuracy": 0.7380724189695248,
  "macro avg": {
    "precision": 0.751859854152021,
    "recall": 0.784228562532546,
    "f1-score": 0.7331416250848602,
    "support": 2973696.0
  },
  "weighted avg": {
    "precision": 0.8174045256052783,
    "recall": 0.7380724189695248,
    "f1-score": 0.7456302078787078,
    "support": 2973696.0
  },
  "inference_time_seconds": 2.1024339590221643
}