{
  "soil": {
    "precision": 0.6840934839318916,
    "recall": 0.8057093883505784,
    "f1-score": 0.739937548474367,
    "support": 1998743.0,
    "iou": 0.5872229170692931
  },
  "plant": {
    "precision": 0.37326890706122917,
    "recall": 0.23722784585513354,
    "f1-score": 0.2900909081787259,
    "support": 974953.0,
    "iou": 0.16965282515092167
  },
  "accuracy": 0.6193275977100551,
  "macro avg": {
    "precision": 0.5286811954965605,
    "recall": 0.521468617102856,
    "f1-score": 0.5150142283265464,
    "support": 2973696.0
  },
  "weighted avg": {
    "precision": 0.5821868486558638,
    "recall": 0.6193275977100551,
    "f1-score": 0.5924512783592792,
    "support": 2973696.0
  },
  "inference_time_seconds": 0.029140471000005164
}