{
  "soil": {
    "precision": 0.9697964078333515,
    "recall": 0.9730551275844193,
    "f1-score": 0.9714230348046407,
    "support": 13894369.0,
    "iou": 0.9444339778891866
  },
  "plant": {
    "precision": 0.8975225487236099,
    "recall": 0.8861972665398018,
    "f1-score": 0.8918239541104618,
    "support": 3699999.0,
    "iou": 0.8047673990233117
  },
  "accuracy": 0.9547893962431615,
  "macro avg": {
    "precision": 0.9336594782784807,
    "recall": 0.9296261970621105,
    "f1-score": 0.9316234944575512,
    "support": 17594368.0
  },
  "weighted avg": {
    "precision": 0.9545976120350492,
    "recall": 0.9547893962431615,
    "f1-score": 0.9546837851214817,
    "support": 17594368.0
  }
}