{
  "soil": {
    "precision": 0.9481756657533176,
    "recall": 0.956880152508433,
    "f1-score": 0.9525080230758464,
    "support": 1977071.0,
    "iou": 0.9093224998942547
  },
  "plant": {
    "precision": 0.9128736043332737,
    "recall": 0.8962488398344413,
    "f1-score": 0.9044848362108248,
    "support": 996625.0,
    "iou": 0.8256251178508442
  },
  "accuracy": 0.9365597559400827,
  "macro avg": {
    "precision": 0.9305246350432956,
    "recall": 0.9265644961714371,
    "f1-score": 0.9284964296433356,
    "support": 2973696.0
  },
  "weighted avg": {
    "precision": 0.9363442892566107,
    "recall": 0.9365597559400827,
    "f1-score": 0.9364132008043862,
    "support": 2973696.0
  }
}