{
  "soil": {
    "precision": 0.947618127519755,
    "recall": 0.9575124009203514,
    "f1-score": 0.9525395713227256,
    "support": 1977071.0,
    "iou": 0.909380006388963
  },
  "plant": {
    "precision": 0.9139318143162476,
    "recall": 0.8950016305029475,
    "f1-score": 0.9043676718170421,
    "support": 996625.0,
    "iou": 0.8254298897120743
  },
  "accuracy": 0.936562109913051,
  "macro avg": {
    "precision": 0.9307749709180013,
    "recall": 0.9262570157116494,
    "f1-score": 0.9284536215698839,
    "support": 2973696.0
  },
  "weighted avg": {
    "precision": 0.9363282640312055,
    "recall": 0.936562109913051,
    "f1-score": 0.9363949084705537,
    "support": 2973696.0
  },
  "inference_time_seconds": 0.3948729359999561
}