{
  "soil": {
    "precision": 0.951318650975887,
    "recall": 0.9678252138939384,
    "f1-score": 0.9595009459329742,
    "support": 2039796.0,
    "iou": 0.922154558605842
  },
  "plant": {
    "precision": 0.926956606904565,
    "recall": 0.8918267480458293,
    "f1-score": 0.9090524102996769,
    "support": 933900.0,
    "iou": 0.8332686362590418
  },
  "accuracy": 0.9439576204158058,
  "macro avg": {
    "precision": 0.939137628940226,
    "recall": 0.9298259809698839,
    "f1-score": 0.9342766781163255,
    "support": 2973696.0
  },
  "weighted avg": {
    "precision": 0.9436676627920889,
    "recall": 0.9439576204158058,
    "f1-score": 0.9436574005847153,
    "support": 2973696.0
  }
}