{
  "soil": {
    "precision": 0.9545885824914114,
    "recall": 0.9211469408523257,
    "f1-score": 0.9375696537079261,
    "support": 1998743.0,
    "iou": 0.8824763496073725
  },
  "plant": {
    "precision": 0.849176151751144,
    "recall": 0.9101638745662611,
    "f1-score": 0.8786129399725832,
    "support": 974953.0,
    "iou": 0.7835055096418733
  },
  "accuracy": 0.9175460437112604,
  "macro avg": {
    "precision": 0.9018823671212777,
    "recall": 0.9156554077092934,
    "f1-score": 0.9080912968402546,
    "support": 2973696.0
  },
  "weighted avg": {
    "precision": 0.9200281682501723,
    "recall": 0.9175460437112604,
    "f1-score": 0.9182401644371958,
    "support": 2973696.0
  }
}