{
  "soil": {
    "precision": 0.9608590361555334,
    "recall": 0.9290388816738359,
    "f1-score": 0.9446810814220203,
    "support": 2047417.0,
    "iou": 0.8951617040040925
  },
  "plant": {
    "precision": 0.853848072895395,
    "recall": 0.9163491777315474,
    "f1-score": 0.8839952488099894,
    "support": 926279.0,
    "iou": 0.7921070657337019
  },
  "accuracy": 0.9250861554106405,
  "macro avg": {
    "precision": 0.9073535545254642,
    "recall": 0.9226940297026917,
    "f1-score": 0.9143381651160049,
    "support": 2973696.0
  },
  "weighted avg": {
    "precision": 0.9275261036575115,
    "recall": 0.9250861554106405,
    "f1-score": 0.92577800177096,
    "support": 2973696.0
  }
}