{
  "soil": {
    "precision": 0.9619966452224904,
    "recall": 0.9579612277697864,
    "f1-score": 0.9599746956233968,
    "support": 13901857.0,
    "iou": 0.9230301335781543
  },
  "plant": {
    "precision": 0.8441898280032644,
    "recall": 0.8575221576861924,
    "f1-score": 0.8508037657298378,
    "support": 3692511.0,
    "iou": 0.740346809672737
  },
  "accuracy": 0.9368821886640089,
  "macro avg": {
    "precision": 0.9030932366128774,
    "recall": 0.9077416927279894,
    "f1-score": 0.9053892306766174,
    "support": 17594368.0
  },
  "weighted avg": {
    "precision": 0.9372726557926353,
    "recall": 0.9368821886640089,
    "f1-score": 0.9370631105347937,
    "support": 17594368.0
  }
}