{
  "soil": {
    "precision": 0.9622821973854957,
    "recall": 0.9100734811829234,
    "f1-score": 0.9354499460535802,
    "support": 1998743.0,
    "iou": 0.8787280058704151
  },
  "plant": {
    "precision": 0.8340955976352116,
    "recall": 0.9268703209282909,
    "f1-score": 0.8780390876567034,
    "support": 974953.0,
    "iou": 0.7825932953607583
  },
  "accuracy": 0.9155804762827136,
  "macro avg": {
    "precision": 0.8981888975103536,
    "recall": 0.9184719010556072,
    "f1-score": 0.9067445168551418,
    "support": 2973696.0
  },
  "weighted avg": {
    "precision": 0.9202550668427844,
    "recall": 0.9155804762827136,
    "f1-score": 0.9166272793698943,
    "support": 2973696.0
  }
}