{
  "soil": {
    "precision": 0.9537872445357446,
    "recall": 0.9370255302168538,
    "f1-score": 0.945332092588719,
    "support": 2047417.0,
    "iou": 0.8963315238339522
  },
  "plant": {
    "precision": 0.8660081474861264,
    "recall": 0.8996479462451378,
    "f1-score": 0.8825075891999054,
    "support": 926279.0,
    "iou": 0.7897213266692823
  },
  "accuracy": 0.9253827560046488,
  "macro avg": {
    "precision": 0.9098976960109355,
    "recall": 0.9183367382309957,
    "f1-score": 0.9139198408943121,
    "support": 2973696.0
  },
  "weighted avg": {
    "precision": 0.926444861778387,
    "recall": 0.9253827560046488,
    "f1-score": 0.9257628366276232,
    "support": 2973696.0
  }
}