{
  "soil": {
    "precision": 0.9675792484587612,
    "recall": 0.9533617703016223,
    "f1-score": 0.9604178954052767,
    "support": 13901857.0,
    "iou": 0.9238499692909696
  },
  "plant": {
    "precision": 0.8336171144248987,
    "recall": 0.8797333305168218,
    "f1-score": 0.8560545948015718,
    "support": 3692511.0,
    "iou": 0.7483351835772976
  },
  "accuracy": 0.937909449205564,
  "macro avg": {
    "precision": 0.90059818144183,
    "recall": 0.916547550409222,
    "f1-score": 0.9082362451034243,
    "support": 17594368.0
  },
  "weighted avg": {
    "precision": 0.9394647601461653,
    "recall": 0.937909449205564,
    "f1-score": 0.9385152822806969,
    "support": 17594368.0
  }
}