{
  "soil": {
    "precision": 0.9560927857211301,
    "recall": 0.9235374432831034,
    "f1-score": 0.939533183964689,
    "support": 1998743.0,
    "iou": 0.8859618893849526
  },
  "plant": {
    "precision": 0.8534732615475772,
    "recall": 0.9130511932370073,
    "f1-score": 0.8822575625729696,
    "support": 974953.0,
    "iou": 0.7893209857933536
  },
  "accuracy": 0.9200994318181818,
  "macro avg": {
    "precision": 0.9047830236343537,
    "recall": 0.9182943182600554,
    "f1-score": 0.9108953732688293,
    "support": 2973696.0
  },
  "weighted avg": {
    "precision": 0.9224480510368926,
    "recall": 0.9200994318181818,
    "f1-score": 0.9207548559504195,
    "support": 2973696.0
  },
  "inference_time_seconds": 0.4788568409999243
}