{
  "soil": {
    "precision": 0.9505371447062295,
    "recall": 0.9572441968879086,
    "f1-score": 0.9538788810421357,
    "support": 1988502.0,
    "iou": 0.9118245141560478
  },
  "plant": {
    "precision": 0.9124554786374687,
    "recall": 0.8994604108429406,
    "f1-score": 0.9059113444018653,
    "support": 985194.0,
    "iou": 0.8280054269519928
  },
  "accuracy": 0.9381002631069215,
  "macro avg": {
    "precision": 0.9314963116718491,
    "recall": 0.9283523038654247,
    "f1-score": 0.9298951127220005,
    "support": 2973696.0
  },
  "weighted avg": {
    "precision": 0.9379205796905229,
    "recall": 0.9381002631069215,
    "f1-score": 0.937987098797826,
    "support": 2973696.0
  }
}