{
  "soil": {
    "precision": 0.9528794454756782,
    "recall": 0.9691088956209335,
    "f1-score": 0.9609256490473203,
    "support": 2048907.0,
    "iou": 0.9247900770202744
  },
  "plant": {
    "precision": 0.9288756388415673,
    "recall": 0.8938244291400524,
    "f1-score": 0.9110130100001047,
    "support": 924789.0,
    "iou": 0.8365692321082663
  },
  "accuracy": 0.945696197593836,
  "macro avg": {
    "precision": 0.9408775421586227,
    "recall": 0.931466662380493,
    "f1-score": 0.9359693295237125,
    "support": 2973696.0
  },
  "weighted avg": {
    "precision": 0.9454145074546589,
    "recall": 0.945696197593836,
    "f1-score": 0.9454033294989079,
    "support": 2973696.0
  }
}