{
  "soil": {
    "precision": 0.9716676596292284,
    "recall": 0.9737896785593523,
    "f1-score": 0.9727275117920325,
    "support": 13902691.0,
    "iou": 0.9469031079464746
  },
  "plant": {
    "precision": 0.9004745562728146,
    "recall": 0.8930686514556935,
    "f1-score": 0.8967563136203602,
    "support": 3691677.0,
    "iou": 0.812836116527546
  },
  "accuracy": 0.956852670127168,
  "macro avg": {
    "precision": 0.9360711079510216,
    "recall": 0.9334291650075228,
    "f1-score": 0.9347419127061964,
    "support": 17594368.0
  },
  "weighted avg": {
    "precision": 0.9567298146199905,
    "recall": 0.956852670127168,
    "f1-score": 0.9567871196760551,
    "support": 17594368.0
  }
}