{
  "soil": {
    "precision": 0.9499216778152972,
    "recall": 0.9578884004139799,
    "f1-score": 0.9538884052081276,
    "support": 1988502.0,
    "iou": 0.9118419200753691
  },
  "plant": {
    "precision": 0.9135389466576219,
    "recall": 0.8980748969238546,
    "f1-score": 0.9057409207400685,
    "support": 985194.0,
    "iou": 0.8277207271176024
  },
  "accuracy": 0.9380720154313017,
  "macro avg": {
    "precision": 0.9317303122364595,
    "recall": 0.9279816486689172,
    "f1-score": 0.929814662974098,
    "support": 2973696.0
  },
  "weighted avg": {
    "precision": 0.9378679748005457,
    "recall": 0.9380720154313017,
    "f1-score": 0.9379370057331897,
    "support": 2973696.0
  },
  "inference_time_seconds": 0.3881460170000537
}