{
  "soil": {
    "precision": 0.859509144682847,
    "recall": 0.9635570956346063,
    "f1-score": 0.9085639531976363,
    "support": 1998743.0,
    "iou": 0.8324481822453114
  },
  "plant": {
    "precision": 0.9006268801287867,
    "recall": 0.6771146916825734,
    "f1-score": 0.7730387576202554,
    "support": 974953.0,
    "iou": 0.6300433387128946
  },
  "accuracy": 0.8696443752152204,
  "macro avg": {
    "precision": 0.8800680124058169,
    "recall": 0.8203358936585898,
    "f1-score": 0.8408013554089458,
    "support": 2973696.0
  },
  "weighted avg": {
    "precision": 0.8729899643517792,
    "recall": 0.8696443752152204,
    "f1-score": 0.8641307979579096,
    "support": 2973696.0
  },
  "inference_time_seconds": 0.006803707918152213
}