{
  "soil": {
    "precision": 0.9616857885997886,
    "recall": 0.9725786292911306,
    "f1-score": 0.9671015373430588,
    "support": 13901785.0,
    "iou": 0.9362987479479523
  },
  "plant": {
    "precision": 0.8921660367964878,
    "recall": 0.8541213562430418,
    "f1-score": 0.8727292751237842,
    "support": 3692583.0,
    "iou": 0.7741966999272667
  },
  "accuracy": 0.9477176446462868,
  "macro avg": {
    "precision": 0.9269259126981382,
    "recall": 0.9133499927670862,
    "f1-score": 0.9199154062334215,
    "support": 17594368.0
  },
  "weighted avg": {
    "precision": 0.9470954689206112,
    "recall": 0.9477176446462868,
    "f1-score": 0.9472953464561548,
    "support": 17594368.0
  }
}