{
  "soil": {
    "precision": 0.9431078184229261,
    "recall": 0.9556489839247952,
    "f1-score": 0.9493369843815809,
    "support": 1998917.0,
    "iou": 0.903559914329717
  },
  "plant": {
    "precision": 0.9065026502903402,
    "recall": 0.8817834606613396,
    "f1-score": 0.8939722107960729,
    "support": 974779.0,
    "iou": 0.8082728295999843
  },
  "accuracy": 0.9314358293517562,
  "macro avg": {
    "precision": 0.9248052343566331,
    "recall": 0.9187162222930674,
    "f1-score": 0.9216545975888268,
    "support": 2973696.0
  },
  "weighted avg": {
    "precision": 0.9311086264452949,
    "recall": 0.9314358293517562,
    "f1-score": 0.931188384581565,
    "support": 2973696.0
  },
  "inference_time_seconds": 0.47170495599993956
}