{
  "soil": {
    "precision": 0.9613261334132535,
    "recall": 0.9725466190133137,
    "f1-score": 0.9669038251323132,
    "support": 13901785.0,
    "iou": 0.9359281823458004
  },
  "plant": {
    "precision": 0.891893461306515,
    "recall": 0.8527017537588187,
    "f1-score": 0.8718573936861423,
    "support": 3692583.0,
    "iou": 0.7728255176310442
  },
  "accuracy": 0.9473944162131882,
  "macro avg": {
    "precision": 0.9266097973598842,
    "recall": 0.9126241863860662,
    "f1-score": 0.9193806094092278,
    "support": 17594368.0
  },
  "weighted avg": {
    "precision": 0.946754089412246,
    "recall": 0.9473944162131882,
    "f1-score": 0.9469561443194079,
    "support": 17594368.0
  }
}