{
  "soil": {
    "precision": 0.9452250896687799,
    "recall": 0.9658037884981485,
    "f1-score": 0.9554036393853675,
    "support": 2047566.0,
    "iou": 0.9146151330866359
  },
  "plant": {
    "precision": 0.9205730348294825,
    "recall": 0.876262511742412,
    "f1-score": 0.8978714176497857,
    "support": 926130.0,
    "iou": 0.8146702953072281
  },
  "accuracy": 0.9379169894972452,
  "macro avg": {
    "precision": 0.9328990622491312,
    "recall": 0.9210331501202802,
    "f1-score": 0.9266375285175766,
    "support": 2973696.0
  },
  "weighted avg": {
    "precision": 0.9375474361533168,
    "recall": 0.9379169894972452,
    "f1-score": 0.937485763275646,
    "support": 2973696.0
  }
}