{
  "soil": {
    "precision": 0.9464772766291174,
    "recall": 0.9515067409001975,
    "f1-score": 0.9489853449807107,
    "support": 1998917.0,
    "iou": 0.9029230377033078
  },
  "plant": {
    "precision": 0.8994624319483238,
    "recall": 0.8896611437053937,
    "f1-score": 0.8945349408128994,
    "support": 974779.0,
    "iou": 0.809193319480122
  },
  "accuracy": 0.9312337239583334,
  "macro avg": {
    "precision": 0.9229698542887206,
    "recall": 0.9205839423027956,
    "f1-score": 0.9217601428968051,
    "support": 2973696.0
  },
  "weighted avg": {
    "precision": 0.9310657875989344,
    "recall": 0.9312337239583334,
    "f1-score": 0.9311364759220393,
    "support": 2973696.0
  }
}