{
  "soil": {
    "precision": 0.947198055529157,
    "recall": 0.9637960388090054,
    "f1-score": 0.9554249660857921,
    "support": 2047566.0,
    "iou": 0.9146542230725592
  },
  "plant": {
    "precision": 0.9167312552653749,
    "recall": 0.8812153801302193,
    "f1-score": 0.8986225349321177,
    "support": 926130.0,
    "iou": 0.8159078639553716
  },
  "accuracy": 0.9380770596590909,
  "macro avg": {
    "precision": 0.931964655397266,
    "recall": 0.9225057094696123,
    "f1-score": 0.9270237505089549,
    "support": 2973696.0
  },
  "weighted avg": {
    "precision": 0.9377094535576386,
    "recall": 0.9380770596590909,
    "f1-score": 0.9377343764746308,
    "support": 2973696.0
  }
}