{
  "soil": {
    "precision": 0.9443616155468079,
    "recall": 0.9531626375682432,
    "f1-score": 0.9487417162812156,
    "support": 1998917.0,
    "iou": 0.9024820360274161
  },
  "plant": {
    "precision": 0.9020823092610992,
    "recall": 0.8848426156082558,
    "f1-score": 0.8933793008443086,
    "support": 974779.0,
    "iou": 0.807303985481134
  },
  "accuracy": 0.9307673010287535,
  "macro avg": {
    "precision": 0.9232219624039535,
    "recall": 0.9190026265882495,
    "f1-score": 0.9210605085627621,
    "support": 2973696.0
  },
  "weighted avg": {
    "precision": 0.9305024383135343,
    "recall": 0.9307673010287535,
    "f1-score": 0.930593889483462,
    "support": 2973696.0
  }
}