{
  "soil": {
    "precision": 0.7326170556289446,
    "recall": 0.6307609641241212,
    "f1-score": 0.6778842458175824,
    "support": 1978293.0,
    "iou": 0.5127268498791764
  },
  "plant": {
    "precision": 0.42503420058782504,
    "recall": 0.5424767656918856,
    "f1-score": 0.4766275246055673,
    "support": 995403.0,
    "iou": 0.31287655009137444
  },
  "accuracy": 0.6012090677728994,
  "macro avg": {
    "precision": 0.5788256281083848,
    "recall": 0.5866188649080034,
    "f1-score": 0.5772558852115749,
    "support": 2973696.0
  },
  "weighted avg": {
    "precision": 0.629658011847571,
    "recall": 0.6012090677728994,
    "f1-score": 0.6105163830418974,
    "support": 2973696.0
  },
  "inference_time_seconds": 0.8471157609999409
}