{
  "soil": {
    "precision": 0.7354101271257739,
    "recall": 0.6406897259404951,
    "f1-score": 0.6847900052488219,
    "support": 1978293.0,
    "iou": 0.5206697090059569
  },
  "plant": {
    "precision": 0.431436899199012,
    "recall": 0.5418760039903436,
    "f1-score": 0.48039084275134275,
    "support": 995403.0,
    "iou": 0.3161278941100348
  },
  "accuracy": 0.6076132193741391,
  "macro avg": {
    "precision": 0.5834235131623929,
    "recall": 0.5912828649654194,
    "f1-score": 0.5825904240000823,
    "support": 2973696.0
  },
  "weighted avg": {
    "precision": 0.6336593553596006,
    "recall": 0.6076132193741391,
    "f1-score": 0.6163702543571778,
    "support": 2973696.0
  },
  "inference_time_seconds": 1.6857740839477628
}