{
  "soil": {
    "precision": 0.9183117606813115,
    "recall": 0.9555855855405122,
    "f1-score": 0.9365779649655496,
    "support": 1998743.0,
    "iou": 0.8807208559818946
  },
  "plant": {
    "precision": 0.9006819008195116,
    "recall": 0.8257341635955785,
    "f1-score": 0.861581204402021,
    "support": 974953.0,
    "iou": 0.7568227156241363
  },
  "accuracy": 0.9130126280561295,
  "macro avg": {
    "precision": 0.9094968307504115,
    "recall": 0.8906598745680454,
    "f1-score": 0.8990795846837853,
    "support": 2973696.0
  },
  "weighted avg": {
    "precision": 0.9125316524382896,
    "recall": 0.9130126280561295,
    "f1-score": 0.9119896019648616,
    "support": 2973696.0
  },
  "inference_time_seconds": 0.006852166960015893
}