{
  "soil": {
    "precision": 0.9495702415837407,
    "recall": 0.8829364255434541,
    "f1-score": 0.9150418603614149,
    "support": 1998743.0,
    "iou": 0.8433890921047223
  },
  "plant": {
    "precision": 0.7901919817792165,
    "recall": 0.9038692121568938,
    "f1-score": 0.8432165338301367,
    "support": 974953.0,
    "iou": 0.728932041726051
  },
  "accuracy": 0.8897994280518251,
  "macro avg": {
    "precision": 0.8698811116814786,
    "recall": 0.8934028188501739,
    "f1-score": 0.8791291970957757,
    "support": 2973696.0
  },
  "weighted avg": {
    "precision": 0.8973166445344121,
    "recall": 0.8897994280518251,
    "f1-score": 0.891493280554451,
    "support": 2973696.0
  },
  "inference_time_seconds": 0.027123678999942058
}