{
  "soil": {
    "precision": 0.8938354711830923,
    "recall": 0.9588389842375943,
    "f1-score": 0.9251968609564692,
    "support": 1978061.0,
    "iou": 0.8608058790931739
  },
  "plant": {
    "precision": 0.9044133358065796,
    "recall": 0.7737403767444897,
    "f1-score": 0.8339892942416357,
    "support": 995635.0,
    "iou": 0.7152501174500071
  },
  "accuracy": 0.8968653823390151,
  "macro avg": {
    "precision": 0.8991244034948359,
    "recall": 0.866289680491042,
    "f1-score": 0.8795930775990525,
    "support": 2973696.0
  },
  "weighted avg": {
    "precision": 0.897377088162234,
    "recall": 0.8968653823390151,
    "f1-score": 0.8946592923260097,
    "support": 2973696.0
  },
  "inference_time_seconds": 0.0074699220000411515
}