{
  "soil": {
    "precision": 0.9360997727167308,
    "recall": 0.6462101430749226,
    "f1-score": 0.7646001102850095,
    "support": 1998743.0,
    "iou": 0.6189089999525614
  },
  "plant": {
    "precision": 0.5563547731379241,
    "recall": 0.9095669227131975,
    "f1-score": 0.6904078169687641,
    "support": 974953.0,
    "iou": 0.5271929887140269
  },
  "accuracy": 0.7325540337680785,
  "macro avg": {
    "precision": 0.7462272729273275,
    "recall": 0.7778885328940601,
    "f1-score": 0.7275039636268867,
    "support": 2973696.0
  },
  "weighted avg": {
    "precision": 0.8115969564993515,
    "recall": 0.7325540337680785,
    "f1-score": 0.740275499112397,
    "support": 2973696.0
  },
  "inference_time_seconds": 1.816029125
}