{
  "soil": {
    "precision": 0.940100315593779,
    "recall": 0.633250497937954,
    "f1-score": 0.756753023980791,
    "support": 1998743.0,
    "iou": 0.6086908221597787
  },
  "plant": {
    "precision": 0.5495497267020822,
    "recall": 0.9172821664223814,
    "f1-score": 0.6873209755377747,
    "support": 974953.0,
    "iou": 0.5236017051612099
  },
  "accuracy": 0.726372837035124,
  "macro avg": {
    "precision": 0.7448250211479306,
    "recall": 0.7752663321801676,
    "f1-score": 0.7220369997592828,
    "support": 2973696.0
  },
  "weighted avg": {
    "precision": 0.8120547896584693,
    "recall": 0.726372837035124,
    "f1-score": 0.7339891019370904,
    "support": 2973696.0
  },
  "inference_time_seconds": 2.4244981249794364
}