{
  "soil": {
    "precision": 0.972156795250081,
    "recall": 0.5115004780504547,
    "f1-score": 0.6703147343513042,
    "support": 1998743.0,
    "iou": 0.5041153359131845
  },
  "plant": {
    "precision": 0.4920103826265298,
    "recall": 0.9699667573718939,
    "f1-score": 0.6528607081093956,
    "support": 974953.0,
    "iou": 0.48462747099682374
  },
  "accuracy": 0.6618127744059917,
  "macro avg": {
    "precision": 0.7320835889383054,
    "recall": 0.7407336177111743,
    "f1-score": 0.6615877212303498,
    "support": 2973696.0
  },
  "weighted avg": {
    "precision": 0.8147364720473834,
    "recall": 0.6618127744059917,
    "f1-score": 0.6645922747432516,
    "support": 2973696.0
  },
  "inference_time_seconds": 3.409177216000103
}