{
  "soil": {
    "precision": 0.9721369341476505,
    "recall": 0.5102351828123975,
    "f1-score": 0.6692226069803747,
    "support": 1998743.0,
    "iou": 0.5028809555156799
  },
  "plant": {
    "precision": 0.49137733505071346,
    "recall": 0.9700190675858221,
    "f1-score": 0.6523149824630379,
    "support": 974953.0,
    "iou": 0.4840262924753834
  },
  "accuracy": 0.6609794679752066,
  "macro avg": {
    "precision": 0.731757134599182,
    "recall": 0.7401271251991098,
    "f1-score": 0.6607687947217062,
    "support": 2973696.0
  },
  "weighted avg": {
    "precision": 0.8145155722403284,
    "recall": 0.6609794679752066,
    "f1-score": 0.6636792900959148,
    "support": 2973696.0
  },
  "inference_time_seconds": 3.9613425000570714
}