{
  "soil": {
    "precision": 0.8948124249733177,
    "recall": 0.98482087430162,
    "f1-score": 0.9376615694541133,
    "support": 2047417.0,
    "iou": 0.8826392254041795
  },
  "plant": {
    "precision": 0.9568559453917713,
    "recall": 0.7441094961669217,
    "f1-score": 0.8371782024887496,
    "support": 926279.0,
    "iou": 0.719953998351712
  },
  "accuracy": 0.9098414901859504,
  "macro avg": {
    "precision": 0.9258341851825445,
    "recall": 0.8644651852342708,
    "f1-score": 0.8874198859714315,
    "support": 2973696.0
  },
  "weighted avg": {
    "precision": 0.914138411910007,
    "recall": 0.9098414901859504,
    "f1-score": 0.906361923266571,
    "support": 2973696.0
  }
}