{
  "soil": {
    "precision": 0.9353911115560745,
    "recall": 0.9859246861768179,
    "f1-score": 0.9599933433136933,
    "support": 13901857.0,
    "iou": 0.9230646141943423
  },
  "plant": {
    "precision": 0.9334779772202876,
    "recall": 0.7436143047373454,
    "f1-score": 0.8277989046709159,
    "support": 3692511.0,
    "iou": 0.7061918880382204
  },
  "accuracy": 0.9350712682603888,
  "macro avg": {
    "precision": 0.934434544388181,
    "recall": 0.8647694954570817,
    "f1-score": 0.8938961239923047,
    "support": 17594368.0
  },
  "weighted avg": {
    "precision": 0.9349896041203217,
    "recall": 0.9350712682603888,
    "f1-score": 0.9322498393226843,
    "support": 17594368.0
  }
}