{
  "soil": {
    "precision": 0.8750312276090807,
    "recall": 0.9831068826757617,
    "f1-score": 0.9259260306402485,
    "support": 1998743.0,
    "iou": 0.862069147055288
  },
  "plant": {
    "precision": 0.95362504755613,
    "recall": 0.7121594579431009,
    "f1-score": 0.815391300263059,
    "support": 974953.0,
    "iou": 0.6883212156420327
  },
  "accuracy": 0.8942743306646006,
  "macro avg": {
    "precision": 0.9143281375826053,
    "recall": 0.8476331703094313,
    "f1-score": 0.8706586654516537,
    "support": 2973696.0
  },
  "weighted avg": {
    "precision": 0.9007989189059837,
    "recall": 0.8942743306646006,
    "f1-score": 0.8896862243569458,
    "support": 2973696.0
  }
}