{
  "soil": {
    "precision": 0.8735246933781053,
    "recall": 0.9829067568967096,
    "f1-score": 0.9249932964778906,
    "support": 1998743.0,
    "iou": 0.8604535147988187
  },
  "plant": {
    "precision": 0.9528545328093262,
    "recall": 0.7082464488031731,
    "f1-score": 0.8125404133264691,
    "support": 974953.0,
    "iou": 0.6842678457821583
  },
  "accuracy": 0.8928569026558195,
  "macro avg": {
    "precision": 0.9131896130937158,
    "recall": 0.8455766028499414,
    "f1-score": 0.8687668549021799,
    "support": 2973696.0
  },
  "weighted avg": {
    "precision": 0.8995336952878457,
    "recall": 0.8928569026558195,
    "f1-score": 0.8881246065421581,
    "support": 2973696.0
  },
  "inference_time_seconds": 0.3936934600001223
}