{
  "soil": {
    "precision": 0.7044486806412139,
    "recall": 0.5751800006303962,
    "f1-score": 0.6332849497756637,
    "support": 1998743.0,
    "iou": 0.4633628272928689
  },
  "plant": {
    "precision": 0.3671553644588438,
    "recall": 0.505278715999643,
    "f1-score": 0.4252832283412225,
    "support": 974953.0,
    "iou": 0.2700696633168116
  },
  "accuracy": 0.5522622352789256,
  "macro avg": {
    "precision": 0.5358020225500288,
    "recall": 0.5402293583150196,
    "f1-score": 0.5292840890584432,
    "support": 2973696.0
  },
  "weighted avg": {
    "precision": 0.5938640309352755,
    "recall": 0.5522622352789256,
    "f1-score": 0.5650897131685348,
    "support": 2973696.0
  },
  "inference_time_seconds": 0.03271809599993958
}