{
  "soil": {
    "precision": 0.7047241889091037,
    "recall": 0.5790679442029315,
    "f1-score": 0.6357465149945113,
    "support": 1998743.0,
    "iou": 0.46600321859683835
  },
  "plant": {
    "precision": 0.3680539907161206,
    "recall": 0.5025934583513256,
    "f1-score": 0.42492866257669776,
    "support": 974953.0,
    "iou": 0.2697837567610423
  },
  "accuracy": 0.5539950956654615,
  "macro avg": {
    "precision": 0.5363890898126121,
    "recall": 0.5408307012771285,
    "f1-score": 0.5303375887856046,
    "support": 2973696.0
  },
  "weighted avg": {
    "precision": 0.5943438340447048,
    "recall": 0.5539950956654615,
    "f1-score": 0.5666279844963351,
    "support": 2973696.0
  },
  "inference_time_seconds": 0.036524666007608175
}