{
  "soil": {
    "precision": 0.9558802454845009,
    "recall": 0.9675781728880829,
    "f1-score": 0.9616936374514854,
    "support": 2047417.0,
    "iou": 0.9262137574607711
  },
  "plant": {
    "precision": 0.9263434244354616,
    "recall": 0.9012856817438374,
    "f1-score": 0.91364277576714,
    "support": 926279.0,
    "iou": 0.8410150504704531
  },
  "accuracy": 0.9469286705836777,
  "macro avg": {
    "precision": 0.9411118349599812,
    "recall": 0.9344319273159601,
    "f1-score": 0.9376682066093127,
    "support": 2973696.0
  },
  "weighted avg": {
    "precision": 0.9466797969300814,
    "recall": 0.9469286705836777,
    "f1-score": 0.9467262352321214,
    "support": 2973696.0
  }
}