{
  "soil": {
    "precision": 0.9549961216487018,
    "recall": 0.955386960704803,
    "f1-score": 0.9551915011965073,
    "support": 1998743.0,
    "iou": 0.9142263891329233
  },
  "plant": {
    "precision": 0.9084623794443275,
    "recall": 0.9077001660592869,
    "f1-score": 0.908081112807631,
    "support": 974953.0,
    "iou": 0.8316378839664211
  },
  "accuracy": 0.9397524158488292,
  "macro avg": {
    "precision": 0.9317292505465147,
    "recall": 0.931543563382045,
    "f1-score": 0.9316363070020692,
    "support": 2973696.0
  },
  "weighted avg": {
    "precision": 0.9397396154142443,
    "recall": 0.9397524158488292,
    "f1-score": 0.939745936320037,
    "support": 2973696.0
  }
}