{
  "soil": {
    "precision": 0.9772542627858469,
    "recall": 0.9799894359437016,
    "f1-score": 0.9786199382148729,
    "support": 13901857.0,
    "iou": 0.9581349537061457
  },
  "plant": {
    "precision": 0.9238603438469762,
    "recall": 0.9141253743049107,
    "f1-score": 0.9189670782357963,
    "support": 3692511.0,
    "iou": 0.8500824163024358
  },
  "accuracy": 0.9661666164990979,
  "macro avg": {
    "precision": 0.9505573033164116,
    "recall": 0.9470574051243061,
    "f1-score": 0.9487935082253346,
    "support": 17594368.0
  },
  "weighted avg": {
    "precision": 0.9660485387146619,
    "recall": 0.9661666164990979,
    "f1-score": 0.9661006569508799,
    "support": 17594368.0
  },
  "inference_time_seconds": 6.772288246000244
}