{
  "soil": {
    "precision": 0.9521550977159182,
    "recall": 0.9621051831075831,
    "f1-score": 0.9571042807623882,
    "support": 1998743.0,
    "iou": 0.9177372800629197
  },
  "plant": {
    "precision": 0.9206113623166532,
    "recall": 0.900888555653452,
    "f1-score": 0.9106431818452799,
    "support": 974953.0,
    "iou": 0.8359457311588996
  },
  "accuracy": 0.9420347607825413,
  "macro avg": {
    "precision": 0.9363832300162858,
    "recall": 0.9314968693805176,
    "f1-score": 0.9338737313038341,
    "support": 2973696.0
  },
  "weighted avg": {
    "precision": 0.9418132001383852,
    "recall": 0.9420347607825413,
    "f1-score": 0.941871591283527,
    "support": 2973696.0
  },
  "inference_time_seconds": 0.8490606919999664
}