{
  "soil": {
    "precision": 0.9527338743383423,
    "recall": 0.9591393190620305,
    "f1-score": 0.9559258664587013,
    "support": 1998743.0,
    "iou": 0.9155727890857563
  },
  "plant": {
    "precision": 0.9150611274915108,
    "recall": 0.9024486308570772,
    "f1-score": 0.9087111173538628,
    "support": 974953.0,
    "iou": 0.8326952943481261
  },
  "accuracy": 0.9405527666580579,
  "macro avg": {
    "precision": 0.9338975009149266,
    "recall": 0.9307939749595538,
    "f1-score": 0.932318491906282,
    "support": 2973696.0
  },
  "weighted avg": {
    "precision": 0.940382525190158,
    "recall": 0.9405527666580579,
    "f1-score": 0.9404460859821463,
    "support": 2973696.0
  },
  "inference_time_seconds": 1.351029211000423
}