{
  "soil": {
    "precision": 0.955051229596803,
    "recall": 0.9709096876698787,
    "f1-score": 0.9629151689667124,
    "support": 2047417.0,
    "iou": 0.928482550465349
  },
  "plant": {
    "precision": 0.9332498021925804,
    "recall": 0.8989969544813172,
    "f1-score": 0.9158032092407129,
    "support": 926279.0,
    "iou": 0.844683563949083
  },
  "accuracy": 0.9485095315728306,
  "macro avg": {
    "precision": 0.9441505158946917,
    "recall": 0.934953321075598,
    "f1-score": 0.9393591891037126,
    "support": 2973696.0
  },
  "weighted avg": {
    "precision": 0.9482602851375995,
    "recall": 0.9485095315728306,
    "f1-score": 0.9482402260865259,
    "support": 2973696.0
  },
  "inference_time_seconds": 1.2102202289988782
}