{
  "soil": {
    "precision": 0.9732972660172649,
    "recall": 0.97683791453185,
    "f1-score": 0.975064376089195,
    "support": 13901857.0,
    "iou": 0.9513420680692918
  },
  "plant": {
    "precision": 0.9115866575469825,
    "recall": 0.8991017223780782,
    "f1-score": 0.9053011473252937,
    "support": 3692511.0,
    "iou": 0.8269864767952827
  },
  "accuracy": 0.9605235038848795,
  "macro avg": {
    "precision": 0.9424419617821237,
    "recall": 0.9379698184549641,
    "f1-score": 0.9401827617072444,
    "support": 17594368.0
  },
  "weighted avg": {
    "precision": 0.9603461273009886,
    "recall": 0.9605235038848795,
    "f1-score": 0.9604232426534147,
    "support": 17594368.0
  }
}