{
  "soil": {
    "precision": 0.9506336079350544,
    "recall": 0.9524956435119473,
    "f1-score": 0.9515637148088882,
    "support": 1998743.0,
    "iou": 0.907602806436096
  },
  "plant": {
    "precision": 0.9022190686667257,
    "recall": 0.8985961374548311,
    "f1-score": 0.9004039587027894,
    "support": 974953.0,
    "iou": 0.8188497638101434
  },
  "accuracy": 0.9348242052987259,
  "macro avg": {
    "precision": 0.92642633830089,
    "recall": 0.9255458904833892,
    "f1-score": 0.9259838367558388,
    "support": 2973696.0
  },
  "weighted avg": {
    "precision": 0.9347604654540225,
    "recall": 0.9348242052987259,
    "f1-score": 0.9347905282777467,
    "support": 2973696.0
  }
}