{
  "soil": {
    "precision": 0.7035649634269958,
    "recall": 0.5497139952460122,
    "f1-score": 0.6171962024640955,
    "support": 1998743.0,
    "iou": 0.4463367858577709
  },
  "plant": {
    "precision": 0.36261326817867956,
    "recall": 0.5251730083398892,
    "f1-score": 0.4290102380499527,
    "support": 974953.0,
    "iou": 0.2730827714099348
  },
  "accuracy": 0.5416680117940771,
  "macro avg": {
    "precision": 0.5330891158028377,
    "recall": 0.5374435017929506,
    "f1-score": 0.523103220257024,
    "support": 2973696.0
  },
  "weighted avg": {
    "precision": 0.5917808812150174,
    "recall": 0.5416680117940771,
    "f1-score": 0.5554977401587818,
    "support": 2973696.0
  },
  "inference_time_seconds": 0.03854966594371945
}