{
  "soil": {
    "precision": 0.7031596418633191,
    "recall": 0.5498180606511193,
    "f1-score": 0.6171057471199822,
    "support": 1998743.0,
    "iou": 0.4462421807269767
  },
  "plant": {
    "precision": 0.3622203683082783,
    "recall": 0.5241596261563378,
    "f1-score": 0.4283970622630232,
    "support": 974953.0,
    "iou": 0.27258606609624425
  },
  "accuracy": 0.5414057119490359,
  "macro avg": {
    "precision": 0.5326900050857988,
    "recall": 0.5369888434037285,
    "f1-score": 0.5227514046915027,
    "support": 2973696.0
  },
  "weighted avg": {
    "precision": 0.5913796322152893,
    "recall": 0.5414057119490359,
    "f1-score": 0.5552359062124561,
    "support": 2973696.0
  },
  "inference_time_seconds": 0.03845853400002852
}