{
  "soil": {
    "precision": 0.7278645134113059,
    "recall": 0.6103245890041892,
    "f1-score": 0.6639324878623306,
    "support": 1998743.0,
    "iou": 0.4969303435872472
  },
  "plant": {
    "precision": 0.3998244616335394,
    "recall": 0.5321907825300296,
    "f1-score": 0.4566081819881857,
    "support": 974953.0,
    "iou": 0.2958472221113527
  },
  "accuracy": 0.5847077172649794,
  "macro avg": {
    "precision": 0.5638444875224227,
    "recall": 0.5712576857671094,
    "f1-score": 0.5602703349252581,
    "support": 2973696.0
  },
  "weighted avg": {
    "precision": 0.6203136297295547,
    "recall": 0.5847077172649794,
    "f1-score": 0.5959593480440993,
    "support": 2973696.0
  },
  "inference_time_seconds": 1.6406582919880748
}