{
  "soil": {
    "precision": 0.7335226088031546,
    "recall": 0.5966735093005954,
    "f1-score": 0.6580586173561052,
    "support": 1998743.0,
    "iou": 0.49037806409963836
  },
  "plant": {
    "precision": 0.40190095760127076,
    "recall": 0.5556175528461372,
    "f1-score": 0.4664206991561908,
    "support": 974953.0,
    "iou": 0.3041386245233982
  },
  "accuracy": 0.5832129444300964,
  "macro avg": {
    "precision": 0.5677117832022127,
    "recall": 0.5761455310733663,
    "f1-score": 0.562239658256148,
    "support": 2973696.0
  },
  "weighted avg": {
    "precision": 0.6247974655120346,
    "recall": 0.5832129444300964,
    "f1-score": 0.5952284009309019,
    "support": 2973696.0
  },
  "inference_time_seconds": 0.8349200440000004
}