{
  "soil": {
    "precision": 0.950380241695833,
    "recall": 0.90004117587904,
    "f1-score": 0.9245259940723884,
    "support": 1998743.0,
    "iou": 0.8596451322642351
  },
  "plant": {
    "precision": 0.8151479292130704,
    "recall": 0.9036630483725883,
    "f1-score": 0.8571263183598975,
    "support": 974953.0,
    "iou": 0.7499746753550771
  },
  "accuracy": 0.9012286393767218,
  "macro avg": {
    "precision": 0.8827640854544517,
    "recall": 0.9018521121258141,
    "f1-score": 0.890826156216143,
    "support": 2973696.0
  },
  "weighted avg": {
    "precision": 0.9060431108149337,
    "recall": 0.9012286393767218,
    "f1-score": 0.9024284037218885,
    "support": 2973696.0
  },
  "inference_time_seconds": 0.02577674899998783
}