{
  "soil": {
    "precision": 0.8939526545062769,
    "recall": 0.9588038778886646,
    "f1-score": 0.9252432867491037,
    "support": 1978293.0,
    "iou": 0.8608862595056064
  },
  "plant": {
    "precision": 0.9043326067128464,
    "recall": 0.7739488428304918,
    "f1-score": 0.834076042120033,
    "support": 995403.0,
    "iou": 0.7153777366721732
  },
  "accuracy": 0.8969262493543388,
  "macro avg": {
    "precision": 0.8991426306095617,
    "recall": 0.8663763603595782,
    "f1-score": 0.8796596644345683,
    "support": 2973696.0
  },
  "weighted avg": {
    "precision": 0.8974271978241802,
    "recall": 0.8969262493543388,
    "f1-score": 0.8947263311472161,
    "support": 2973696.0
  },
  "inference_time_seconds": 0.006779000046662986
}