{
  "soil": {
    "precision": 0.9470485231326546,
    "recall": 0.9542344750743278,
    "f1-score": 0.9506279193509355,
    "support": 1978061.0,
    "iou": 0.9059016690847607
  },
  "plant": {
    "precision": 0.9076844790980455,
    "recall": 0.8940013157432192,
    "f1-score": 0.9007909380390545,
    "support": 995635.0,
    "iou": 0.8194900944794608
  },
  "accuracy": 0.9340675711303374,
  "macro avg": {
    "precision": 0.92736650111535,
    "recall": 0.9241178954087734,
    "f1-score": 0.925709428694995,
    "support": 2973696.0
  },
  "weighted avg": {
    "precision": 0.9338688907887978,
    "recall": 0.9340675711303374,
    "f1-score": 0.9339418011705787,
    "support": 2973696.0
  },
  "inference_time_seconds": 0.45197057299992593
}