{
  "soil": {
    "precision": 0.9654663228102699,
    "recall": 0.9731755943048301,
    "f1-score": 0.9693056300777384,
    "support": 13894511.0,
    "iou": 0.9404394341950725
  },
  "plant": {
    "precision": 0.8961489410848812,
    "recall": 0.8692760287762473,
    "f1-score": 0.882507958137221,
    "support": 3699857.0,
    "iou": 0.789721917541483
  },
  "accuracy": 0.9513269246158771,
  "macro avg": {
    "precision": 0.9308076319475755,
    "recall": 0.9212258115405387,
    "f1-score": 0.9259067941074797,
    "support": 17594368.0
  },
  "weighted avg": {
    "precision": 0.9508898174195476,
    "recall": 0.9513269246158771,
    "f1-score": 0.95105325669821,
    "support": 17594368.0
  }
}