{
  "soil": {
    "precision": 0.9460779378433777,
    "recall": 0.9661466032718982,
    "f1-score": 0.9560069609239045,
    "support": 2032765.0,
    "iou": 0.915721585433121
  },
  "plant": {
    "precision": 0.9233513512309384,
    "recall": 0.881036972955509,
    "f1-score": 0.9016980087472848,
    "support": 940931.0,
    "iou": 0.8209927833407774
  },
  "accuracy": 0.9392163825757576,
  "macro avg": {
    "precision": 0.934714644537158,
    "recall": 0.9235917881137036,
    "f1-score": 0.9288524848355946,
    "support": 2973696.0
  },
  "weighted avg": {
    "precision": 0.9388868363091828,
    "recall": 0.9392163825757576,
    "f1-score": 0.938822629815244,
    "support": 2973696.0
  }
}