{
  "soil": {
    "precision": 0.9466084408395109,
    "recall": 0.9543815888387669,
    "f1-score": 0.950479122638529,
    "support": 1978061.0,
    "iou": 0.9056314582593762
  },
  "plant": {
    "precision": 0.9078652878520551,
    "recall": 0.8930541815022573,
    "f1-score": 0.9003988299906787,
    "support": 995635.0,
    "iou": 0.8188412804099198
  },
  "accuracy": 0.9338483153624312,
  "macro avg": {
    "precision": 0.927236864345783,
    "recall": 0.9237178851705121,
    "f1-score": 0.9254389763146038,
    "support": 2973696.0
  },
  "weighted avg": {
    "precision": 0.9336366914997447,
    "recall": 0.9338483153624312,
    "f1-score": 0.93371154042083,
    "support": 2973696.0
  }
}