{
  "soil": {
    "precision": 0.8002446149922327,
    "recall": 0.6907091106760599,
    "f1-score": 0.7414532548243067,
    "support": 1998743.0,
    "iou": 0.5891344581887578
  },
  "plant": {
    "precision": 0.5048656987063248,
    "recall": 0.6465368074153318,
    "f1-score": 0.5669854899214702,
    "support": 974953.0,
    "iou": 0.39565928044259596
  },
  "accuracy": 0.6762268234547176,
  "macro avg": {
    "precision": 0.6525551568492787,
    "recall": 0.6686229590456958,
    "f1-score": 0.6542193723728884,
    "support": 2973696.0
  },
  "weighted avg": {
    "precision": 0.7034019785661505,
    "recall": 0.6762268234547176,
    "f1-score": 0.6842524277070374,
    "support": 2973696.0
  },
  "inference_time_seconds": 0.055842506999965735
}