{
  "soil": {
    "precision": 0.7995680786222102,
    "recall": 0.6901867823927338,
    "f1-score": 0.7408619148417975,
    "support": 1998743.0,
    "iou": 0.5883881391362354
  },
  "plant": {
    "precision": 0.5039683366149144,
    "recall": 0.6453080302332522,
    "f1-score": 0.5659471019886791,
    "support": 974953.0,
    "iou": 0.3946486930666985
  },
  "accuracy": 0.6754728795411501,
  "macro avg": {
    "precision": 0.6517682076185622,
    "recall": 0.667747406312993,
    "f1-score": 0.6534045084152383,
    "support": 2973696.0
  },
  "weighted avg": {
    "precision": 0.7026530424957067,
    "recall": 0.6754728795411501,
    "f1-score": 0.6835145190301253,
    "support": 2973696.0
  },
  "inference_time_seconds": 0.050978792016394436
}