{
  "soil": {
    "precision": 0.9413233162849627,
    "recall": 0.6768994312925674,
    "f1-score": 0.7875074286399463,
    "support": 1998743.0,
    "iou": 0.6494946420633313
  },
  "plant": {
    "precision": 0.5796735643345897,
    "recall": 0.9134983942815705,
    "f1-score": 0.7092697758908897,
    "support": 974953.0,
    "iou": 0.5495104729421231
  },
  "accuracy": 0.7544705309486914,
  "macro avg": {
    "precision": 0.7604984403097762,
    "recall": 0.7951989127870689,
    "f1-score": 0.748388602265418,
    "support": 2973696.0
  },
  "weighted avg": {
    "precision": 0.8227531898788768,
    "recall": 0.7544705309486914,
    "f1-score": 0.7618565099647855,
    "support": 2973696.0
  },
  "inference_time_seconds": 1.3930859719999944
}