{
  "soil": {
    "precision": 0.9410510951558412,
    "recall": 0.6735228090855102,
    "f1-score": 0.7851227812333237,
    "support": 1998743.0,
    "iou": 0.6462568966684284
  },
  "plant": {
    "precision": 0.5771402872919298,
    "recall": 0.9135055741148548,
    "f1-score": 0.7073723989544589,
    "support": 974953.0,
    "iou": 0.5472360317714872
  },
  "accuracy": 0.7522033186983471,
  "macro avg": {
    "precision": 0.7590956912238855,
    "recall": 0.7935141916001824,
    "f1-score": 0.7462475900938913,
    "support": 2973696.0
  },
  "weighted avg": {
    "precision": 0.821739661216614,
    "recall": 0.7522033186983471,
    "f1-score": 0.7596316185677634,
    "support": 2973696.0
  },
  "inference_time_seconds": 2.118775332928635
}