{
  "soil": {
    "precision": 0.9725935108332435,
    "recall": 0.5416583079737678,
    "f1-score": 0.6958067989500529,
    "support": 1998917.0,
    "iou": 0.533515125205292
  },
  "plant": {
    "precision": 0.5075470744806649,
    "recall": 0.9687005977765216,
    "f1-score": 0.6660957557310064,
    "support": 974779.0,
    "iou": 0.4993580000909588
  },
  "accuracy": 0.6816429789729683,
  "macro avg": {
    "precision": 0.7400702926569542,
    "recall": 0.7551794528751448,
    "f1-score": 0.6809512773405297,
    "support": 2973696.0
  },
  "weighted avg": {
    "precision": 0.8201510620485223,
    "recall": 0.6816429789729683,
    "f1-score": 0.6860675044834972,
    "support": 2973696.0
  },
  "inference_time_seconds": 4.159673499991186
}