{
  "soil": {
    "precision": 0.972597762606644,
    "recall": 0.5423661912925849,
    "f1-score": 0.696391676920048,
    "support": 1998917.0,
    "iou": 0.5342031533480301
  },
  "plant": {
    "precision": 0.5079241271948557,
    "recall": 0.9686646922020273,
    "f1-score": 0.6664118837526488,
    "support": 974779.0,
    "iou": 0.49971342398273455
  },
  "accuracy": 0.6821070479295799,
  "macro avg": {
    "precision": 0.7402609449007498,
    "recall": 0.7555154417473061,
    "f1-score": 0.6814017803363484,
    "support": 2973696.0
  },
  "weighted avg": {
    "precision": 0.8202775181522453,
    "recall": 0.6821070479295799,
    "f1-score": 0.686564286089269,
    "support": 2973696.0
  },
  "inference_time_seconds": 3.455673789000002
}