{
  "soil": {
    "precision": 0.901255771412536,
    "recall": 0.9906322586975251,
    "f1-score": 0.9438328551046874,
    "support": 13901857.0,
    "iou": 0.8936396664736624
  },
  "plant": {
    "precision": 0.9437183432157242,
    "recall": 0.5913729166954411,
    "f1-score": 0.7271091742112693,
    "support": 3692511.0,
    "iou": 0.5712266594118355
  },
  "accuracy": 0.9068401320240659,
  "macro avg": {
    "precision": 0.9224870573141302,
    "recall": 0.7910025876964831,
    "f1-score": 0.8354710146579784,
    "support": 17594368.0
  },
  "weighted avg": {
    "precision": 0.9101673454725739,
    "recall": 0.9068401320240659,
    "f1-score": 0.8983492903833267,
    "support": 17594368.0
  }
}