{
  "soil": {
    "precision": 0.8536616304217736,
    "recall": 0.9893836966284836,
    "f1-score": 0.9165253693769428,
    "support": 2047417.0,
    "iou": 0.8459130869080808
  },
  "plant": {
    "precision": 0.9638194032931401,
    "recall": 0.625111872340839,
    "f1-score": 0.7583650231198467,
    "support": 926279.0,
    "iou": 0.6107793653054013
  },
  "accuracy": 0.8759163680483816,
  "macro avg": {
    "precision": 0.9087405168574568,
    "recall": 0.8072477844846613,
    "f1-score": 0.8374451962483948,
    "support": 2973696.0
  },
  "weighted avg": {
    "precision": 0.8879747652201916,
    "recall": 0.8759163680483816,
    "f1-score": 0.8672598737208042,
    "support": 2973696.0
  }
}