{
  "soil": {
    "precision": 0.8249416435968249,
    "recall": 0.9887464271294508,
    "f1-score": 0.8994469510625762,
    "support": 1998743.0,
    "iou": 0.8172681470747694
  },
  "plant": {
    "precision": 0.9610896220540002,
    "recall": 0.5698520851774393,
    "f1-score": 0.7154797894431835,
    "support": 974953.0,
    "iou": 0.5570015820405315
  },
  "accuracy": 0.8514081466296488,
  "macro avg": {
    "precision": 0.8930156328254125,
    "recall": 0.7792992561534451,
    "f1-score": 0.8074633702528798,
    "support": 2973696.0
  },
  "weighted avg": {
    "precision": 0.8695789838093948,
    "recall": 0.8514081466296488,
    "f1-score": 0.8391316612271956,
    "support": 2973696.0
  }
}