{
  "soil": {
    "precision": 0.8246830337787114,
    "recall": 0.98875293121727,
    "f1-score": 0.8992959031510757,
    "support": 1998743.0,
    "iou": 0.8170187661929884
  },
  "plant": {
    "precision": 0.9610604446523069,
    "recall": 0.5690787145636764,
    "f1-score": 0.7148618335354046,
    "support": 974953.0,
    "iou": 0.5562529011973737
  },
  "accuracy": 0.8511589617768595,
  "macro avg": {
    "precision": 0.8928717392155092,
    "recall": 0.7789158228904732,
    "f1-score": 0.8070788683432402,
    "support": 2973696.0
  },
  "weighted avg": {
    "precision": 0.8693955954741385,
    "recall": 0.8511589617768595,
    "f1-score": 0.838827533326451,
    "support": 2973696.0
  },
  "inference_time_seconds": 0.39207584899986614
}