{
  "soil": {
    "precision": 0.9536441981499821,
    "recall": 0.15850612109710954,
    "f1-score": 0.2718309569120996,
    "support": 1998743.0,
    "iou": 0.15729419410637677
  },
  "plant": {
    "precision": 0.36326298522458783,
    "recall": 0.9842043667746035,
    "f1-score": 0.5306622320981209,
    "support": 974953.0,
    "iou": 0.36115741641615384
  },
  "accuracy": 0.4292187230974518,
  "macro avg": {
    "precision": 0.658453591687285,
    "recall": 0.5713552439358566,
    "f1-score": 0.40124659450511024,
    "support": 2973696.0
  },
  "weighted avg": {
    "precision": 0.7600824034388712,
    "recall": 0.4292187230974518,
    "f1-score": 0.35669112023627164,
    "support": 2973696.0
  },
  "inference_time_seconds": 0.056091499980539083
}