{
  "soil": {
    "precision": 0.966793037036072,
    "recall": 0.8698911848441231,
    "f1-score": 0.915785882480581,
    "support": 2047417.0,
    "iou": 0.844654084172796
  },
  "plant": {
    "precision": 0.7645701427849246,
    "recall": 0.9339572634163141,
    "f1-score": 0.8408175642479168,
    "support": 926279.0,
    "iou": 0.7253539549211598
  },
  "accuracy": 0.8898471800748967,
  "macro avg": {
    "precision": 0.8656815899104984,
    "recall": 0.9019242241302186,
    "f1-score": 0.8783017233642489,
    "support": 2973696.0
  },
  "weighted avg": {
    "precision": 0.9038024622550391,
    "recall": 0.8898471800748967,
    "f1-score": 0.8924339396981871,
    "support": 2973696.0
  },
  "train_time_seconds": 1.5091700330000322,
  "validation_inference_time_seconds": 0.16581618999998682,
  "model_type": "logistic_regression",
  "max_iter": 1000,
  "samples_per_class": 500,
  "feature_mode": "rgb_hsv_exg"
}