{
  "soil": {
    "precision": 0.9573646940377077,
    "recall": 0.9362774503775623,
    "f1-score": 0.94670366041299,
    "support": 1998743.0,
    "iou": 0.8988008643267343
  },
  "plant": {
    "precision": 0.8750071149720603,
    "recall": 0.9145189562984062,
    "f1-score": 0.8943268347801403,
    "support": 974953.0,
    "iou": 0.8088527992829655
  },
  "accuracy": 0.9291437322443182,
  "macro avg": {
    "precision": 0.916185904504884,
    "recall": 0.9253982033379842,
    "f1-score": 0.9205152475965652,
    "support": 2973696.0
  },
  "weighted avg": {
    "precision": 0.9303630204359711,
    "recall": 0.9291437322443182,
    "f1-score": 0.9295314466825939,
    "support": 2973696.0
  },
  "inference_time_seconds": 0.32313338799986013
}