{
  "soil": {
    "precision": 0.9573087364700251,
    "recall": 0.9534555002718059,
    "f1-score": 0.9553782331639094,
    "support": 2047417.0,
    "iou": 0.9145685677769491
  },
  "plant": {
    "precision": 0.8980267945041305,
    "recall": 0.9060164378119335,
    "f1-score": 0.9020039241207675,
    "support": 926279.0,
    "iou": 0.8215001345960894
  },
  "accuracy": 0.9386786678934229,
  "macro avg": {
    "precision": 0.9276677654870777,
    "recall": 0.9297359690418697,
    "f1-score": 0.9286910786423384,
    "support": 2973696.0
  },
  "weighted avg": {
    "precision": 0.9388429558649374,
    "recall": 0.9386786678934229,
    "f1-score": 0.9387526259713206,
    "support": 2973696.0
  }
}