{
  "soil": {
    "precision": 0.9556172976861433,
    "recall": 0.9411109882561189,
    "f1-score": 0.9483086703410135,
    "support": 1998743.0,
    "iou": 0.9016986672776934
  },
  "plant": {
    "precision": 0.8829158435243819,
    "recall": 0.9103926035408887,
    "f1-score": 0.8964437264644259,
    "support": 974953.0,
    "iou": 0.8123226227443745
  },
  "accuracy": 0.9310396893293733,
  "macro avg": {
    "precision": 0.9192665706052626,
    "recall": 0.9257517958985038,
    "f1-score": 0.9223761984027197,
    "support": 2973696.0
  },
  "weighted avg": {
    "precision": 0.931781471549453,
    "recall": 0.9310396893293733,
    "f1-score": 0.9313042816518836,
    "support": 2973696.0
  }
}