{
  "soil": {
    "precision": 0.9558551709230761,
    "recall": 0.9752775474528331,
    "f1-score": 0.9654686888656422,
    "support": 13901857.0,
    "iou": 0.9332425983385763
  },
  "plant": {
    "precision": 0.899212735122289,
    "recall": 0.8304229831678227,
    "f1-score": 0.8634499323833922,
    "support": 3692511.0,
    "iou": 0.7597113026389433
  },
  "accuracy": 0.9448770765735944,
  "macro avg": {
    "precision": 0.9275339530226826,
    "recall": 0.9028502653103279,
    "f1-score": 0.9144593106245171,
    "support": 17594368.0
  },
  "weighted avg": {
    "precision": 0.94396768412837,
    "recall": 0.9448770765735944,
    "f1-score": 0.9440581226823596,
    "support": 17594368.0
  }
}