{
  "soil": {
    "precision": 0.9604688219255693,
    "recall": 0.20356243899290705,
    "f1-score": 0.33592805027167744,
    "support": 1998743.0,
    "iou": 0.20187110919484055
  },
  "plant": {
    "precision": 0.3757555152169676,
    "recall": 0.9828237874030851,
    "f1-score": 0.5436583023028998,
    "support": 974953.0,
    "iou": 0.3733040832124643
  },
  "accuracy": 0.45905028624311295,
  "macro avg": {
    "precision": 0.6681121685712684,
    "recall": 0.5931931131979961,
    "f1-score": 0.43979317628728865,
    "support": 2973696.0
  },
  "weighted avg": {
    "precision": 0.7687653012847669,
    "recall": 0.45905028624311295,
    "f1-score": 0.4040342831914501,
    "support": 2973696.0
  },
  "inference_time_seconds": 0.06238373999997293
}