{
  "soil": {
    "precision": 0.7293238747389997,
    "recall": 0.6102485412081493,
    "f1-score": 0.6644938718196317,
    "support": 1998743.0,
    "iou": 0.49755958269169975
  },
  "plant": {
    "precision": 0.4013505122632723,
    "recall": 0.5356883870299389,
    "f1-score": 0.4588898256200914,
    "support": 974953.0,
    "iou": 0.2977657491650351
  },
  "accuracy": 0.5858033235408058,
  "macro avg": {
    "precision": 0.565337193501136,
    "recall": 0.5729684641190441,
    "f1-score": 0.5616918487198616,
    "support": 2973696.0
  },
  "weighted avg": {
    "precision": 0.621794855745196,
    "recall": 0.5858033235408058,
    "f1-score": 0.5970847346198708,
    "support": 2973696.0
  },
  "inference_time_seconds": 0.8433494649999602
}