{
  "soil": {
    "precision": 0.7282221666201534,
    "recall": 0.6057547168395336,
    "f1-score": 0.6613668014893955,
    "support": 1998743.0,
    "iou": 0.49406125757619657
  },
  "plant": {
    "precision": 0.39897627009018466,
    "recall": 0.5365315045956062,
    "f1-score": 0.4576409609451449,
    "support": 974953.0,
    "iou": 0.29671493430322393
  },
  "accuracy": 0.5830592636234504,
  "macro avg": {
    "precision": 0.563599218355169,
    "recall": 0.57114311071757,
    "f1-score": 0.5595038812172702,
    "support": 2973696.0
  },
  "weighted avg": {
    "precision": 0.6202759358825183,
    "recall": 0.5830592636234504,
    "f1-score": 0.5945734509195529,
    "support": 2973696.0
  },
  "inference_time_seconds": 1.5597221249481663
}