{
  "soil": {
    "precision": 0.9420314126270567,
    "recall": 0.6880972636510365,
    "f1-score": 0.7952859755611298,
    "support": 1978293.0,
    "iou": 0.6601450297978865
  },
  "plant": {
    "precision": 0.5963588003181847,
    "recall": 0.9158471493455415,
    "f1-score": 0.7223533373612115,
    "support": 995403.0,
    "iou": 0.5653780176354067
  },
  "accuracy": 0.7643333414040978,
  "macro avg": {
    "precision": 0.7691951064726207,
    "recall": 0.801972206498289,
    "f1-score": 0.7588196564611707,
    "support": 2973696.0
  },
  "weighted avg": {
    "precision": 0.8263223571923086,
    "recall": 0.7643333414040978,
    "f1-score": 0.7708727985376165,
    "support": 2973696.0
  },
  "inference_time_seconds": 1.4236230709999518
}