{
  "soil": {
    "precision": 0.9413316805874458,
    "recall": 0.68636041273967,
    "f1-score": 0.7938759467612426,
    "support": 1978293.0,
    "iou": 0.6582042242085123
  },
  "plant": {
    "precision": 0.594793919730834,
    "recall": 0.9149831776677386,
    "f1-score": 0.7209361324535918,
    "support": 995403.0,
    "iou": 0.5636435761699241
  },
  "accuracy": 0.7628886745652548,
  "macro avg": {
    "precision": 0.7680628001591399,
    "recall": 0.8006717952037044,
    "f1-score": 0.7574060396074171,
    "support": 2973696.0
  },
  "weighted avg": {
    "precision": 0.8253330288187533,
    "recall": 0.7628886745652548,
    "f1-score": 0.7694603676363831,
    "support": 2973696.0
  },
  "inference_time_seconds": 2.1674369589891285
}