{
  "soil": {
    "precision": 0.9495377686740777,
    "recall": 0.1400850434498082,
    "f1-score": 0.24415061450974596,
    "support": 1998743.0,
    "iou": 0.13904986186590043
  },
  "plant": {
    "precision": 0.35839372679483744,
    "recall": 0.9847377258185779,
    "f1-score": 0.5255238759912693,
    "support": 974953.0,
    "iou": 0.356413961158287
  },
  "accuracy": 0.41701202812930444,
  "macro avg": {
    "precision": 0.6539657477344576,
    "recall": 0.562411384634193,
    "f1-score": 0.3848372452505076,
    "support": 2973696.0
  },
  "weighted avg": {
    "precision": 0.7557258736241832,
    "recall": 0.41701202812930444,
    "f1-score": 0.3364013709425473,
    "support": 2973696.0
  },
  "inference_time_seconds": 0.05596974999991744
}