{
  "soil": {
    "precision": 0.9724088818786484,
    "recall": 0.5403941377155542,
    "f1-score": 0.6947157725408498,
    "support": 1998743.0,
    "iou": 0.5322333311980447
  },
  "plant": {
    "precision": 0.5068901843322919,
    "recall": 0.9685656641909918,
    "f1-score": 0.665497959225383,
    "support": 974953.0,
    "iou": 0.4986863555780643
  },
  "accuracy": 0.6807740266658058,
  "macro avg": {
    "precision": 0.7396495331054702,
    "recall": 0.754479900953273,
    "f1-score": 0.6801068658831164,
    "support": 2973696.0
  },
  "weighted avg": {
    "precision": 0.8197843867288709,
    "recall": 0.6807740266658058,
    "f1-score": 0.6851364494542417,
    "support": 2973696.0
  },
  "inference_time_seconds": 3.586668070000087
}