{
  "soil": {
    "precision": 0.9723816630228056,
    "recall": 0.5404982031206613,
    "f1-score": 0.6947948126919772,
    "support": 1998743.0,
    "iou": 0.532326119638696
  },
  "plant": {
    "precision": 0.5069369918317277,
    "recall": 0.9685277136436321,
    "f1-score": 0.6655293397912637,
    "support": 974953.0,
    "iou": 0.49872159773611097
  },
  "accuracy": 0.6808315308626033,
  "macro avg": {
    "precision": 0.7396593274272667,
    "recall": 0.7545129583821467,
    "f1-score": 0.6801620762416205,
    "support": 2973696.0
  },
  "weighted avg": {
    "precision": 0.8197814380799213,
    "recall": 0.6808315308626033,
    "f1-score": 0.6851998639813593,
    "support": 2973696.0
  },
  "inference_time_seconds": 4.189077874994837
}