{
  "soil": {
    "precision": 0.9796941829599793,
    "recall": 0.4603483289247292,
    "f1-score": 0.6263712026010132,
    "support": 1998743.0,
    "iou": 0.455997430883124
  },
  "plant": {
    "precision": 0.46983470688476375,
    "recall": 0.9804390570622379,
    "f1-score": 0.6352515069148618,
    "support": 974953.0,
    "iou": 0.46547148440429337
  },
  "accuracy": 0.6308647555096418,
  "macro avg": {
    "precision": 0.7247644449223716,
    "recall": 0.7203936929934835,
    "f1-score": 0.6308113547579375,
    "support": 2973696.0
  },
  "weighted avg": {
    "precision": 0.8125321644557477,
    "recall": 0.6308647555096418,
    "f1-score": 0.6292826903024122,
    "support": 2973696.0
  },
  "inference_time_seconds": 4.3594704369999135
}