{
  "soil": {
    "precision": 0.9799146818343406,
    "recall": 0.4578667692644827,
    "f1-score": 0.6241148391272221,
    "support": 1998743.0,
    "iou": 0.4536096884214679
  },
  "plant": {
    "precision": 0.4687735932306425,
    "recall": 0.9807600981790917,
    "f1-score": 0.6343480500594911,
    "support": 974953.0,
    "iou": 0.46450199121901076
  },
  "accuracy": 0.6293020537405303,
  "macro avg": {
    "precision": 0.7243441375324915,
    "recall": 0.7193134337217872,
    "f1-score": 0.6292314445933567,
    "support": 2973696.0
  },
  "weighted avg": {
    "precision": 0.8123324751267816,
    "recall": 0.6293020537405303,
    "f1-score": 0.6274698894410566,
    "support": 2973696.0
  },
  "inference_time_seconds": 5.131186915910803
}