{
  "soil": {
    "precision": 0.9723603893406896,
    "recall": 0.5329419540181004,
    "f1-score": 0.688515032466819,
    "support": 1998743.0,
    "iou": 0.5249888862713169
  },
  "plant": {
    "precision": 0.5029669316894926,
    "recall": 0.9689431182836507,
    "f1-score": 0.6621958280584728,
    "support": 974953.0,
    "iou": 0.49498711541424023
  },
  "accuracy": 0.6758888601928374,
  "macro avg": {
    "precision": 0.737663660515091,
    "recall": 0.7509425361508755,
    "f1-score": 0.6753554302626459,
    "support": 2973696.0
  },
  "weighted avg": {
    "precision": 0.8184655192136129,
    "recall": 0.6758888601928374,
    "f1-score": 0.6798860444009474,
    "support": 2973696.0
  },
  "inference_time_seconds": 3.5327272549999407
}