{
  "soil": {
    "precision": 0.9724312948862616,
    "recall": 0.533345707777338,
    "f1-score": 0.6888696750163006,
    "support": 1998743.0,
    "iou": 0.5254013745924646
  },
  "plant": {
    "precision": 0.5031982158807704,
    "recall": 0.9690015826403939,
    "f1-score": 0.6624099093887756,
    "support": 974953.0,
    "iou": 0.49522638814263437
  },
  "accuracy": 0.6761794077134986,
  "macro avg": {
    "precision": 0.7378147553835159,
    "recall": 0.751173645208866,
    "f1-score": 0.6756397922025381,
    "support": 2973696.0
  },
  "weighted avg": {
    "precision": 0.8185890063417566,
    "recall": 0.6761794077134986,
    "f1-score": 0.6801946026895219,
    "support": 2973696.0
  },
  "inference_time_seconds": 4.2388908750144765
}