{
  "soil": {
    "precision": 0.9576839856335245,
    "recall": 0.896621026315039,
    "f1-score": 0.9261470929012693,
    "support": 1998743.0,
    "iou": 0.8624524707052069
  },
  "plant": {
    "precision": 0.8125644619215435,
    "recall": 0.9187796745073865,
    "f1-score": 0.8624140009281064,
    "support": 974953.0,
    "iou": 0.7581088389200571
  },
  "accuracy": 0.9038859385761019,
  "macro avg": {
    "precision": 0.8851242237775341,
    "recall": 0.9077003504112128,
    "f1-score": 0.8942805469146878,
    "support": 2973696.0
  },
  "weighted avg": {
    "precision": 0.910105243555798,
    "recall": 0.9038859385761019,
    "f1-score": 0.9052516250328284,
    "support": 2973696.0
  },
  "inference_time_seconds": 0.02094791701529175
}