{
  "soil": {
    "precision": 0.6781531787639997,
    "recall": 0.9995597232860853,
    "f1-score": 0.808069846613943,
    "support": 1998743.0,
    "iou": 0.6779506704468911
  },
  "plant": {
    "precision": 0.9681862550160877,
    "recall": 0.027469016455152196,
    "f1-score": 0.053422353966730965,
    "support": 974953.0,
    "iou": 0.027444245070621716
  },
  "accuracy": 0.6808510352100551,
  "macro avg": {
    "precision": 0.8231697168900437,
    "recall": 0.5135143698706187,
    "f1-score": 0.430746100290337,
    "support": 2973696.0
  },
  "weighted avg": {
    "precision": 0.7732431334167962,
    "recall": 0.6808510352100551,
    "f1-score": 0.5606518735262846,
    "support": 2973696.0
  },
  "inference_time_seconds": 0.3910216530002799
}