{
  "soil": {
    "precision": 0.6946775393504628,
    "recall": 0.9996786194507519,
    "f1-score": 0.8197264546701374,
    "support": 2047417.0,
    "iou": 0.6945224333067979
  },
  "plant": {
    "precision": 0.9759432582626499,
    "recall": 0.02881853091779043,
    "f1-score": 0.0559839183080248,
    "support": 926279.0,
    "iou": 0.02879807365549115
  },
  "accuracy": 0.6972646161544421,
  "macro avg": {
    "precision": 0.8353103988065564,
    "recall": 0.5142485751842711,
    "f1-score": 0.4378551864890811,
    "support": 2973696.0
  },
  "weighted avg": {
    "precision": 0.7822892282548639,
    "recall": 0.6972646161544421,
    "f1-score": 0.5818276671548832,
    "support": 2973696.0
  }
}