{
  "soil": {
    "precision": 0.6769126784613195,
    "recall": 0.9996227629064868,
    "f1-score": 0.8072090874951998,
    "support": 1998743.0,
    "iou": 0.6767398032905045
  },
  "plant": {
    "precision": 0.965845261822794,
    "recall": 0.02186977218388989,
    "f1-score": 0.04277107285745951,
    "support": 974953.0,
    "iou": 0.02185287181500184
  },
  "accuracy": 0.6790576440900482,
  "macro avg": {
    "precision": 0.8213789701420567,
    "recall": 0.5107462675451884,
    "f1-score": 0.42499008017632967,
    "support": 2973696.0
  },
  "weighted avg": {
    "precision": 0.7716418266143317,
    "recall": 0.6790576440900482,
    "f1-score": 0.556581203647924,
    "support": 2973696.0
  }
}