{
  "soil": {
    "precision": 0.7924259919416323,
    "recall": 0.9997504649918353,
    "f1-score": 0.8840962627874469,
    "support": 13901857.0,
    "iou": 0.7922692910733102
  },
  "plant": {
    "precision": 0.9373057182100774,
    "recall": 0.014045455788757297,
    "f1-score": 0.02767618600885896,
    "support": 3692511.0,
    "iou": 0.014032272901909643
  },
  "accuracy": 0.7928816198456233,
  "macro avg": {
    "precision": 0.8648658550758548,
    "recall": 0.5068979603902963,
    "f1-score": 0.45588622439815296,
    "support": 17594368.0
  },
  "weighted avg": {
    "precision": 0.8228317435391449,
    "recall": 0.7928816198456233,
    "f1-score": 0.7043603067061726,
    "support": 17594368.0
  }
}