{
  "soil": {
    "precision": 0.7906554047377311,
    "recall": 0.9997418330515124,
    "f1-score": 0.8829898381887837,
    "support": 13901857.0,
    "iou": 0.7904940065693119
  },
  "plant": {
    "precision": 0.7785524773246129,
    "recall": 0.0034171868411495593,
    "f1-score": 0.006804507649273954,
    "support": 3692511.0,
    "iou": 0.003413868672384405
  },
  "accuracy": 0.7906442561619719,
  "macro avg": {
    "precision": 0.784603941031172,
    "recall": 0.501579509946331,
    "f1-score": 0.44489717291902886,
    "support": 17594368.0
  },
  "weighted avg": {
    "precision": 0.7881153764397473,
    "recall": 0.7906442561619719,
    "f1-score": 0.699105769658685,
    "support": 17594368.0
  }
}