{
  "soil": {
    "precision": 0.672963531030024,
    "recall": 0.9999069415127407,
    "f1-score": 0.8044865602045516,
    "support": 1998743.0,
    "iou": 0.6729213854276691
  },
  "plant": {
    "precision": 0.9524418307338277,
    "recall": 0.0038206969977014277,
    "f1-score": 0.007610863204694421,
    "support": 974953.0,
    "iou": 0.003819968230170263
  },
  "accuracy": 0.673331100421832,
  "macro avg": {
    "precision": 0.8127026808819259,
    "recall": 0.501863819255221,
    "f1-score": 0.406048711704623,
    "support": 2973696.0
  },
  "weighted avg": {
    "precision": 0.7645930071873456,
    "recall": 0.673331100421832,
    "f1-score": 0.5432236902215063,
    "support": 2973696.0
  }
}