{
  "soil": {
    "precision": 0.6731467762507606,
    "recall": 0.9996838012690976,
    "f1-score": 0.8045452266805072,
    "support": 1998743.0,
    "iou": 0.6730034833910755
  },
  "plant": {
    "precision": 0.8825715347454478,
    "recall": 0.004872029728612559,
    "f1-score": 0.009690564959937165,
    "support": 974953.0,
    "iou": 0.004868873547666272
  },
  "accuracy": 0.6735258076144972,
  "macro avg": {
    "precision": 0.7778591554981042,
    "recall": 0.502277915498855,
    "f1-score": 0.4071178958202222,
    "support": 2973696.0
  },
  "weighted avg": {
    "precision": 0.7418085683669254,
    "recall": 0.6735258076144972,
    "f1-score": 0.5439449713052251,
    "support": 2973696.0
  }
}