{
  "soil": {
    "precision": 0.7908058393705454,
    "recall": 0.9998872812459515,
    "f1-score": 0.883140379128067,
    "support": 13901857.0,
    "iou": 0.7907353463442423
  },
  "plant": {
    "precision": 0.9077909850535483,
    "recall": 0.00417791578684532,
    "f1-score": 0.008317551802733789,
    "support": 3692511.0,
    "iou": 0.004176143546508764
  },
  "accuracy": 0.7909188326628157,
  "macro avg": {
    "precision": 0.8492984122120468,
    "recall": 0.5020325985163984,
    "f1-score": 0.44572896546540036,
    "support": 17594368.0
  },
  "weighted avg": {
    "precision": 0.815357385482977,
    "recall": 0.7909188326628157,
    "f1-score": 0.6995422576752308,
    "support": 17594368.0
  }
}