{
  "soil": {
    "precision": 0.6895491792925678,
    "recall": 0.9999164801308185,
    "f1-score": 0.816224448706039,
    "support": 2047417.0,
    "iou": 0.6895094663965992
  },
  "plant": {
    "precision": 0.9638706951193746,
    "recall": 0.00492508196774406,
    "f1-score": 0.009800088505840956,
    "support": 926279.0,
    "iou": 0.004924172918128339
  },
  "accuracy": 0.6899857954545454,
  "macro avg": {
    "precision": 0.8267099372059712,
    "recall": 0.5024207810492812,
    "f1-score": 0.41301226860594,
    "support": 2973696.0
  },
  "weighted avg": {
    "precision": 0.7749978126964325,
    "recall": 0.6899857954545454,
    "f1-score": 0.565030664962886,
    "support": 2973696.0
  }
}