{
  "soil": {
    "precision": 0.6898726027914401,
    "recall": 0.9996512679146456,
    "f1-score": 0.8163625670371012,
    "support": 2047417.0,
    "iou": 0.6897066147980555
  },
  "plant": {
    "precision": 0.8967013888888888,
    "recall": 0.006691288477877616,
    "f1-score": 0.013283454298209048,
    "support": 926279.0,
    "iou": 0.006686134631005844
  },
  "accuracy": 0.6903533515194559,
  "macro avg": {
    "precision": 0.7932869958401645,
    "recall": 0.5031712781962616,
    "f1-score": 0.41482301066765515,
    "support": 2973696.0
  },
  "weighted avg": {
    "precision": 0.7542978705920352,
    "recall": 0.6903533515194559,
    "f1-score": 0.5662107971626189,
    "support": 2973696.0
  }
}