{
  "soil": {
    "precision": 0.6735802777154976,
    "recall": 0.9995427125948658,
    "f1-score": 0.8048090449265297,
    "support": 1998743.0,
    "iou": 0.6733727706942502
  },
  "plant": {
    "precision": 0.8814680326805862,
    "recall": 0.0069716181190272765,
    "f1-score": 0.0138338231582718,
    "support": 974953.0,
    "iou": 0.006965088480294958
  },
  "accuracy": 0.6741193450843664,
  "macro avg": {
    "precision": 0.7775241551980419,
    "recall": 0.5032571653569465,
    "f1-score": 0.40932143404240073,
    "support": 2973696.0
  },
  "weighted avg": {
    "precision": 0.7417381493898308,
    "recall": 0.6741193450843664,
    "f1-score": 0.5454806988586639,
    "support": 2973696.0
  },
  "inference_time_seconds": 0.4793847690000348
}