{
  "soil": {
    "precision": 0.9576716866874202,
    "recall": 0.9448758544745373,
    "f1-score": 0.9512307405597893,
    "support": 1998743.0,
    "iou": 0.9069971607172359
  },
  "plant": {
    "precision": 0.8900034842196796,
    "recall": 0.914382539466005,
    "f1-score": 0.9020283191643074,
    "support": 974953.0,
    "iou": 0.8215406051982616
  },
  "accuracy": 0.9348783466769972,
  "macro avg": {
    "precision": 0.9238375854535499,
    "recall": 0.9296291969702711,
    "f1-score": 0.9266295298620484,
    "support": 2973696.0
  },
  "weighted avg": {
    "precision": 0.9354860574231877,
    "recall": 0.9348783466769972,
    "f1-score": 0.9350992838316,
    "support": 2973696.0
  }
}