{
  "soil": {
    "precision": 0.9755011755510247,
    "recall": 0.9710038737990183,
    "f1-score": 0.9732473292805746,
    "support": 13901857.0,
    "iou": 0.9478887730563577
  },
  "plant": {
    "precision": 0.892695579675462,
    "recall": 0.9081901177816396,
    "f1-score": 0.9003761924406302,
    "support": 3692511.0,
    "iou": 0.8188038365948329
  },
  "accuracy": 0.9578212186990747,
  "macro avg": {
    "precision": 0.9340983776132433,
    "recall": 0.939596995790329,
    "f1-score": 0.9368117608606024,
    "support": 17594368.0
  },
  "weighted avg": {
    "precision": 0.9581228546228691,
    "recall": 0.9578212186990747,
    "f1-score": 0.9579539425352251,
    "support": 17594368.0
  }
}