{
  "soil": {
    "precision": 0.9580175276289287,
    "recall": 0.9444751026019853,
    "f1-score": 0.951198115907561,
    "support": 1998743.0,
    "iou": 0.9069378405347377
  },
  "plant": {
    "precision": 0.8893747750962663,
    "recall": 0.9151487302464837,
    "f1-score": 0.9020776883568569,
    "support": 974953.0,
    "iou": 0.8216225126227861
  },
  "accuracy": 0.9348601874569559,
  "macro avg": {
    "precision": 0.9236961513625974,
    "recall": 0.9298119164242344,
    "f1-score": 0.9266379021322089,
    "support": 2973696.0
  },
  "weighted avg": {
    "precision": 0.9355123833539333,
    "recall": 0.9348601874569559,
    "f1-score": 0.9350935415994133,
    "support": 2973696.0
  },
  "inference_time_seconds": 0.44870476599999165
}