{
  "soil": {
    "precision": 0.9579583649175317,
    "recall": 0.9598196166193794,
    "f1-score": 0.9588880875726918,
    "support": 2047417.0,
    "iou": 0.9210230678631703
  },
  "plant": {
    "precision": 0.9108035229279812,
    "recall": 0.9068919839486806,
    "f1-score": 0.9088435447749084,
    "support": 926279.0,
    "iou": 0.8329177180988454
  },
  "accuracy": 0.9433331450154959,
  "macro avg": {
    "precision": 0.9343809439227564,
    "recall": 0.9333558002840301,
    "f1-score": 0.9338658161738,
    "support": 2973696.0
  },
  "weighted avg": {
    "precision": 0.9432700646059872,
    "recall": 0.9433331450154959,
    "f1-score": 0.9432996719921523,
    "support": 2973696.0
  }
}