{
  "soil": {
    "precision": 0.9438252227663317,
    "recall": 0.9529016393523262,
    "f1-score": 0.9483417143483761,
    "support": 2032937.0,
    "iou": 0.9017584202845592
  },
  "plant": {
    "precision": 0.8960626741597184,
    "recall": 0.8774415126509553,
    "f1-score": 0.8866543356276799,
    "support": 940759.0,
    "iou": 0.7963872892320071
  },
  "accuracy": 0.9290290601325758,
  "macro avg": {
    "precision": 0.9199439484630251,
    "recall": 0.9151715760016408,
    "f1-score": 0.917498024988028,
    "support": 2973696.0
  },
  "weighted avg": {
    "precision": 0.9287150543212019,
    "recall": 0.9290290601325758,
    "f1-score": 0.9288262841504327,
    "support": 2973696.0
  }
}