{
  "soil": {
    "precision": 0.9481901788528387,
    "recall": 0.9680598888329911,
    "f1-score": 0.9580220187455242,
    "support": 13894410.0,
    "iou": 0.9194263563920286
  },
  "plant": {
    "precision": 0.8698105928927964,
    "recall": 0.8013620695153837,
    "f1-score": 0.8341845609208817,
    "support": 3699958.0,
    "iou": 0.7155374109471452
  },
  "accuracy": 0.9330046410305843,
  "macro avg": {
    "precision": 0.9090003858728175,
    "recall": 0.8847109791741874,
    "f1-score": 0.8961032898332029,
    "support": 17594368.0
  },
  "weighted avg": {
    "precision": 0.9317075648646838,
    "recall": 0.9330046410305843,
    "f1-score": 0.9319799697911116,
    "support": 17594368.0
  }
}