{
  "soil": {
    "precision": 0.938264507697098,
    "recall": 0.9413383154062619,
    "f1-score": 0.939798898176589,
    "support": 1978293.0,
    "iou": 0.8864345609151457
  },
  "plant": {
    "precision": 0.8826499966630331,
    "recall": 0.8769031236594625,
    "f1-score": 0.8797671752359114,
    "support": 995403.0,
    "iou": 0.7853431499127719
  },
  "accuracy": 0.9197695393207644,
  "macro avg": {
    "precision": 0.9104572521800656,
    "recall": 0.9091207195328622,
    "f1-score": 0.9097830367062503,
    "support": 2973696.0
  },
  "weighted avg": {
    "precision": 0.9196483306814107,
    "recall": 0.9197695393207644,
    "f1-score": 0.9197041214709946,
    "support": 2973696.0
  }
}