{
  "soil": {
    "precision": 0.9384456679937782,
    "recall": 0.9390120674743326,
    "f1-score": 0.9387287822971464,
    "support": 1978293.0,
    "iou": 0.8845324047598754
  },
  "plant": {
    "precision": 0.8786452345532981,
    "recall": 0.8775912871470148,
    "f1-score": 0.8781179446042746,
    "support": 995403.0,
    "iou": 0.782718593617698
  },
  "accuracy": 0.9184523233040633,
  "macro avg": {
    "precision": 0.9085454512735381,
    "recall": 0.9083016773106738,
    "f1-score": 0.9084233634507105,
    "support": 2973696.0
  },
  "weighted avg": {
    "precision": 0.9184283122022131,
    "recall": 0.9184523233040633,
    "f1-score": 0.9184401550561648,
    "support": 2973696.0
  },
  "inference_time_seconds": 0.31417515699968135
}