{
  "soil": {
    "precision": 0.9302343411394891,
    "recall": 0.8923453390455901,
    "f1-score": 0.9108960091683614,
    "support": 1998743.0,
    "iou": 0.8363719321906095
  },
  "plant": {
    "precision": 0.7963067619748135,
    "recall": 0.8627995400803936,
    "f1-score": 0.8282207199667605,
    "support": 974953.0,
    "iou": 0.706806080359491
  },
  "accuracy": 0.8826584829115014,
  "macro avg": {
    "precision": 0.8632705515571513,
    "recall": 0.8775724395629918,
    "f1-score": 0.869558364567561,
    "support": 2973696.0
  },
  "weighted avg": {
    "precision": 0.8863249788209006,
    "recall": 0.8826584829115014,
    "f1-score": 0.8837901714388261,
    "support": 2973696.0
  }
}