{
  "soil": {
    "precision": 0.940244465342123,
    "recall": 0.9379254152880439,
    "f1-score": 0.9390835086040309,
    "support": 13901857.0,
    "iou": 0.8851625139395952
  },
  "plant": {
    "precision": 0.768446862843958,
    "recall": 0.775582523653958,
    "f1-score": 0.7719982046848022,
    "support": 3692511.0,
    "iou": 0.6286621140375852
  },
  "accuracy": 0.9038546880456292,
  "macro avg": {
    "precision": 0.8543456640930405,
    "recall": 0.8567539694710009,
    "f1-score": 0.8555408566444165,
    "support": 17594368.0
  },
  "weighted avg": {
    "precision": 0.9041894881472559,
    "recall": 0.9038546880456292,
    "f1-score": 0.9040174964198994,
    "support": 17594368.0
  }
}