{
  "soil": {
    "precision": 0.9413082245164089,
    "recall": 0.9113727198709398,
    "f1-score": 0.9260986241730819,
    "support": 2047417.0,
    "iou": 0.8623684120527119
  },
  "plant": {
    "precision": 0.8169672712380887,
    "recall": 0.8743952955858872,
    "f1-score": 0.8447063363352402,
    "support": 926279.0,
    "iou": 0.7311615764044863
  },
  "accuracy": 0.8998545917269284,
  "macro avg": {
    "precision": 0.8791377478772489,
    "recall": 0.8928840077284135,
    "f1-score": 0.885402480254161,
    "support": 2973696.0
  },
  "weighted avg": {
    "precision": 0.9025771592489139,
    "recall": 0.8998545917269284,
    "f1-score": 0.9007456738425342,
    "support": 2973696.0
  }
}