{
  "soil": {
    "precision": 0.9314174068203794,
    "recall": 0.8882097398214778,
    "f1-score": 0.9093005829286569,
    "support": 1998743.0,
    "iou": 0.8336857696048252
  },
  "plant": {
    "precision": 0.7907224402977316,
    "recall": 0.8659217418685824,
    "f1-score": 0.8266153471071063,
    "support": 974953.0,
    "iou": 0.7044709039522093
  },
  "accuracy": 0.880902419077135,
  "macro avg": {
    "precision": 0.8610699235590555,
    "recall": 0.8770657408450301,
    "f1-score": 0.8679579650178816,
    "support": 2973696.0
  },
  "weighted avg": {
    "precision": 0.8852892956428566,
    "recall": 0.880902419077135,
    "f1-score": 0.882191484110241,
    "support": 2973696.0
  },
  "inference_time_seconds": 0.3181340129999626
}