{
  "soil": {
    "precision": 0.9684058393380002,
    "recall": 0.9723978051476587,
    "f1-score": 0.9703977167808805,
    "support": 13894511.0,
    "iou": 0.942497634860393
  },
  "plant": {
    "precision": 0.8947122932887422,
    "recall": 0.8808616116785054,
    "f1-score": 0.8877329301248441,
    "support": 3699857.0,
    "iou": 0.7981292930163668
  },
  "accuracy": 0.9531489849479106,
  "macro avg": {
    "precision": 0.9315590663133713,
    "recall": 0.9266297084130821,
    "f1-score": 0.9290653234528623,
    "support": 17594368.0
  },
  "weighted avg": {
    "precision": 0.9529090859334352,
    "recall": 0.9531489849479106,
    "f1-score": 0.9530144331322241,
    "support": 17594368.0
  }
}