{
  "soil": {
    "precision": 0.9485352075828524,
    "recall": 0.9667157787545535,
    "f1-score": 0.957539203389847,
    "support": 2032765.0,
    "iou": 0.918537374742099
  },
  "plant": {
    "precision": 0.9249874441361067,
    "recall": 0.8866856336968385,
    "f1-score": 0.9054316566281404,
    "support": 940931.0,
    "iou": 0.8272043149347108
  },
  "accuracy": 0.9413927987258953,
  "macro avg": {
    "precision": 0.9367613258594796,
    "recall": 0.926700706225696,
    "f1-score": 0.9314854300089936,
    "support": 2973696.0
  },
  "weighted avg": {
    "precision": 0.9410842709007875,
    "recall": 0.9413927987258953,
    "f1-score": 0.9410514366234931,
    "support": 2973696.0
  }
}