{
  "soil": {
    "precision": 0.9470501024877133,
    "recall": 0.9555665876835951,
    "f1-score": 0.9512892843572199,
    "support": 1978061.0,
    "iou": 0.9071036179640368
  },
  "plant": {
    "precision": 0.9101168178661897,
    "recall": 0.8938566844275262,
    "f1-score": 0.901913470708119,
    "support": 995635.0,
    "iou": 0.8213500909529712
  },
  "accuracy": 0.9349052492252066,
  "macro avg": {
    "precision": 0.9285834601769515,
    "recall": 0.9247116360555607,
    "f1-score": 0.9266013775326695,
    "support": 2973696.0
  },
  "weighted avg": {
    "precision": 0.9346843223830386,
    "recall": 0.9349052492252066,
    "f1-score": 0.9347575715585604,
    "support": 2973696.0
  },
  "inference_time_seconds": 0.38960430299994186
}