{
  "soil": {
    "precision": 0.947782598180156,
    "recall": 0.9549012896973349,
    "f1-score": 0.9513286270211956,
    "support": 1978061.0,
    "iou": 0.9071751661522885
  },
  "plant": {
    "precision": 0.9090436367863064,
    "recall": 0.8954787648083886,
    "f1-score": 0.9022102161845728,
    "support": 995635.0,
    "iou": 0.8218424232815256
  },
  "accuracy": 0.9350057974991391,
  "macro avg": {
    "precision": 0.9284131174832312,
    "recall": 0.9251900272528617,
    "f1-score": 0.9267694216028841,
    "support": 2973696.0
  },
  "weighted avg": {
    "precision": 0.9348122522445372,
    "recall": 0.9350057974991391,
    "f1-score": 0.934883096283245,
    "support": 2973696.0
  }
}