{
  "soil": {
    "precision": 0.9606816520018763,
    "recall": 0.8801806935659062,
    "f1-score": 0.9186710182767625,
    "support": 1998743.0,
    "iou": 0.849575877280882
  },
  "plant": {
    "precision": 0.7903713021001559,
    "recall": 0.926148234837987,
    "f1-score": 0.8528897813914476,
    "support": 974953.0,
    "iou": 0.7435116238664538
  },
  "accuracy": 0.8952515657283058,
  "macro avg": {
    "precision": 0.875526477051016,
    "recall": 0.9031644642019466,
    "f1-score": 0.885780399834105,
    "support": 2973696.0
  },
  "weighted avg": {
    "precision": 0.9048438708138422,
    "recall": 0.8952515657283058,
    "f1-score": 0.8971040476634085,
    "support": 2973696.0
  },
  "inference_time_seconds": 0.018138125999939803
}