{
  "soil": {
    "precision": 0.6933008510515102,
    "recall": 0.6537513251613575,
    "f1-score": 0.6729454999800951,
    "support": 1978061.0,
    "iou": 0.507097108649269
  },
  "plant": {
    "precision": 0.38212262984968526,
    "recall": 0.4254300019585491,
    "f1-score": 0.4026150736487511,
    "support": 995635.0,
    "iou": 0.2520463709197542
  },
  "accuracy": 0.5773061536888774,
  "macro avg": {
    "precision": 0.5377117404505978,
    "recall": 0.5395906635599532,
    "f1-score": 0.5377802868144231,
    "support": 2973696.0
  },
  "weighted avg": {
    "precision": 0.589114031596435,
    "recall": 0.5773061536888774,
    "f1-score": 0.5824350933950213,
    "support": 2973696.0
  },
  "inference_time_seconds": 0.03543983295094222
}