{
  "soil": {
    "precision": 0.9520914260518237,
    "recall": 0.9702635076293691,
    "f1-score": 0.9610915762115885,
    "support": 2047417.0,
    "iou": 0.9250974909866824
  },
  "plant": {
    "precision": 0.9313763172043313,
    "recall": 0.8920832708071758,
    "f1-score": 0.9113064384498313,
    "support": 926279.0,
    "iou": 0.8370642305923445
  },
  "accuracy": 0.9459110816976584,
  "macro avg": {
    "precision": 0.9417338716280775,
    "recall": 0.9311733892182724,
    "f1-score": 0.9361990073307098,
    "support": 2973696.0
  },
  "weighted avg": {
    "precision": 0.9456388598486387,
    "recall": 0.9459110816976584,
    "f1-score": 0.9455839629179558,
    "support": 2973696.0
  }
}