{
  "soil": {
    "precision": 0.9762476985576011,
    "recall": 0.9770693224653368,
    "f1-score": 0.9766583377116012,
    "support": 13901857.0,
    "iou": 0.9543814873398154
  },
  "plant": {
    "precision": 0.9133943579281848,
    "recall": 0.9105001989161305,
    "f1-score": 0.9119449821939147,
    "support": 3692511.0,
    "iou": 0.8381423432362157
  },
  "accuracy": 0.9630985324394715,
  "macro avg": {
    "precision": 0.9448210282428929,
    "recall": 0.9437847606907337,
    "f1-score": 0.9443016599527579,
    "support": 17594368.0
  },
  "weighted avg": {
    "precision": 0.9630567358779034,
    "recall": 0.9630985324394715,
    "f1-score": 0.9630770157172011,
    "support": 17594368.0
  }
}