{
  "soil": {
    "precision": 0.9512352743652256,
    "recall": 0.9580946624953783,
    "f1-score": 0.9546526470382231,
    "support": 1998743.0,
    "iou": 0.9132396464518812
  },
  "plant": {
    "precision": 0.9128011326961917,
    "recall": 0.899306940949974,
    "f1-score": 0.9060037933487747,
    "support": 974953.0,
    "iou": 0.8281599038831182
  },
  "accuracy": 0.9388205788352273,
  "macro avg": {
    "precision": 0.9320182035307086,
    "recall": 0.9287008017226761,
    "f1-score": 0.9303282201934988,
    "support": 2973696.0
  },
  "weighted avg": {
    "precision": 0.9386342950712259,
    "recall": 0.9388205788352273,
    "f1-score": 0.9387026824651501,
    "support": 2973696.0
  },
  "inference_time_seconds": 0.4425620629999685
}