{
  "soil": {
    "precision": 0.9510829143707716,
    "recall": 0.9583913489628232,
    "f1-score": 0.9547231452996565,
    "support": 1998743.0,
    "iou": 0.9133686841017381
  },
  "plant": {
    "precision": 0.9133331388066203,
    "recall": 0.8989448722143529,
    "f1-score": 0.9060818889383406,
    "support": 974953.0,
    "iou": 0.8282904175148708
  },
  "accuracy": 0.9389012864798554,
  "macro avg": {
    "precision": 0.932208026588696,
    "recall": 0.9286681105885881,
    "f1-score": 0.9304025171189986,
    "support": 2973696.0
  },
  "weighted avg": {
    "precision": 0.9387063106642743,
    "recall": 0.9389012864798554,
    "f1-score": 0.9387756715789958,
    "support": 2973696.0
  }
}