{
  "soil": {
    "precision": 0.7346619191200577,
    "recall": 0.6332534739828549,
    "f1-score": 0.6801988117560239,
    "support": 1978061.0,
    "iou": 0.5153797540226821
  },
  "plant": {
    "precision": 0.4281853114469821,
    "recall": 0.5456095858422012,
    "f1-score": 0.4798176928070803,
    "support": 995635.0,
    "iou": 0.3156316782117296
  },
  "accuracy": 0.603909074767562,
  "macro avg": {
    "precision": 0.5814236152835199,
    "recall": 0.5894315299125281,
    "f1-score": 0.5800082522815522,
    "support": 2973696.0
  },
  "weighted avg": {
    "precision": 0.6320492656139217,
    "recall": 0.603909074767562,
    "f1-score": 0.6131084113369053,
    "support": 2973696.0
  },
  "inference_time_seconds": 0.8427350260000139
}