{
  "soil": {
    "precision": 0.7337551876986523,
    "recall": 0.6382720249779962,
    "f1-score": 0.6826911378483032,
    "support": 1978061.0,
    "iou": 0.5182468268931198
  },
  "plant": {
    "precision": 0.4289722825865755,
    "recall": 0.5398755568054558,
    "f1-score": 0.4780764130327473,
    "support": 995635.0,
    "iou": 0.314126423380699
  },
  "accuracy": 0.6053275116219008,
  "macro avg": {
    "precision": 0.581363735142614,
    "recall": 0.5890737908917261,
    "f1-score": 0.5803837754405252,
    "support": 2973696.0
  },
  "weighted avg": {
    "precision": 0.6317096094918475,
    "recall": 0.6053275116219008,
    "f1-score": 0.6141832669893666,
    "support": 2973696.0
  },
  "inference_time_seconds": 1.6454098749672994
}