{
  "soil": {
    "precision": 0.7092489314614074,
    "recall": 0.5784950841603949,
    "f1-score": 0.6372338218140665,
    "support": 1998743.0,
    "iou": 0.46760319709601966
  },
  "plant": {
    "precision": 0.3728897331610383,
    "recall": 0.5138216919174565,
    "f1-score": 0.43215600515013686,
    "support": 974953.0,
    "iou": 0.27563712114834493
  },
  "accuracy": 0.557291330384814,
  "macro avg": {
    "precision": 0.5410693323112229,
    "recall": 0.5461583880389257,
    "f1-score": 0.5346949134821017,
    "support": 2973696.0
  },
  "weighted avg": {
    "precision": 0.598970540711129,
    "recall": 0.557291330384814,
    "f1-score": 0.5699972137041763,
    "support": 2973696.0
  },
  "inference_time_seconds": 3.572937364999973
}