{
  "soil": {
    "precision": 0.709036495949136,
    "recall": 0.5808195450840854,
    "f1-score": 0.6385553766066895,
    "support": 1998743.0,
    "iou": 0.4690278000548656
  },
  "plant": {
    "precision": 0.3730622250523986,
    "recall": 0.5113651632437666,
    "f1-score": 0.43140008583750405,
    "support": 974953.0,
    "iou": 0.27502238266271767
  },
  "accuracy": 0.5580483008350551,
  "macro avg": {
    "precision": 0.5410493605007674,
    "recall": 0.546092354163926,
    "f1-score": 0.5349777312220968,
    "support": 2973696.0
  },
  "weighted avg": {
    "precision": 0.5988843071128909,
    "recall": 0.5580483008350551,
    "f1-score": 0.5706376499119333,
    "support": 2973696.0
  },
  "inference_time_seconds": 3.854799124994315
}