{
  "soil": {
    "precision": 0.7051361063239869,
    "recall": 0.5003109454292023,
    "f1-score": 0.585321954204675,
    "support": 1998743.0,
    "iou": 0.41374923145542275
  },
  "plant": {
    "precision": 0.35794000797150827,
    "recall": 0.5710941963356182,
    "f1-score": 0.44006444593998084,
    "support": 974953.0,
    "iou": 0.2821042477008952
  },
  "accuracy": 0.5235178713627755,
  "macro avg": {
    "precision": 0.5315380571477476,
    "recall": 0.5357025708824102,
    "f1-score": 0.5126932000723279,
    "support": 2973696.0
  },
  "weighted avg": {
    "precision": 0.5913047403480955,
    "recall": 0.5235178713627755,
    "f1-score": 0.5376979726493349,
    "support": 2973696.0
  },
  "inference_time_seconds": 0.032527115999982925
}