{
  "soil": {
    "precision": 0.7038105639312072,
    "recall": 0.49782038010889845,
    "f1-score": 0.5831594870266552,
    "support": 1998743.0,
    "iou": 0.411591482377118
  },
  "plant": {
    "precision": 0.35656069264113666,
    "recall": 0.5705033986253696,
    "f1-score": 0.43884579045680394,
    "support": 974953.0,
    "iou": 0.2811034219260204
  },
  "accuracy": 0.5216501619533402,
  "macro avg": {
    "precision": 0.5301856282861719,
    "recall": 0.534161889367134,
    "f1-score": 0.5110026387417296,
    "support": 2973696.0
  },
  "weighted avg": {
    "precision": 0.5899615680137132,
    "recall": 0.5216501619533402,
    "f1-score": 0.53584494263077,
    "support": 2973696.0
  },
  "inference_time_seconds": 0.034270834061317146
}