{
  "soil": {
    "precision": 0.938664117355938,
    "recall": 0.9623761515561147,
    "f1-score": 0.9503722521162609,
    "support": 2047664.0,
    "iou": 0.9054374315393268
  },
  "plant": {
    "precision": 0.9118831529043069,
    "recall": 0.860946489970109,
    "f1-score": 0.8856830693364631,
    "support": 926032.0,
    "iou": 0.7948215134890482
  },
  "accuracy": 0.9307901681947314,
  "macro avg": {
    "precision": 0.9252736351301225,
    "recall": 0.9116613207631119,
    "f1-score": 0.918027660726362,
    "support": 2973696.0
  },
  "weighted avg": {
    "precision": 0.9303243172980058,
    "recall": 0.9307901681947314,
    "f1-score": 0.9302275388342234,
    "support": 2973696.0
  }
}