{
  "soil": {
    "precision": 0.9359184922485146,
    "recall": 0.9500687299662653,
    "f1-score": 0.9429405277075901,
    "support": 1999128.0,
    "iou": 0.8920411314820973
  },
  "plant": {
    "precision": 0.8942979404729002,
    "recall": 0.8665624153471077,
    "f1-score": 0.8802117450991734,
    "support": 974568.0,
    "iou": 0.7860519533464199
  },
  "accuracy": 0.9227012445118802,
  "macro avg": {
    "precision": 0.9151082163607074,
    "recall": 0.9083155726566865,
    "f1-score": 0.9115761364033818,
    "support": 2973696.0
  },
  "weighted avg": {
    "precision": 0.9222782082709806,
    "recall": 0.9227012445118802,
    "f1-score": 0.9223824531064475,
    "support": 2973696.0
  }
}