{
  "soil": {
    "precision": 0.9596389467734975,
    "recall": 0.9659320042693966,
    "f1-score": 0.9627751921889567,
    "support": 13902667.0,
    "iou": 0.928222295628269
  },
  "plant": {
    "precision": 0.8684538475019379,
    "recall": 0.8470065696003007,
    "f1-score": 0.8575961379177185,
    "support": 3691701.0,
    "iou": 0.7506943615846688
  },
  "accuracy": 0.9409787268289489,
  "macro avg": {
    "precision": 0.9140463971377177,
    "recall": 0.9064692869348487,
    "f1-score": 0.9101856650533375,
    "support": 17594368.0
  },
  "weighted avg": {
    "precision": 0.9405062264526587,
    "recall": 0.9409787268289489,
    "f1-score": 0.9407062199000865,
    "support": 17594368.0
  }
}