{
  "soil": {
    "precision": 0.9349871668370213,
    "recall": 0.9508355643060374,
    "f1-score": 0.942844770843884,
    "support": 1999128.0,
    "iou": 0.891869750856285
  },
  "plant": {
    "precision": 0.895516231840303,
    "recall": 0.8643788837720918,
    "f1-score": 0.8796721054692599,
    "support": 974568.0,
    "iou": 0.7851916476985685
  },
  "accuracy": 0.922501156809573,
  "macro avg": {
    "precision": 0.9152516993386621,
    "recall": 0.9076072240390647,
    "f1-score": 0.9112584381565719,
    "support": 2973696.0
  },
  "weighted avg": {
    "precision": 0.9220513757615779,
    "recall": 0.922501156809573,
    "f1-score": 0.9221412227512691,
    "support": 2973696.0
  },
  "inference_time_seconds": 0.3942584060000627
}