{
  "soil": {
    "precision": 0.8868892783510949,
    "recall": 0.9474109477806801,
    "f1-score": 0.9161516744192685,
    "support": 1998743.0,
    "iou": 0.8452766432317822
  },
  "plant": {
    "precision": 0.8746514850493347,
    "recall": 0.7522885718593614,
    "f1-score": 0.8088685428431369,
    "support": 974953.0,
    "iou": 0.6790757963641078
  },
  "accuracy": 0.8834383205277204,
  "macro avg": {
    "precision": 0.8807703817002148,
    "recall": 0.8498497598200208,
    "f1-score": 0.8625101086312027,
    "support": 2973696.0
  },
  "weighted avg": {
    "precision": 0.8828770076640674,
    "recall": 0.8834383205277204,
    "f1-score": 0.880977934070711,
    "support": 2973696.0
  },
  "inference_time_seconds": 0.007286124979145825
}