{
  "soil": {
    "precision": 0.9617995669261757,
    "recall": 0.8517938524362562,
    "f1-score": 0.9034604444821804,
    "support": 1998743.0,
    "iou": 0.8239196114138706
  },
  "plant": {
    "precision": 0.7538749658305077,
    "recall": 0.9306428104739408,
    "f1-score": 0.832984165338543,
    "support": 974953.0,
    "iou": 0.7137728046168164
  },
  "accuracy": 0.877645193052686,
  "macro avg": {
    "precision": 0.8578372663783418,
    "recall": 0.8912183314550985,
    "f1-score": 0.8682223049103617,
    "support": 2973696.0
  },
  "weighted avg": {
    "precision": 0.8936296149162781,
    "recall": 0.877645193052686,
    "f1-score": 0.8803541620041039,
    "support": 2973696.0
  },
  "inference_time_seconds": 0.1322491880000598,
  "model_type": "logistic_regression",
  "feature_mode": "rgb_hsv"
}