{
  "soil": {
    "precision": 0.9695285114237504,
    "recall": 0.8517351374927531,
    "f1-score": 0.906822579445784,
    "support": 2047417.0,
    "iou": 0.8295291893113249
  },
  "plant": {
    "precision": 0.7416578796644514,
    "recall": 0.9408299227338631,
    "f1-score": 0.829454959049355,
    "support": 926279.0,
    "iou": 0.708605760591427
  },
  "accuracy": 0.8794873450413223,
  "macro avg": {
    "precision": 0.855593195544101,
    "recall": 0.8962825301133082,
    "f1-score": 0.8681387692475695,
    "support": 2973696.0
  },
  "weighted avg": {
    "precision": 0.8985489019023428,
    "recall": 0.8794873450413223,
    "f1-score": 0.882723276069385,
    "support": 2973696.0
  },
  "train_time_seconds": 0.17798339199998736,
  "validation_inference_time_seconds": 0.017914513999926385,
  "model_type": "logistic_regression",
  "max_iter": 1000,
  "samples_per_class": 500,
  "feature_mode": "rgb"
}