{
  "soil": {
    "precision": 0.9669552375292013,
    "recall": 0.8327048550013684,
    "f1-score": 0.8948226659039393,
    "support": 1998743.0,
    "iou": 0.8096643301464618
  },
  "plant": {
    "precision": 0.7330203480364564,
    "recall": 0.9416607774938894,
    "f1-score": 0.8243438112819923,
    "support": 974953.0,
    "iou": 0.7011776224993947
  },
  "accuracy": 0.8684270349087465,
  "macro avg": {
    "precision": 0.8499877927828289,
    "recall": 0.887182816247629,
    "f1-score": 0.8595832385929658,
    "support": 2973696.0
  },
  "weighted avg": {
    "precision": 0.8902575783482964,
    "recall": 0.8684270349087465,
    "f1-score": 0.8717155390321168,
    "support": 2973696.0
  },
  "inference_time_seconds": 0.01932225399991694,
  "model_type": "logistic_regression",
  "feature_mode": "rgb"
}