{
  "soil": {
    "precision": 0.9380420016714144,
    "recall": 0.9469648833615647,
    "f1-score": 0.9424823238091021,
    "support": 1978293.0,
    "iou": 0.8912213431777852
  },
  "plant": {
    "precision": 0.8925654192927395,
    "recall": 0.8756915540740785,
    "f1-score": 0.8840479759511721,
    "support": 995403.0,
    "iou": 0.79219174023604
  },
  "accuracy": 0.9231071367079889,
  "macro avg": {
    "precision": 0.9153037104820769,
    "recall": 0.9113282187178215,
    "f1-score": 0.9132651498801372,
    "support": 2973696.0
  },
  "weighted avg": {
    "precision": 0.9228193539866879,
    "recall": 0.9231071367079889,
    "f1-score": 0.9229222459932032,
    "support": 2973696.0
  },
  "inference_time_seconds": 0.4469159409998156
}