{
  "soil": {
    "precision": 0.937797320566209,
    "recall": 0.94676622724743,
    "f1-score": 0.9422604317538447,
    "support": 1978293.0,
    "iou": 0.8908246037502526
  },
  "plant": {
    "precision": 0.8921517322882221,
    "recall": 0.8751942680502269,
    "f1-score": 0.8835916477930266,
    "support": 995403.0,
    "iou": 0.7914591878915069
  },
  "accuracy": 0.922808518422865,
  "macro avg": {
    "precision": 0.9149745264272156,
    "recall": 0.9109802476488285,
    "f1-score": 0.9129260397734356,
    "support": 2973696.0
  },
  "weighted avg": {
    "precision": 0.9225181005286957,
    "recall": 0.922808518422865,
    "f1-score": 0.9226218797428286,
    "support": 2973696.0
  }
}