{
  "soil": {
    "precision": 0.958019555011573,
    "recall": 0.9675842299169234,
    "f1-score": 0.9627781380951612,
    "support": 13894410.0,
    "iou": 0.9282277721441745
  },
  "plant": {
    "precision": 0.8735277244801598,
    "recall": 0.8407773817973069,
    "f1-score": 0.8568397194016358,
    "support": 3699958.0,
    "iou": 0.7495359434226847
  },
  "accuracy": 0.9409177414045222,
  "macro avg": {
    "precision": 0.9157736397458665,
    "recall": 0.9041808058571151,
    "f1-score": 0.9098089287483986,
    "support": 17594368.0
  },
  "weighted avg": {
    "precision": 0.9402515837886597,
    "recall": 0.9409177414045222,
    "f1-score": 0.9405001170970522,
    "support": 17594368.0
  }
}