{
  "soil": {
    "precision": 0.9378669271226376,
    "recall": 0.9597882275741944,
    "f1-score": 0.9487009622960716,
    "support": 2032937.0,
    "iou": 0.9024082856273373
  },
  "plant": {
    "precision": 0.9084816880531815,
    "recall": 0.8625949897901588,
    "f1-score": 0.8849439013392032,
    "support": 940759.0,
    "iou": 0.7936317306385189
  },
  "accuracy": 0.9290401574337122,
  "macro avg": {
    "precision": 0.9231743075879095,
    "recall": 0.9111916086821765,
    "f1-score": 0.9168224318176375,
    "support": 2973696.0
  },
  "weighted avg": {
    "precision": 0.9285706076193183,
    "recall": 0.9290401574337122,
    "f1-score": 0.9285307670546203,
    "support": 2973696.0
  }
}