{
  "soil": {
    "precision": 0.7362618273728193,
    "recall": 0.63885717811854,
    "f1-score": 0.6841097410674316,
    "support": 1977071.0,
    "iou": 0.5198835817983575
  },
  "plant": {
    "precision": 0.4325114609627845,
    "recall": 0.5460218236548351,
    "f1-score": 0.4826830121753106,
    "support": 996625.0,
    "iou": 0.31811613265288224
  },
  "accuracy": 0.6077436967329546,
  "macro avg": {
    "precision": 0.5843866441678018,
    "recall": 0.5924395008866876,
    "f1-score": 0.5833963766213711,
    "support": 2973696.0
  },
  "weighted avg": {
    "precision": 0.6344608332821655,
    "recall": 0.6077436967329546,
    "f1-score": 0.6166021970272506,
    "support": 2973696.0
  },
  "inference_time_seconds": 1.620336707914248
}