{
  "soil": {
    "precision": 0.737344424986419,
    "recall": 0.644643009785688,
    "f1-score": 0.6878845891248275,
    "support": 1977071.0,
    "iou": 0.5242561617853516
  },
  "plant": {
    "precision": 0.43577561318000724,
    "recall": 0.5444605543710022,
    "f1-score": 0.4840927927116166,
    "support": 996625.0,
    "iou": 0.3193419692076994
  },
  "accuracy": 0.6110671702823691,
  "macro avg": {
    "precision": 0.5865600190832131,
    "recall": 0.594551782078345,
    "f1-score": 0.585988690918222,
    "support": 2973696.0
  },
  "weighted avg": {
    "precision": 0.6362745721613268,
    "recall": 0.6110671702823691,
    "f1-score": 0.6195844000334354,
    "support": 2973696.0
  },
  "inference_time_seconds": 0.8122783630000185
}