{
  "soil": {
    "precision": 0.7299467691799221,
    "recall": 0.6055290750236524,
    "f1-score": 0.661942323968601,
    "support": 1998743.0,
    "iou": 0.4947038799791376
  },
  "plant": {
    "precision": 0.40071022792053107,
    "recall": 0.5407317070669048,
    "f1-score": 0.46030820920576254,
    "support": 974953.0,
    "iou": 0.2989612674159393
  },
  "accuracy": 0.584284674694387,
  "macro avg": {
    "precision": 0.5653284985502266,
    "recall": 0.5731303910452785,
    "f1-score": 0.5611252665871818,
    "support": 2973696.0
  },
  "weighted avg": {
    "precision": 0.6220036056519531,
    "recall": 0.584284674694387,
    "f1-score": 0.5958347645239322,
    "support": 2973696.0
  },
  "inference_time_seconds": 0.8126109490000317
}