{
  "soil": {
    "precision": 0.731113000025758,
    "recall": 0.6106397871061963,
    "f1-score": 0.6654678730209272,
    "support": 1998743.0,
    "iou": 0.4986525686176776
  },
  "plant": {
    "precision": 0.40333755779889247,
    "recall": 0.5395911392651749,
    "f1-score": 0.46161999947351334,
    "support": 974953.0,
    "iou": 0.30006890320696517
  },
  "accuracy": 0.5873458483987604,
  "macro avg": {
    "precision": 0.5672252789123252,
    "recall": 0.5751154631856856,
    "f1-score": 0.5635439362472203,
    "support": 2973696.0
  },
  "weighted avg": {
    "precision": 0.6236488709670347,
    "recall": 0.5873458483987604,
    "f1-score": 0.5986345128325719,
    "support": 2973696.0
  },
  "inference_time_seconds": 1.6249958749394864
}