{
  "soil": {
    "precision": 0.6900876224302886,
    "recall": 0.5505815404982031,
    "f1-score": 0.6124912548637429,
    "support": 1998743.0,
    "iou": 0.4414323563802796
  },
  "plant": {
    "precision": 0.3486123771131962,
    "recall": 0.4930914618448274,
    "f1-score": 0.4084519487537203,
    "support": 974953.0,
    "iou": 0.256638150782741
  },
  "accuracy": 0.5317329007403582,
  "macro avg": {
    "precision": 0.5193499997717425,
    "recall": 0.5218365011715153,
    "f1-score": 0.5104716018087316,
    "support": 2973696.0
  },
  "weighted avg": {
    "precision": 0.5781318896157591,
    "recall": 0.5317329007403582,
    "f1-score": 0.5455951317866413,
    "support": 2973696.0
  },
  "inference_time_seconds": 0.03703095798846334
}