{
  "soil": {
    "precision": 0.690160197123259,
    "recall": 0.5508687209911429,
    "f1-score": 0.6126975117484537,
    "support": 1998743.0,
    "iou": 0.4416466610109324
  },
  "plant": {
    "precision": 0.3487150206515186,
    "recall": 0.49299914970260106,
    "f1-score": 0.40849070794993586,
    "support": 974953.0,
    "iou": 0.25666875461578265
  },
  "accuracy": 0.5318956611570248,
  "macro avg": {
    "precision": 0.5194376088873889,
    "recall": 0.5219339353468719,
    "f1-score": 0.5105941098491947,
    "support": 2973696.0
  },
  "weighted avg": {
    "precision": 0.5782143226503295,
    "recall": 0.5318956611570248,
    "f1-score": 0.545746473046523,
    "support": 2973696.0
  },
  "inference_time_seconds": 0.0383658570000307
}