{
  "soil": {
    "precision": 0.7294252908157891,
    "recall": 0.6062690400916977,
    "f1-score": 0.6621694210247053,
    "support": 1998743.0,
    "iou": 0.49495760631506197
  },
  "plant": {
    "precision": 0.40037000322305116,
    "recall": 0.5389531597933439,
    "f1-score": 0.45943864011744473,
    "support": 974953.0,
    "iou": 0.29822806937885943
  },
  "accuracy": 0.5841989228219697,
  "macro avg": {
    "precision": 0.5648976470194201,
    "recall": 0.5726110999425208,
    "f1-score": 0.5608040305710751,
    "support": 2973696.0
  },
  "weighted avg": {
    "precision": 0.6215415529339066,
    "recall": 0.5841989228219697,
    "f1-score": 0.595702309713436,
    "support": 2973696.0
  },
  "inference_time_seconds": 0.7811540479999621
}