{
  "soil": {
    "precision": 0.7300198489173291,
    "recall": 0.607416261120114,
    "f1-score": 0.6630984820058736,
    "support": 1998743.0,
    "iou": 0.4959965061605883
  },
  "plant": {
    "precision": 0.40130150850772106,
    "recall": 0.5394711334802806,
    "f1-score": 0.4602399559675287,
    "support": 974953.0,
    "iou": 0.29890368811117357
  },
  "accuracy": 0.5851398394455923,
  "macro avg": {
    "precision": 0.5656606787125251,
    "recall": 0.5734436973001973,
    "f1-score": 0.5616692189867012,
    "support": 2973696.0
  },
  "weighted avg": {
    "precision": 0.6222465822023157,
    "recall": 0.5851398394455923,
    "f1-score": 0.5965894883035374,
    "support": 2973696.0
  },
  "inference_time_seconds": 1.59685841598548
}