{
  "soil": {
    "precision": 0.8255548708634688,
    "recall": 0.955137804109883,
    "f1-score": 0.8856313923350664,
    "support": 1998743.0,
    "iou": 0.7947382816093796
  },
  "plant": {
    "precision": 0.8643902719363118,
    "recall": 0.5862364647321461,
    "f1-score": 0.6986457430566676,
    "support": 974953.0,
    "iou": 0.5368605353454422
  },
  "accuracy": 0.8341901794938017,
  "macro avg": {
    "precision": 0.8449725713998903,
    "recall": 0.7706871344210146,
    "f1-score": 0.792138567695867,
    "support": 2973696.0
  },
  "weighted avg": {
    "precision": 0.838287406664765,
    "recall": 0.8341901794938017,
    "f1-score": 0.8243264641511086,
    "support": 2973696.0
  },
  "inference_time_seconds": 0.030340499943122268
}