{
  "soil": {
    "precision": 0.8839851377068899,
    "recall": 0.05368323991628739,
    "f1-score": 0.10121955130926304,
    "support": 1998743.0,
    "iou": 0.053307664600747706
  },
  "plant": {
    "precision": 0.33687408298171834,
    "recall": 0.9855562268129848,
    "f1-score": 0.5021184824266292,
    "support": 974953.0,
    "iou": 0.33521909212157286
  },
  "accuracy": 0.3592061865099862,
  "macro avg": {
    "precision": 0.6104296103443041,
    "recall": 0.5196197333646361,
    "f1-score": 0.3016690168679461,
    "support": 2973696.0
  },
  "weighted avg": {
    "precision": 0.7046098538387776,
    "recall": 0.3592061865099862,
    "f1-score": 0.2326578743892515,
    "support": 2973696.0
  },
  "inference_time_seconds": 0.050684729999943556
}