{
  "soil": {
    "precision": 0.89882095641324,
    "recall": 0.06415231973295216,
    "f1-score": 0.1197571122830334,
    "support": 1998743.0,
    "iou": 0.06369236286724914
  },
  "plant": {
    "precision": 0.3392815638645613,
    "recall": 0.9851951837678329,
    "f1-score": 0.5047405524605812,
    "support": 974953.0,
    "iou": 0.33756051720066127
  },
  "accuracy": 0.3661245130638774,
  "macro avg": {
    "precision": 0.6190512601389007,
    "recall": 0.5246737517503925,
    "f1-score": 0.31224883237180734,
    "support": 2973696.0
  },
  "weighted avg": {
    "precision": 0.7153709301215437,
    "recall": 0.3661245130638774,
    "f1-score": 0.24597739840219984,
    "support": 2973696.0
  },
  "inference_time_seconds": 0.05174550006631762
}