{
  "soil": {
    "precision": 0.9501444334789751,
    "recall": 0.963851280529813,
    "f1-score": 0.9569487770470305,
    "support": 1998743.0,
    "iou": 0.9174513734213595
  },
  "plant": {
    "precision": 0.9236332850307414,
    "recall": 0.8963170532323097,
    "f1-score": 0.9097701699884231,
    "support": 974953.0,
    "iou": 0.8344755802350066
  },
  "accuracy": 0.9417095762310606,
  "macro avg": {
    "precision": 0.9368888592548583,
    "recall": 0.9300841668810613,
    "f1-score": 0.9333594735177269,
    "support": 2973696.0
  },
  "weighted avg": {
    "precision": 0.9414525148319276,
    "recall": 0.9417095762310606,
    "f1-score": 0.9414808460656489,
    "support": 2973696.0
  }
}