{
  "soil": {
    "precision": 0.9502977780513325,
    "recall": 0.9655748638018995,
    "f1-score": 0.957875411515434,
    "support": 1998743.0,
    "iou": 0.9191563293870214
  },
  "plant": {
    "precision": 0.9270200812243257,
    "recall": 0.8964678297312794,
    "f1-score": 0.9114880064074287,
    "support": 974953.0,
    "iou": 0.8373706599218211
  },
  "accuracy": 0.9429175006456612,
  "macro avg": {
    "precision": 0.9386589296378292,
    "recall": 0.9310213467665894,
    "f1-score": 0.9346817089614313,
    "support": 2973696.0
  },
  "weighted avg": {
    "precision": 0.9426659756227787,
    "recall": 0.9429175006456612,
    "f1-score": 0.9426668832152092,
    "support": 2973696.0
  }
}