{
  "soil": {
    "precision": 0.9476083086402103,
    "recall": 0.968308081629304,
    "f1-score": 0.9578463738141672,
    "support": 1998743.0,
    "iou": 0.9191028556123525
  },
  "plant": {
    "precision": 0.9319826649428965,
    "recall": 0.8902459913452239,
    "f1-score": 0.9106363557674906,
    "support": 974953.0,
    "iou": 0.835934226911953
  },
  "accuracy": 0.9427147226885331,
  "macro avg": {
    "precision": 0.9397954867915534,
    "recall": 0.929277036487264,
    "f1-score": 0.9342413647908289,
    "support": 2973696.0
  },
  "weighted avg": {
    "precision": 0.9424853007067743,
    "recall": 0.9427147226885331,
    "f1-score": 0.9423681444576151,
    "support": 2973696.0
  },
  "inference_time_seconds": 0.4761286860000382
}