{
  "soil": {
    "precision": 0.9757708923283699,
    "recall": 0.9809575799837389,
    "f1-score": 0.9783573619961453,
    "support": 13901857.0,
    "iou": 0.957631686073437
  },
  "plant": {
    "precision": 0.926843577765643,
    "recall": 0.908295466147562,
    "f1-score": 0.9174757872486691,
    "support": 3692511.0,
    "iou": 0.8475337331410105
  },
  "accuracy": 0.9657080606703236,
  "macro avg": {
    "precision": 0.9513072350470064,
    "recall": 0.9446265230656504,
    "f1-score": 0.9479165746224072,
    "support": 17594368.0
  },
  "weighted avg": {
    "precision": 0.9655025696910733,
    "recall": 0.9657080606703236,
    "f1-score": 0.9655802116914353,
    "support": 17594368.0
  }
}