{
  "soil": {
    "precision": 0.9719055357122937,
    "recall": 0.9776508275117489,
    "f1-score": 0.9747697159994123,
    "support": 13901857.0,
    "iou": 0.9507812354076478
  },
  "plant": {
    "precision": 0.9139428174472597,
    "recall": 0.8936024835132516,
    "f1-score": 0.9036582054413603,
    "support": 3692511.0,
    "iou": 0.8242486147352897
  },
  "accuracy": 0.9600116923779246,
  "macro avg": {
    "precision": 0.9429241765797767,
    "recall": 0.9356266555125002,
    "f1-score": 0.9392139607203863,
    "support": 17594368.0
  },
  "weighted avg": {
    "precision": 0.9597409626634896,
    "recall": 0.9600116923779246,
    "f1-score": 0.9598456201204228,
    "support": 17594368.0
  }
}