{
  "soil": {
    "precision": 0.9503710650440589,
    "recall": 0.972106317374526,
    "f1-score": 0.9611158233934759,
    "support": 2047417.0,
    "iou": 0.9251424220676114
  },
  "plant": {
    "precision": 0.9350619816386075,
    "recall": 0.8877929867782817,
    "f1-score": 0.9108146110194586,
    "support": 926279.0,
    "iou": 0.8362346945105141
  },
  "accuracy": 0.9458434890452824,
  "macro avg": {
    "precision": 0.9427165233413333,
    "recall": 0.9299496520764039,
    "f1-score": 0.9359652172064672,
    "support": 2973696.0
  },
  "weighted avg": {
    "precision": 0.9456024261288106,
    "recall": 0.9458434890452824,
    "f1-score": 0.9454474575966384,
    "support": 2973696.0
  }
}