{
  "soil": {
    "precision": 0.9509025088406744,
    "recall": 0.9746456144498166,
    "f1-score": 0.9626276786343125,
    "support": 2047417.0,
    "iou": 0.9279481038852333
  },
  "plant": {
    "precision": 0.9406837858807048,
    "recall": 0.8887667754531842,
    "f1-score": 0.9139886179692202,
    "support": 926279.0,
    "iou": 0.8416013248959814
  },
  "accuracy": 0.9478951446280992,
  "macro avg": {
    "precision": 0.9457931473606895,
    "recall": 0.9317061949515004,
    "f1-score": 0.9383081483017663,
    "support": 2973696.0
  },
  "weighted avg": {
    "precision": 0.94771947046532,
    "recall": 0.9478951446280992,
    "f1-score": 0.9474770578331948,
    "support": 2973696.0
  }
}