{
  "soil": {
    "precision": 0.7007327863821252,
    "recall": 0.6488462998994868,
    "f1-score": 0.673792118274461,
    "support": 1998743.0,
    "iou": 0.5080592021499564
  },
  "plant": {
    "precision": 0.37498129928972923,
    "recall": 0.43190389690579956,
    "f1-score": 0.40143476468190886,
    "support": 974953.0,
    "iou": 0.2511219159611145
  },
  "accuracy": 0.5777197803675964,
  "macro avg": {
    "precision": 0.5378570428359273,
    "recall": 0.5403750984026432,
    "f1-score": 0.5376134414781849,
    "support": 2973696.0
  },
  "weighted avg": {
    "precision": 0.5939322292319684,
    "recall": 0.5777197803675964,
    "f1-score": 0.5844973083957378,
    "support": 2973696.0
  },
  "inference_time_seconds": 0.02987458500001594
}