{
  "soil": {
    "precision": 0.9602021611088969,
    "recall": 0.8678384364573134,
    "f1-score": 0.9116869103335073,
    "support": 1998743.0,
    "iou": 0.837706464242646
  },
  "plant": {
    "precision": 0.7736862757193185,
    "recall": 0.9262590094086587,
    "f1-score": 0.8431258224724567,
    "support": 974953.0,
    "iou": 0.728796474889235
  },
  "accuracy": 0.8869921471461777,
  "macro avg": {
    "precision": 0.8669442184141076,
    "recall": 0.897048722932986,
    "f1-score": 0.8774063664029821,
    "support": 2973696.0
  },
  "weighted avg": {
    "precision": 0.8990512492442593,
    "recall": 0.8869921471461777,
    "f1-score": 0.8892085405561679,
    "support": 2973696.0
  },
  "inference_time_seconds": 0.019132624962367117
}