{
  "soil": {
    "precision": 0.9601858253124718,
    "recall": 0.8679019763921625,
    "f1-score": 0.9117146066128377,
    "support": 1998743.0,
    "iou": 0.8377532328861196
  },
  "plant": {
    "precision": 0.773763488033534,
    "recall": 0.9262220845517681,
    "f1-score": 0.8431563683761857,
    "support": 974953.0,
    "iou": 0.7288421229346973
  },
  "accuracy": 0.8870227487947658,
  "macro avg": {
    "precision": 0.8669746566730029,
    "recall": 0.8970620304719653,
    "f1-score": 0.8774354874945116,
    "support": 2973696.0
  },
  "weighted avg": {
    "precision": 0.8990655840379392,
    "recall": 0.8870227487947658,
    "f1-score": 0.8892371711105072,
    "support": 2973696.0
  },
  "inference_time_seconds": 0.01804125200010276
}