{
  "soil": {
    "precision": 0.974189845317267,
    "recall": 0.5253867969334435,
    "f1-score": 0.6826279738101638,
    "support": 1977071.0,
    "iou": 0.5181740315106672
  },
  "plant": {
    "precision": 0.5080633872779823,
    "recall": 0.972386805468456,
    "f1-score": 0.6674106789289804,
    "support": 996625.0,
    "iou": 0.5008374811172686
  },
  "accuracy": 0.6751974647038568,
  "macro avg": {
    "precision": 0.7411266162976247,
    "recall": 0.7488868012009497,
    "f1-score": 0.6750193263695721,
    "support": 2973696.0
  },
  "weighted avg": {
    "precision": 0.8179690072613924,
    "recall": 0.6751974647038568,
    "f1-score": 0.6775279445835853,
    "support": 2973696.0
  },
  "inference_time_seconds": 3.5286053559999573
}