{
  "soil": {
    "precision": 0.973834199080146,
    "recall": 0.5246640105489383,
    "f1-score": 0.6819304196907542,
    "support": 1977071.0,
    "iou": 0.5173705773034831
  },
  "plant": {
    "precision": 0.5075925045859975,
    "recall": 0.9720346168318074,
    "f1-score": 0.6669213865573987,
    "support": 996625.0,
    "iou": 0.5002866146319094
  },
  "accuracy": 0.6745988830061983,
  "macro avg": {
    "precision": 0.7407133518330717,
    "recall": 0.7483493136903728,
    "f1-score": 0.6744259031240765,
    "support": 2973696.0
  },
  "weighted avg": {
    "precision": 0.8175747398834996,
    "recall": 0.6745988830061983,
    "f1-score": 0.676900188743633,
    "support": 2973696.0
  },
  "inference_time_seconds": 4.274307125015184
}