{
  "soil": {
    "precision": 0.9413417226878696,
    "recall": 0.6727653330117979,
    "f1-score": 0.7847088894205799,
    "support": 1998743.0,
    "iou": 0.6456962307956409
  },
  "plant": {
    "precision": 0.5767214873749287,
    "recall": 0.914055344206336,
    "f1-score": 0.7072223641878411,
    "support": 974953.0,
    "iou": 0.5470564655487287
  },
  "accuracy": 0.7518744350464877,
  "macro avg": {
    "precision": 0.7590316050313992,
    "recall": 0.793410338609067,
    "f1-score": 0.7459656268042105,
    "support": 2973696.0
  },
  "weighted avg": {
    "precision": 0.8217976965738829,
    "recall": 0.7518744350464877,
    "f1-score": 0.7593042346625836,
    "support": 2973696.0
  },
  "inference_time_seconds": 1.4601666369999862
}