{
  "soil": {
    "precision": 0.9405993554486379,
    "recall": 0.6695137894166484,
    "f1-score": 0.7822360071993121,
    "support": 1998743.0,
    "iou": 0.6423543575141174
  },
  "plant": {
    "precision": 0.5741092365511047,
    "recall": 0.9133199241399329,
    "f1-score": 0.7050358003352397,
    "support": 974953.0,
    "iou": 0.5444442406344199
  },
  "accuracy": 0.7494478251980028,
  "macro avg": {
    "precision": 0.7573542959998714,
    "recall": 0.7914168567782907,
    "f1-score": 0.743635903767276,
    "support": 2973696.0
  },
  "weighted avg": {
    "precision": 0.8204422711705184,
    "recall": 0.7494478251980028,
    "f1-score": 0.7569252244956505,
    "support": 2973696.0
  },
  "inference_time_seconds": 3.1143170410068706
}