{
  "soil": {
    "precision": 0.7063829458749216,
    "recall": 0.6408324029276765,
    "f1-score": 0.6720129502599441,
    "support": 1999128.0,
    "iou": 0.5060387828265991
  },
  "plant": {
    "precision": 0.38105926994815886,
    "recall": 0.4535958496482544,
    "f1-score": 0.41417562598083996,
    "support": 974568.0,
    "iou": 0.2611737042047986
  },
  "accuracy": 0.579469454846763,
  "macro avg": {
    "precision": 0.5437211079115403,
    "recall": 0.5472141262879655,
    "f1-score": 0.5430942881203921,
    "support": 2973696.0
  },
  "weighted avg": {
    "precision": 0.599764769638819,
    "recall": 0.579469454846763,
    "f1-score": 0.587512044502248,
    "support": 2973696.0
  },
  "inference_time_seconds": 0.03697258200008946
}