{
  "soil": {
    "precision": 0.9364157300923936,
    "recall": 0.9464191387444926,
    "f1-score": 0.9413908606104271,
    "support": 1999128.0,
    "iou": 0.8892714275575425
  },
  "plant": {
    "precision": 0.8876273064124245,
    "recall": 0.8681764638280757,
    "f1-score": 0.8777941466349894,
    "support": 974568.0,
    "iou": 0.7822042132491682
  },
  "accuracy": 0.9207767034693526,
  "macro avg": {
    "precision": 0.9120215182524091,
    "recall": 0.9072978012862841,
    "f1-score": 0.9095925036227083,
    "support": 2973696.0
  },
  "weighted avg": {
    "precision": 0.9204263228063294,
    "recall": 0.9207767034693526,
    "f1-score": 0.9205483392680927,
    "support": 2973696.0
  }
}