{
  "soil": {
    "precision": 0.9594221937634028,
    "recall": 0.9646811651318412,
    "f1-score": 0.9620444925208579,
    "support": 13902667.0,
    "iou": 0.9268648661611253
  },
  "plant": {
    "precision": 0.8641884444591957,
    "recall": 0.8463494199557331,
    "f1-score": 0.8551759115261175,
    "support": 3691701.0,
    "iou": 0.7469932893062349
  },
  "accuracy": 0.9398524573318007,
  "macro avg": {
    "precision": 0.9118053191112993,
    "recall": 0.9055152925437872,
    "f1-score": 0.9086102020234876,
    "support": 17594368.0
  },
  "weighted avg": {
    "precision": 0.9394399740246722,
    "recall": 0.9398524573318007,
    "f1-score": 0.9396210188657165,
    "support": 17594368.0
  }
}