{
  "soil": {
    "precision": 0.9383325908094021,
    "recall": 0.9586328616413631,
    "f1-score": 0.9483741051128266,
    "support": 2047664.0,
    "iou": 0.9018169956860709
  },
  "plant": {
    "precision": 0.9039322605961903,
    "recall": 0.8606894794132384,
    "f1-score": 0.8817810289396182,
    "support": 926032.0,
    "iou": 0.7885584592644187
  },
  "accuracy": 0.9281325327134986,
  "macro avg": {
    "precision": 0.9211324257027962,
    "recall": 0.9096611705273008,
    "f1-score": 0.9150775670262223,
    "support": 2973696.0
  },
  "weighted avg": {
    "precision": 0.9276200611533778,
    "recall": 0.9281325327134986,
    "f1-score": 0.9276365046604507,
    "support": 2973696.0
  }
}