{
  "soil": {
    "precision": 0.93711114148359,
    "recall": 0.94660071791301,
    "f1-score": 0.9418320268756999,
    "support": 1999128.0,
    "iou": 0.890059093448924
  },
  "plant": {
    "precision": 0.888138619588316,
    "recall": 0.8696899549338784,
    "f1-score": 0.8788174765616737,
    "support": 974568.0,
    "iou": 0.7838308733769837
  },
  "accuracy": 0.9213947895144629,
  "macro avg": {
    "precision": 0.9126248805359529,
    "recall": 0.9081453364234442,
    "f1-score": 0.9103247517186868,
    "support": 2973696.0
  },
  "weighted avg": {
    "precision": 0.9210613997754821,
    "recall": 0.9213947895144629,
    "f1-score": 0.9211802977579824,
    "support": 2973696.0
  },
  "inference_time_seconds": 0.4427414059998682
}