{
  "soil": {
    "precision": 0.9493006374921337,
    "recall": 0.9403730244458642,
    "f1-score": 0.9448157420698124,
    "support": 1998743.0,
    "iou": 0.8954035610075627
  },
  "plant": {
    "precision": 0.8800714465408805,
    "recall": 0.8970391393226135,
    "f1-score": 0.8884742899259055,
    "support": 974953.0,
    "iou": 0.7993286002054597
  },
  "accuracy": 0.9261656201575413,
  "macro avg": {
    "precision": 0.914686042016507,
    "recall": 0.9187060818842389,
    "f1-score": 0.916645015997859,
    "support": 2973696.0
  },
  "weighted avg": {
    "precision": 0.9266032241030391,
    "recall": 0.9261656201575413,
    "f1-score": 0.9263436898519467,
    "support": 2973696.0
  },
  "inference_time_seconds": 0.4805727709999701
}