{
  "soil": {
    "precision": 0.9492009418619551,
    "recall": 0.9376343031595358,
    "f1-score": 0.9433821697251286,
    "support": 1998743.0,
    "iou": 0.8928319612775364
  },
  "plant": {
    "precision": 0.8752608052164045,
    "recall": 0.897126323012494,
    "f1-score": 0.8860586892722445,
    "support": 974953.0,
    "iou": 0.7954267255726142
  },
  "accuracy": 0.9243533972537878,
  "macro avg": {
    "precision": 0.9122308735391798,
    "recall": 0.9173803130860149,
    "f1-score": 0.9147204294986866,
    "support": 2973696.0
  },
  "weighted avg": {
    "precision": 0.9249590025235057,
    "recall": 0.9243533972537878,
    "f1-score": 0.9245881506868743,
    "support": 2973696.0
  }
}