{
  "soil": {
    "precision": 0.9697528671081233,
    "recall": 0.9636429147559208,
    "f1-score": 0.9666882365410028,
    "support": 13901857.0,
    "iou": 0.9355242732406596
  },
  "plant": {
    "precision": 0.8662916324964948,
    "recall": 0.886840689167886,
    "f1-score": 0.8764457296117782,
    "support": 3692511.0,
    "iou": 0.780065327248447
  },
  "accuracy": 0.9475245146628739,
  "macro avg": {
    "precision": 0.918022249802309,
    "recall": 0.9252418019619034,
    "f1-score": 0.9215669830763905,
    "support": 17594368.0
  },
  "weighted avg": {
    "precision": 0.9480395695985442,
    "recall": 0.9475245146628739,
    "f1-score": 0.9477491391262086,
    "support": 17594368.0
  }
}