{
  "soil": {
    "precision": 0.9535401983464267,
    "recall": 0.9498353291000319,
    "f1-score": 0.9516841580090822,
    "support": 2047417.0,
    "iou": 0.9078219749132889
  },
  "plant": {
    "precision": 0.8900618046442326,
    "recall": 0.8977057668369898,
    "f1-score": 0.8938674440866579,
    "support": 926279.0,
    "iou": 0.8081015600780185
  },
  "accuracy": 0.9335974491003788,
  "macro avg": {
    "precision": 0.9218010014953296,
    "recall": 0.9237705479685108,
    "f1-score": 0.92277580104787,
    "support": 2973696.0
  },
  "weighted avg": {
    "precision": 0.9337672615566289,
    "recall": 0.9335974491003788,
    "f1-score": 0.9336747824860464,
    "support": 2973696.0
  }
}