{
  "soil": {
    "precision": 0.9524458809733515,
    "recall": 0.9338229076974879,
    "f1-score": 0.943042462810147,
    "support": 1998743.0,
    "iou": 0.892223603719622
  },
  "plant": {
    "precision": 0.8695596005656615,
    "recall": 0.9044159051769675,
    "f1-score": 0.8866453124128011,
    "support": 974953.0,
    "iou": 0.7963727303598911
  },
  "accuracy": 0.9241815572271006,
  "macro avg": {
    "precision": 0.9110027407695065,
    "recall": 0.9191194064372277,
    "f1-score": 0.9148438876114741,
    "support": 2973696.0
  },
  "weighted avg": {
    "precision": 0.9252708678777564,
    "recall": 0.9241815572271006,
    "f1-score": 0.9245521494185482,
    "support": 2973696.0
  }
}