{
  "soil": {
    "precision": 0.9517075265878264,
    "recall": 0.9523829293202117,
    "f1-score": 0.9520451081674697,
    "support": 2047417.0,
    "iou": 0.9084790915977826
  },
  "plant": {
    "precision": 0.8945834135285989,
    "recall": 0.8931801325518554,
    "f1-score": 0.8938812222969523,
    "support": 926279.0,
    "iou": 0.8081240824364042
  },
  "accuracy": 0.9339418017174587,
  "macro avg": {
    "precision": 0.9231454700582127,
    "recall": 0.9227815309360335,
    "f1-score": 0.922963165232211,
    "support": 2973696.0
  },
  "weighted avg": {
    "precision": 0.9339138898743263,
    "recall": 0.9339418017174587,
    "f1-score": 0.9339275917702802,
    "support": 2973696.0
  }
}