{
  "soil": {
    "precision": 0.9690651934640087,
    "recall": 0.9619619882437289,
    "f1-score": 0.9655005264276195,
    "support": 13901857.0,
    "iou": 0.9333020954505751
  },
  "plant": {
    "precision": 0.8606373953691363,
    "recall": 0.8843878867253205,
    "f1-score": 0.8723510142085091,
    "support": 3692511.0,
    "iou": 0.7736015597053995
  },
  "accuracy": 0.9456815953832499,
  "macro avg": {
    "precision": 0.9148512944165725,
    "recall": 0.9231749374845247,
    "f1-score": 0.9189257703180643,
    "support": 17594368.0
  },
  "weighted avg": {
    "precision": 0.946309568642981,
    "recall": 0.9456815953832499,
    "f1-score": 0.945951338953895,
    "support": 17594368.0
  }
}