{
  "soil": {
    "precision": 0.7267795305425524,
    "recall": 0.6065036875676363,
    "f1-score": 0.661216550745341,
    "support": 1998743.0,
    "iou": 0.49389358011070433
  },
  "plant": {
    "precision": 0.3976555607293403,
    "recall": 0.5325692623131577,
    "f1-score": 0.45532891272387505,
    "support": 974953.0,
    "iou": 0.2947740243696816
  },
  "accuracy": 0.5822636207601584,
  "macro avg": {
    "precision": 0.5622175456359464,
    "recall": 0.569536474940397,
    "f1-score": 0.558272731734608,
    "support": 2973696.0
  },
  "weighted avg": {
    "precision": 0.618873274576475,
    "recall": 0.5822636207601584,
    "f1-score": 0.5937144354141363,
    "support": 2973696.0
  },
  "inference_time_seconds": 0.7963978759999009
}