{
  "soil": {
    "precision": 0.731856818961903,
    "recall": 0.6165985321774735,
    "f1-score": 0.669301864469878,
    "support": 1998743.0,
    "iou": 0.5029704683573801
  },
  "plant": {
    "precision": 0.4058283516705047,
    "recall": 0.5368556227838676,
    "f1-score": 0.46223599505979424,
    "support": 974953.0,
    "iou": 0.3005896831859891
  },
  "accuracy": 0.5904541015625,
  "macro avg": {
    "precision": 0.5688425853162038,
    "recall": 0.5767270774806705,
    "f1-score": 0.5657689297648362,
    "support": 2973696.0
  },
  "weighted avg": {
    "precision": 0.6249654513603894,
    "recall": 0.5904541015625,
    "f1-score": 0.6014134553725898,
    "support": 2973696.0
  },
  "inference_time_seconds": 1.6197224580682814
}