{
  "soil": {
    "precision": 0.9413169422964444,
    "recall": 0.6707300538388377,
    "f1-score": 0.7833140905935723,
    "support": 1998743.0,
    "iou": 0.6438096180268249
  },
  "plant": {
    "precision": 0.5752663918688766,
    "recall": 0.9142768933476794,
    "f1-score": 0.7061933343262865,
    "support": 974953.0,
    "iou": 0.545826013315951
  },
  "accuracy": 0.7505790773502066,
  "macro avg": {
    "precision": 0.7582916670826605,
    "recall": 0.7925034735932586,
    "f1-score": 0.7447537124599294,
    "support": 2973696.0
  },
  "weighted avg": {
    "precision": 0.8213039744977828,
    "recall": 0.7505790773502066,
    "f1-score": 0.7580293564832062,
    "support": 2973696.0
  },
  "inference_time_seconds": 1.4208053680000603
}