{
  "soil": {
    "precision": 0.9422359858088336,
    "recall": 0.6825810021598575,
    "f1-score": 0.7916613233697528,
    "support": 1998743.0,
    "iou": 0.655165094588793
  },
  "plant": {
    "precision": 0.5841797460008271,
    "recall": 0.9142122748481208,
    "f1-score": 0.7128498911907277,
    "support": 974953.0,
    "iou": 0.553820324694046
  },
  "accuracy": 0.7585233998364325,
  "macro avg": {
    "precision": 0.7632078659048304,
    "recall": 0.7983966385039891,
    "f1-score": 0.7522556072802402,
    "support": 2973696.0
  },
  "weighted avg": {
    "precision": 0.8248440247040215,
    "recall": 0.7585233998364325,
    "f1-score": 0.7658222859438568,
    "support": 2973696.0
  },
  "inference_time_seconds": 2.169420874910429
}