{
  "soil": {
    "precision": 0.9472328248484275,
    "recall": 0.9668386580966137,
    "f1-score": 0.9569353302024137,
    "support": 1998743.0,
    "iou": 0.9174266542726575
  },
  "plant": {
    "precision": 0.9290036343849449,
    "recall": 0.8895833953021325,
    "f1-score": 0.9088662723679302,
    "support": 974953.0,
    "iou": 0.8329558965611956
  },
  "accuracy": 0.9415098248106061,
  "macro avg": {
    "precision": 0.9381182296166862,
    "recall": 0.928211026699373,
    "f1-score": 0.9329008012851719,
    "support": 2973696.0
  },
  "weighted avg": {
    "precision": 0.9412562206730365,
    "recall": 0.9415098248106061,
    "f1-score": 0.941175456919165,
    "support": 2973696.0
  },
  "inference_time_seconds": 0.38930942800016055
}