{
  "soil": {
    "precision": 0.9480482815981397,
    "recall": 0.9660606691305486,
    "f1-score": 0.956969724152953,
    "support": 1998743.0,
    "iou": 0.9174898814665721
  },
  "plant": {
    "precision": 0.9276012883973797,
    "recall": 0.8914706657654267,
    "f1-score": 0.9091771617281168,
    "support": 974953.0,
    "iou": 0.8334782971435257
  },
  "accuracy": 0.9416056651386019,
  "macro avg": {
    "precision": 0.9378247849977597,
    "recall": 0.9287656674479876,
    "f1-score": 0.933073442940535,
    "support": 2973696.0
  },
  "weighted avg": {
    "precision": 0.9413445508327688,
    "recall": 0.9416056651386019,
    "f1-score": 0.9413005023785076,
    "support": 2973696.0
  }
}