{
  "soil": {
    "precision": 0.9741563903110213,
    "recall": 0.9781255122966666,
    "f1-score": 0.9761369165562709,
    "support": 13901857.0,
    "iou": 0.9533861825284949
  },
  "plant": {
    "precision": 0.9163622231714069,
    "recall": 0.9023055043031694,
    "f1-score": 0.9092795406351745,
    "support": 3692511.0,
    "iou": 0.8336503939466653
  },
  "accuracy": 0.9622132491488186,
  "macro avg": {
    "precision": 0.9452593067412141,
    "recall": 0.940215508299918,
    "f1-score": 0.9427082285957227,
    "support": 17594368.0
  },
  "weighted avg": {
    "precision": 0.9620271909047758,
    "recall": 0.9622132491488186,
    "f1-score": 0.9621056313165972,
    "support": 17594368.0
  }
}