{
  "soil": {
    "precision": 0.9494171493038562,
    "recall": 0.9749650413179143,
    "f1-score": 0.9620215097707719,
    "support": 2047417.0,
    "iou": 0.9268222018341808
  },
  "plant": {
    "precision": 0.9411640466720617,
    "recall": 0.8851847013696738,
    "f1-score": 0.9123164636398837,
    "support": 926279.0,
    "iou": 0.8387701322508838
  },
  "accuracy": 0.9469992897727273,
  "macro avg": {
    "precision": 0.9452905979879589,
    "recall": 0.9300748713437941,
    "f1-score": 0.9371689867053279,
    "support": 2973696.0
  },
  "weighted avg": {
    "precision": 0.9468463836127177,
    "recall": 0.9469992897727273,
    "f1-score": 0.9465388442847663,
    "support": 2973696.0
  }
}