{
  "soil": {
    "precision": 0.6971872442057343,
    "recall": 0.6221635297784658,
    "f1-score": 0.6575423084213924,
    "support": 1998743.0,
    "iou": 0.4898048650219902
  },
  "plant": {
    "precision": 0.3653990299453126,
    "recall": 0.4460091922379848,
    "f1-score": 0.40169996244784617,
    "support": 974953.0,
    "iou": 0.2513295082336744
  },
  "accuracy": 0.5644097446410123,
  "macro avg": {
    "precision": 0.5312931370755234,
    "recall": 0.5340863610082253,
    "f1-score": 0.5296211354346193,
    "support": 2973696.0
  },
  "weighted avg": {
    "precision": 0.5884074917166295,
    "recall": 0.5644097446410123,
    "f1-score": 0.5736620924430453,
    "support": 2973696.0
  },
  "inference_time_seconds": 1.5917402089107782
}