{
  "soil": {
    "precision": 0.6903267758443306,
    "recall": 0.6203779075148731,
    "f1-score": 0.6534858479366971,
    "support": 1998743.0,
    "iou": 0.4853167320487064
  },
  "plant": {
    "precision": 0.3556009443897136,
    "recall": 0.42946993342243167,
    "f1-score": 0.3890601937435451,
    "support": 974953.0,
    "iou": 0.2415113167062732
  },
  "accuracy": 0.5577870098355716,
  "macro avg": {
    "precision": 0.5229638601170221,
    "recall": 0.5249239204686524,
    "f1-score": 0.5212730208401211,
    "support": 2973696.0
  },
  "weighted avg": {
    "precision": 0.5805838991164561,
    "recall": 0.5577870098355716,
    "f1-score": 0.5667915170997264,
    "support": 2973696.0
  },
  "inference_time_seconds": 0.8081958280000663
}