{
  "soil": {
    "precision": 0.9077469149933372,
    "recall": 0.9423592728029566,
    "f1-score": 0.9247293245596507,
    "support": 1998743.0,
    "iou": 0.8599967856288387
  },
  "plant": {
    "precision": 0.871810677380914,
    "recall": 0.8036613046987906,
    "f1-score": 0.8363500123285873,
    "support": 974953.0,
    "iou": 0.718729876843992
  },
  "accuracy": 0.8968858955320248,
  "macro avg": {
    "precision": 0.8897787961871255,
    "recall": 0.8730102887508736,
    "f1-score": 0.880539668444119,
    "support": 2973696.0
  },
  "weighted avg": {
    "precision": 0.8959648960280681,
    "recall": 0.8968858955320248,
    "f1-score": 0.8957533715376834,
    "support": 2973696.0
  },
  "inference_time_seconds": 0.0068847909569740295
}