{
  "soil": {
    "precision": 0.948404696630346,
    "recall": 0.8756068188856696,
    "f1-score": 0.9105530446147386,
    "support": 1998743.0,
    "iou": 0.83579383109363
  },
  "plant": {
    "precision": 0.7796561952474935,
    "recall": 0.9023440104292207,
    "f1-score": 0.8365255790115275,
    "support": 974953.0,
    "iou": 0.7189892308082083
  },
  "accuracy": 0.8843728477961432,
  "macro avg": {
    "precision": 0.8640304459389198,
    "recall": 0.8889754146574451,
    "f1-score": 0.873539311813133,
    "support": 2973696.0
  },
  "weighted avg": {
    "precision": 0.8930789815375065,
    "recall": 0.8843728477961432,
    "f1-score": 0.8862824736914675,
    "support": 2973696.0
  },
  "inference_time_seconds": 0.021708875079639256
}