{
  "soil": {
    "precision": 0.9504233500879377,
    "recall": 0.8997984626139809,
    "f1-score": 0.9244183193286475,
    "support": 1978293.0,
    "iou": 0.8594589661955265
  },
  "plant": {
    "precision": 0.8199200928797632,
    "recall": 0.9067181834895013,
    "f1-score": 0.8611374685678383,
    "support": 995403.0,
    "iou": 0.7561382035151567
  },
  "accuracy": 0.9021147420583677,
  "macro avg": {
    "precision": 0.8851717214838504,
    "recall": 0.903258323051741,
    "f1-score": 0.8927778939482429,
    "support": 2973696.0
  },
  "weighted avg": {
    "precision": 0.9067392163584681,
    "recall": 0.9021147420583677,
    "f1-score": 0.9032359426869659,
    "support": 2973696.0
  },
  "inference_time_seconds": 0.023584544000073038
}