{
  "soil": {
    "precision": 0.7691447110812776,
    "recall": 0.006879323654917115,
    "f1-score": 0.013636679195882219,
    "support": 1998743.0,
    "iou": 0.006865148511885444
  },
  "plant": {
    "precision": 0.32844568628863946,
    "recall": 0.9957669754336875,
    "f1-score": 0.49396200033988236,
    "support": 974953.0,
    "iou": 0.32798774031688416
  },
  "accuracy": 0.33109504132231404,
  "macro avg": {
    "precision": 0.5487951986849585,
    "recall": 0.5013231495443023,
    "f1-score": 0.25379933976788227,
    "support": 2973696.0
  },
  "weighted avg": {
    "precision": 0.6246575690470357,
    "recall": 0.33109504132231404,
    "f1-score": 0.1711156591673744,
    "support": 2973696.0
  },
  "inference_time_seconds": 0.03172739299998284
}