{
  "soil": {
    "precision": 0.7393284967099714,
    "recall": 0.006577133728548392,
    "f1-score": 0.013038277749235813,
    "support": 1998743.0,
    "iou": 0.0065619169223182046
  },
  "plant": {
    "precision": 0.32826316047653603,
    "recall": 0.9952459246753433,
    "f1-score": 0.493691469670312,
    "support": 974953.0,
    "iou": 0.3277492357838915
  },
  "accuracy": 0.33072109590220383,
  "macro avg": {
    "precision": 0.5337958285932537,
    "recall": 0.5009115292019458,
    "f1-score": 0.2533648737097739,
    "support": 2973696.0
  },
  "weighted avg": {
    "precision": 0.6045570262043123,
    "recall": 0.33072109590220383,
    "f1-score": 0.17062475310617511,
    "support": 2973696.0
  },
  "inference_time_seconds": 0.03554179205093533
}