{
  "soil": {
    "precision": 0.9583894876226706,
    "recall": 0.9541138908195057,
    "f1-score": 0.9562469099542306,
    "support": 2047417.0,
    "iou": 0.9161619918292155
  },
  "plant": {
    "precision": 0.8995652187857128,
    "recall": 0.9084357952625505,
    "f1-score": 0.903978746215808,
    "support": 926279.0,
    "iou": 0.8247821318196833
  },
  "accuracy": 0.9398855834624655,
  "macro avg": {
    "precision": 0.9289773532041917,
    "recall": 0.931274843041028,
    "f1-score": 0.9301128280850193,
    "support": 2973696.0
  },
  "weighted avg": {
    "precision": 0.9400662679949654,
    "recall": 0.9398855834624655,
    "f1-score": 0.9399658568676129,
    "support": 2973696.0
  }
}