{
  "soil": {
    "precision": 0.9551637594903194,
    "recall": 0.9726255995871631,
    "f1-score": 0.9638155952087724,
    "support": 13901857.0,
    "iou": 0.9301583682905975
  },
  "plant": {
    "precision": 0.8893209095953774,
    "recall": 0.8281110063043821,
    "f1-score": 0.8576251862499342,
    "support": 3692511.0,
    "iou": 0.7507388782799002
  },
  "accuracy": 0.9422964780547958,
  "macro avg": {
    "precision": 0.9222423345428483,
    "recall": 0.9003683029457725,
    "f1-score": 0.9107203907293533,
    "support": 17594368.0
  },
  "weighted avg": {
    "precision": 0.9413453917314761,
    "recall": 0.9422964780547958,
    "f1-score": 0.9415295288280414,
    "support": 17594368.0
  }
}