{
  "soil": {
    "precision": 0.9548312083953642,
    "recall": 0.9421206228114369,
    "f1-score": 0.9484333317635717,
    "support": 1998743.0,
    "iou": 0.9019241103887209
  },
  "plant": {
    "precision": 0.8844941890650585,
    "recall": 0.908632518695773,
    "f1-score": 0.8964008837786547,
    "support": 974953.0,
    "iou": 0.8122522667903862
  },
  "accuracy": 0.9311412464488636,
  "macro avg": {
    "precision": 0.9196626987302113,
    "recall": 0.925376570753605,
    "f1-score": 0.9224171077711132,
    "support": 2973696.0
  },
  "weighted avg": {
    "precision": 0.9317705835005735,
    "recall": 0.9311412464488636,
    "f1-score": 0.9313740253448124,
    "support": 2973696.0
  },
  "inference_time_seconds": 0.31785368300006667
}