{
  "soil": {
    "precision": 0.9547155012536719,
    "recall": 0.9439452696019448,
    "f1-score": 0.9492998381358401,
    "support": 1998743.0,
    "iou": 0.9034926162489453
  },
  "plant": {
    "precision": 0.887680313102443,
    "recall": 0.9082099342224702,
    "f1-score": 0.8978277820420654,
    "support": 974953.0,
    "iou": 0.8145984515065429
  },
  "accuracy": 0.9322291182420799,
  "macro avg": {
    "precision": 0.9211979071780574,
    "recall": 0.9260776019122074,
    "f1-score": 0.9235638100889527,
    "support": 2973696.0
  },
  "weighted avg": {
    "precision": 0.9327374114309042,
    "recall": 0.9322291182420799,
    "f1-score": 0.9324242612427098,
    "support": 2973696.0
  }
}