{
  "soil": {
    "precision": 0.8668383598082786,
    "recall": 0.9273678506941613,
    "f1-score": 0.8960820912659104,
    "support": 1998743.0,
    "iou": 0.8117289194931955
  },
  "plant": {
    "precision": 0.8262202457549513,
    "recall": 0.7079438701147646,
    "f1-score": 0.7625227996097966,
    "support": 974953.0,
    "iou": 0.6161913927540295
  },
  "accuracy": 0.8554277236139807,
  "macro avg": {
    "precision": 0.846529302781615,
    "recall": 0.8176558604044629,
    "f1-score": 0.8293024454378535,
    "support": 2973696.0
  },
  "weighted avg": {
    "precision": 0.8535213455100338,
    "recall": 0.8554277236139807,
    "f1-score": 0.8522934753219796,
    "support": 2973696.0
  },
  "inference_time_seconds": 0.0069426960000100735
}