{
  "soil": {
    "precision": 0.7329488186554487,
    "recall": 0.619957143064416,
    "f1-score": 0.6717345750305135,
    "support": 1998743.0,
    "iou": 0.50572315020994
  },
  "plant": {
    "precision": 0.4079807962091218,
    "recall": 0.536920241283426,
    "f1-score": 0.46365309984397923,
    "support": 974953.0,
    "iou": 0.30178932882729403
  },
  "accuracy": 0.5927327473958334,
  "macro avg": {
    "precision": 0.5704648074322852,
    "recall": 0.578438692173921,
    "f1-score": 0.5676938374372463,
    "support": 2973696.0
  },
  "weighted avg": {
    "precision": 0.6264051274415137,
    "recall": 0.5927327473958334,
    "f1-score": 0.603513190437893,
    "support": 2973696.0
  },
  "inference_time_seconds": 1.6250925000058487
}