{
  "soil": {
    "precision": 0.7299565295063419,
    "recall": 0.6132934549364275,
    "f1-score": 0.6665588194591526,
    "support": 1998743.0,
    "iou": 0.49987868170442623
  },
  "plant": {
    "precision": 0.4028666652245526,
    "recall": 0.5348657832736552,
    "f1-score": 0.45957585192934186,
    "support": 974953.0,
    "iou": 0.29834370780602787
  },
  "accuracy": 0.5875802368500345,
  "macro avg": {
    "precision": 0.5664115973654473,
    "recall": 0.5740796191050413,
    "f1-score": 0.5630673356942473,
    "support": 2973696.0
  },
  "weighted avg": {
    "precision": 0.6227171733478364,
    "recall": 0.5875802368500345,
    "f1-score": 0.5986975904895163,
    "support": 2973696.0
  },
  "inference_time_seconds": 0.82032669299997
}