{
  "soil": {
    "precision": 0.731507378539348,
    "recall": 0.5892363350365705,
    "f1-score": 0.6527091098025632,
    "support": 1998743.0,
    "iou": 0.4844604194621348
  },
  "plant": {
    "precision": 0.39794850585434066,
    "recall": 0.5566196524345276,
    "f1-score": 0.4640966851702826,
    "support": 974953.0,
    "iou": 0.30216529952716203
  },
  "accuracy": 0.5785426620609504,
  "macro avg": {
    "precision": 0.5647279421968443,
    "recall": 0.572927993735549,
    "f1-score": 0.5584028974864229,
    "support": 2973696.0
  },
  "weighted avg": {
    "precision": 0.6221470997479497,
    "recall": 0.5785426620609504,
    "f1-score": 0.5908708286761414,
    "support": 2973696.0
  },
  "inference_time_seconds": 0.8982612150000477
}