{
  "soil": {
    "precision": 0.7310054182744122,
    "recall": 0.5942009553004063,
    "f1-score": 0.655541848469544,
    "support": 1998743.0,
    "iou": 0.4875881392985805
  },
  "plant": {
    "precision": 0.3987527140293356,
    "recall": 0.5517404428726308,
    "f1-score": 0.4629344197538514,
    "support": 974953.0,
    "iou": 0.3011806559871806
  },
  "accuracy": 0.5802798941115702,
  "macro avg": {
    "precision": 0.5648790661518739,
    "recall": 0.5729706990865185,
    "f1-score": 0.5592381341116976,
    "support": 2973696.0
  },
  "weighted avg": {
    "precision": 0.6220733785629387,
    "recall": 0.5802798941115702,
    "f1-score": 0.5923937692951258,
    "support": 2973696.0
  },
  "inference_time_seconds": 1.6046952080214396
}