{
  "soil": {
    "precision": 0.9566992507609459,
    "recall": 0.16354528821364228,
    "f1-score": 0.27933839310244346,
    "support": 1998743.0,
    "iou": 0.1623435961973402
  },
  "plant": {
    "precision": 0.364799454106662,
    "recall": 0.9848249095084584,
    "f1-score": 0.5323904918506369,
    "support": 974953.0,
    "iou": 0.3627603179826591
  },
  "accuracy": 0.4328092044378444,
  "macro avg": {
    "precision": 0.660749352433804,
    "recall": 0.5741850988610503,
    "f1-score": 0.4058644424765402,
    "support": 2973696.0
  },
  "weighted avg": {
    "precision": 0.7626395747054634,
    "recall": 0.4328092044378444,
    "f1-score": 0.3623038014127911,
    "support": 2973696.0
  },
  "inference_time_seconds": 0.059108649999984664
}