{
  "soil": {
    "precision": 0.7037892490963279,
    "recall": 0.6017171792471568,
    "f1-score": 0.6487629207434236,
    "support": 1998743.0,
    "iou": 0.4801251613820129
  },
  "plant": {
    "precision": 0.3706175113750015,
    "recall": 0.4808129212382546,
    "f1-score": 0.41858425886735706,
    "support": 974953.0,
    "iou": 0.26468957401901055
  },
  "accuracy": 0.562077629993113,
  "macro avg": {
    "precision": 0.5372033802356647,
    "recall": 0.5412650502427057,
    "f1-score": 0.5336735898053904,
    "support": 2973696.0
  },
  "weighted avg": {
    "precision": 0.5945558959873953,
    "recall": 0.562077629993113,
    "f1-score": 0.5732967745966565,
    "support": 2973696.0
  },
  "inference_time_seconds": 0.8995589950000067
}