{
  "soil": {
    "precision": 0.7038304222958901,
    "recall": 0.5960195983175426,
    "f1-score": 0.6454540430479687,
    "support": 1998743.0,
    "iou": 0.4765095194705352
  },
  "plant": {
    "precision": 0.36972637116886464,
    "recall": 0.4858305990134909,
    "f1-score": 0.4199004639931066,
    "support": 974953.0,
    "iou": 0.2657430461971066
  },
  "accuracy": 0.5598931430785123,
  "macro avg": {
    "precision": 0.5367783967323774,
    "recall": 0.5409250986655167,
    "f1-score": 0.5326772535205376,
    "support": 2973696.0
  },
  "weighted avg": {
    "precision": 0.5942914018450952,
    "recall": 0.5598931430785123,
    "f1-score": 0.5715042719347564,
    "support": 2973696.0
  },
  "inference_time_seconds": 1.7469054580433294
}