{
  "soil": {
    "precision": 0.9157307648191875,
    "recall": 0.9266829202153554,
    "f1-score": 0.9211742901896384,
    "support": 1998743.0,
    "iou": 0.8538675726884228
  },
  "plant": {
    "precision": 0.8459152429740665,
    "recall": 0.8251741365994053,
    "f1-score": 0.8354159733042714,
    "support": 974953.0,
    "iou": 0.7173513925608228
  },
  "accuracy": 0.8934023518207644,
  "macro avg": {
    "precision": 0.8808230038966269,
    "recall": 0.8759285284073803,
    "f1-score": 0.878295131746955,
    "support": 2973696.0
  },
  "weighted avg": {
    "precision": 0.8928411175689418,
    "recall": 0.8934023518207644,
    "f1-score": 0.8930576540834799,
    "support": 2973696.0
  },
  "inference_time_seconds": 0.007320090999996864
}