{
  "soil": {
    "precision": 0.8806841611519128,
    "recall": 0.9520538658546897,
    "f1-score": 0.9149793891613868,
    "support": 1998743.0,
    "iou": 0.8432829570437362
  },
  "plant": {
    "precision": 0.882122126456222,
    "recall": 0.7355687915212323,
    "f1-score": 0.8022070215276884,
    "support": 974953.0,
    "iou": 0.6697376223985207
  },
  "accuracy": 0.8810772856404959,
  "macro avg": {
    "precision": 0.8814031438040675,
    "recall": 0.8438113286879609,
    "f1-score": 0.8585932053445375,
    "support": 2973696.0
  },
  "weighted avg": {
    "precision": 0.8811556110201347,
    "recall": 0.8810772856404959,
    "f1-score": 0.8780059533624426,
    "support": 2973696.0
  },
  "inference_time_seconds": 0.32131557800039445
}