{
  "soil": {
    "precision": 0.9282595436072987,
    "recall": 0.9656658099705673,
    "f1-score": 0.946593277656967,
    "support": 13901857.0,
    "iou": 0.8986018957155629
  },
  "plant": {
    "precision": 0.8476173297300231,
    "recall": 0.7190218255273986,
    "f1-score": 0.7780417816392413,
    "support": 3692511.0,
    "iou": 0.6367171724438945
  },
  "accuracy": 0.9139029034745664,
  "macro avg": {
    "precision": 0.8879384366686609,
    "recall": 0.8423438177489829,
    "f1-score": 0.8623175296481042,
    "support": 17594368.0
  },
  "weighted avg": {
    "precision": 0.9113352493214117,
    "recall": 0.9139029034745664,
    "f1-score": 0.9112195573214649,
    "support": 17594368.0
  }
}