{
  "soil": {
    "precision": 0.8799947926789128,
    "recall": 0.9537134088774795,
    "f1-score": 0.9153722853046058,
    "support": 1998743.0,
    "iou": 0.8439506688815139
  },
  "plant": {
    "precision": 0.8854324687467106,
    "recall": 0.7333686854648378,
    "f1-score": 0.8022584416662739,
    "support": 974953.0,
    "iou": 0.6698093057590485
  },
  "accuracy": 0.881471407971763,
  "macro avg": {
    "precision": 0.8827136307128116,
    "recall": 0.8435410471711586,
    "f1-score": 0.8588153634854399,
    "support": 2973696.0
  },
  "weighted avg": {
    "precision": 0.8817775837225594,
    "recall": 0.881471407971763,
    "f1-score": 0.8782868935238983,
    "support": 2973696.0
  }
}