{
  "soil": {
    "precision": 0.9017055402722807,
    "recall": 0.9626329174760198,
    "f1-score": 0.9311736625172211,
    "support": 2047417.0,
    "iou": 0.8712113744411022
  },
  "plant": {
    "precision": 0.9029034047138287,
    "recall": 0.7680526061802113,
    "f1-score": 0.8300365881545849,
    "support": 926279.0,
    "iou": 0.7094551673589055
  },
  "accuracy": 0.9020229371126033,
  "macro avg": {
    "precision": 0.9023044724930547,
    "recall": 0.8653427618281155,
    "f1-score": 0.8806051253359031,
    "support": 2973696.0
  },
  "weighted avg": {
    "precision": 0.9020786640472235,
    "recall": 0.9020229371126033,
    "f1-score": 0.8996703924776648,
    "support": 2973696.0
  }
}