{
  "soil": {
    "precision": 0.6901794009085076,
    "recall": 0.9992996053075656,
    "f1-score": 0.8164599860450426,
    "support": 2047417.0,
    "iou": 0.6898456971612917
  },
  "plant": {
    "precision": 0.845374164330386,
    "recall": 0.008463972517999437,
    "f1-score": 0.01676014079373376,
    "support": 926279.0,
    "iou": 0.008450889445334927
  },
  "accuracy": 0.6906634033875688,
  "macro avg": {
    "precision": 0.7677767826194468,
    "recall": 0.5038817889127825,
    "f1-score": 0.41661006341938817,
    "support": 2973696.0
  },
  "weighted avg": {
    "precision": 0.7385211447409822,
    "recall": 0.6906634033875688,
    "f1-score": 0.5673608269650502,
    "support": 2973696.0
  }
}