{
  "soil": {
    "precision": 0.6729942132261896,
    "recall": 0.9993430871302613,
    "f1-score": 0.8043259150207441,
    "support": 1998743.0,
    "iou": 0.6726966195262972
  },
  "plant": {
    "precision": 0.770494668764202,
    "recall": 0.004521243588152454,
    "f1-score": 0.008989735630800858,
    "support": 974953.0,
    "iou": 0.004515162875691666
  },
  "accuracy": 0.67318179127927,
  "macro avg": {
    "precision": 0.7217444409951959,
    "recall": 0.5019321653592069,
    "f1-score": 0.4066578253257725,
    "support": 2973696.0
  },
  "weighted avg": {
    "precision": 0.7049606151812489,
    "recall": 0.67318179127927,
    "f1-score": 0.5435677897433911,
    "support": 2973696.0
  },
  "inference_time_seconds": 0.44844389000013507
}