{
  "soil": {
    "precision": 0.7909074093336196,
    "recall": 0.9992944827442838,
    "f1-score": 0.8829723775917757,
    "support": 13901857.0,
    "iou": 0.7904660188153236
  },
  "plant": {
    "precision": 0.6694415422466381,
    "recall": 0.0053792663041491275,
    "f1-score": 0.01067277204607405,
    "support": 3692511.0,
    "iou": 0.005365015818464049
  },
  "accuracy": 0.7907025702770341,
  "macro avg": {
    "precision": 0.7301744757901288,
    "recall": 0.5023368745242165,
    "f1-score": 0.4468225748189249,
    "support": 17594368.0
  },
  "weighted avg": {
    "precision": 0.7654154990619225,
    "recall": 0.7907025702770341,
    "f1-score": 0.6999038019672824,
    "support": 17594368.0
  }
}