{
  "soil": {
    "precision": 0.6730672155354672,
    "recall": 0.999311067005613,
    "f1-score": 0.8043676772712729,
    "support": 1998743.0,
    "iou": 0.6727550451592911
  },
  "plant": {
    "precision": 0.7756598240469208,
    "recall": 0.0048833123237735565,
    "f1-score": 0.009705521710014667,
    "support": 974953.0,
    "iou": 0.004876424979259062
  },
  "accuracy": 0.6732789767346763,
  "macro avg": {
    "precision": 0.724363519791194,
    "recall": 0.5020971896646933,
    "f1-score": 0.4070365994906438,
    "support": 2973696.0
  },
  "weighted avg": {
    "precision": 0.7067031256776161,
    "recall": 0.6732789767346763,
    "f1-score": 0.5438305367730796,
    "support": 2973696.0
  }
}