{
  "soil": {
    "precision": 0.8701723323483472,
    "recall": 0.9860941859914224,
    "f1-score": 0.9245136614399033,
    "support": 2047417.0,
    "iou": 0.8596238076605217
  },
  "plant": {
    "precision": 0.956434919391365,
    "recall": 0.6748042436458129,
    "f1-score": 0.7913080521861214,
    "support": 926279.0,
    "iou": 0.6546813301911495
  },
  "accuracy": 0.889130227165117,
  "macro avg": {
    "precision": 0.9133036258698561,
    "recall": 0.8304492148186177,
    "f1-score": 0.8579108568130124,
    "support": 2973696.0
  },
  "weighted avg": {
    "precision": 0.8970423361630007,
    "recall": 0.889130227165117,
    "f1-score": 0.8830213372299021,
    "support": 2973696.0
  }
}