{
  "soil": {
    "precision": 0.8992866842613921,
    "recall": 0.9906885821081313,
    "f1-score": 0.9427774701528312,
    "support": 13901857.0,
    "iou": 0.8917493181772416
  },
  "plant": {
    "precision": 0.9432142557898463,
    "recall": 0.5822880419313579,
    "f1-score": 0.7200544803453146,
    "support": 3692511.0,
    "iou": 0.5625665071585054
  },
  "accuracy": 0.9049780020515656,
  "macro avg": {
    "precision": 0.9212504700256192,
    "recall": 0.7864883120197446,
    "f1-score": 0.8314159752490728,
    "support": 17594368.0
  },
  "weighted avg": {
    "precision": 0.9085057162307192,
    "recall": 0.9049780020515656,
    "f1-score": 0.8960348369524149,
    "support": 17594368.0
  }
}