{
  "soil": {
    "precision": 0.8202093569572658,
    "recall": 0.9883656878348042,
    "f1-score": 0.896470165937529,
    "support": 1998743.0,
    "iou": 0.8123660441850634
  },
  "plant": {
    "precision": 0.9588554402329885,
    "recall": 0.5558462818207647,
    "f1-score": 0.703737539209327,
    "support": 974953.0,
    "iou": 0.5428974150652119
  },
  "accuracy": 0.8465603074423209,
  "macro avg": {
    "precision": 0.8895323985951271,
    "recall": 0.7721059848277845,
    "f1-score": 0.8001038525734281,
    "support": 2973696.0
  },
  "weighted avg": {
    "precision": 0.8656657233201744,
    "recall": 0.8465603074423209,
    "f1-score": 0.8332810394677955,
    "support": 2973696.0
  },
  "inference_time_seconds": 0.47522376200004146
}