{
  "soil": {
    "precision": 0.8234009605149007,
    "recall": 0.9872289734097881,
    "f1-score": 0.8979032873843673,
    "support": 1998743.0,
    "iou": 0.8147227707932744
  },
  "plant": {
    "precision": 0.9557817531739748,
    "recall": 0.5659216392995354,
    "f1-score": 0.7109106534744296,
    "support": 974953.0,
    "iou": 0.5514828397197742
  },
  "accuracy": 0.8490995717114325,
  "macro avg": {
    "precision": 0.8895913568444378,
    "recall": 0.7765753063546618,
    "f1-score": 0.8044069704293985,
    "support": 2973696.0
  },
  "weighted avg": {
    "precision": 0.8668031949549182,
    "recall": 0.8490995717114325,
    "f1-score": 0.8365960692260904,
    "support": 2973696.0
  }
}