{
  "soil": {
    "precision": 0.8423577740150949,
    "recall": 0.9836632323415266,
    "f1-score": 0.9075430872823999,
    "support": 1998743.0,
    "iou": 0.8307358182436615
  },
  "plant": {
    "precision": 0.9489528877660772,
    "recall": 0.6226053973883869,
    "f1-score": 0.7518947217823174,
    "support": 974953.0,
    "iou": 0.6024289255919476
  },
  "accuracy": 0.8652871712508609,
  "macro avg": {
    "precision": 0.8956553308905861,
    "recall": 0.8031343148649568,
    "f1-score": 0.8297189045323586,
    "support": 2973696.0
  },
  "weighted avg": {
    "precision": 0.8773059415267913,
    "recall": 0.8652871712508609,
    "f1-score": 0.8565123696537648,
    "support": 2973696.0
  }
}