{
  "soil": {
    "precision": 0.9121954705196343,
    "recall": 0.9880649038470184,
    "f1-score": 0.9486156129199608,
    "support": 13901857.0,
    "iou": 0.9022538517568315
  },
  "plant": {
    "precision": 0.9345808652973807,
    "recall": 0.641932007785488,
    "f1-score": 0.7610941610962803,
    "support": 3692511.0,
    "iou": 0.6143276891565509
  },
  "accuracy": 0.915422366975614,
  "macro avg": {
    "precision": 0.9233881679085075,
    "recall": 0.8149984558162532,
    "f1-score": 0.8548548870081205,
    "support": 17594368.0
  },
  "weighted avg": {
    "precision": 0.9168934691323819,
    "recall": 0.915422366975614,
    "f1-score": 0.9092606884580585,
    "support": 17594368.0
  }
}