{
  "soil": {
    "precision": 0.8536516050904817,
    "recall": 0.988834223804921,
    "f1-score": 0.9162837608640211,
    "support": 2047417.0,
    "iou": 0.845501550843745
  },
  "plant": {
    "precision": 0.9620283230407903,
    "recall": 0.6252900044155163,
    "f1-score": 0.7579408414265739,
    "support": 926279.0,
    "iou": 0.6102292601723666
  },
  "accuracy": 0.8755935374698691,
  "macro avg": {
    "precision": 0.907839964065636,
    "recall": 0.8070621141102187,
    "f1-score": 0.8371123011452974,
    "support": 2973696.0
  },
  "weighted avg": {
    "precision": 0.887409957634351,
    "recall": 0.8755935374698691,
    "f1-score": 0.8669613953385608,
    "support": 2973696.0
  }
}