{
  "soil": {
    "precision": 0.7091995149661611,
    "recall": 0.5940123367536496,
    "f1-score": 0.6465153928022711,
    "support": 1998743.0,
    "iou": 0.4776673405550024
  },
  "plant": {
    "precision": 0.3755973056034768,
    "recall": 0.5006610575073875,
    "f1-score": 0.4292043354719352,
    "support": 974953.0,
    "iou": 0.2732400815486633
  },
  "accuracy": 0.563406279592803,
  "macro avg": {
    "precision": 0.5423984102848189,
    "recall": 0.5473366971305186,
    "f1-score": 0.5378598641371032,
    "support": 2973696.0
  },
  "weighted avg": {
    "precision": 0.5998250278549105,
    "recall": 0.563406279592803,
    "f1-score": 0.5752680066278326,
    "support": 2973696.0
  },
  "inference_time_seconds": 0.04663273500000287
}