{
  "soil": {
    "precision": 0.7080321198990354,
    "recall": 0.5944876354788985,
    "f1-score": 0.6463108740792313,
    "support": 1998743.0,
    "iou": 0.4774440908946622
  },
  "plant": {
    "precision": 0.3743535234707646,
    "recall": 0.49742808114852716,
    "f1-score": 0.427203221230098,
    "support": 974953.0,
    "iou": 0.2716201018444464
  },
  "accuracy": 0.5626657869533402,
  "macro avg": {
    "precision": 0.5411928216849,
    "recall": 0.5459578583137128,
    "f1-score": 0.5367570476546646,
    "support": 2973696.0
  },
  "weighted avg": {
    "precision": 0.5986325886007682,
    "recall": 0.5626657869533402,
    "f1-score": 0.5744744578927008,
    "support": 2973696.0
  },
  "inference_time_seconds": 0.03629104094579816
}