{
  "soil": {
    "precision": 0.9464779846313849,
    "recall": 0.9607158098865137,
    "f1-score": 0.9535437522485738,
    "support": 1998743.0,
    "iou": 0.9112122501991858
  },
  "plant": {
    "precision": 0.9169010864802738,
    "recall": 0.8886243747134477,
    "f1-score": 0.9025413068491681,
    "support": 974953.0,
    "iou": 0.822392052185535
  },
  "accuracy": 0.9370799839660813,
  "macro avg": {
    "precision": 0.9316895355558293,
    "recall": 0.9246700922999807,
    "f1-score": 0.928042529548871,
    "support": 2973696.0
  },
  "weighted avg": {
    "precision": 0.9367809323492686,
    "recall": 0.9370799839660813,
    "f1-score": 0.9368221414485839,
    "support": 2973696.0
  }
}