{
  "soil": {
    "precision": 0.9461900022663895,
    "recall": 0.9608258790649924,
    "f1-score": 0.9534517772923911,
    "support": 1998743.0,
    "iou": 0.9110442850169287
  },
  "plant": {
    "precision": 0.917059307060324,
    "recall": 0.8879781897178634,
    "f1-score": 0.9022844841736977,
    "support": 974953.0,
    "iou": 0.8219656834261886
  },
  "accuracy": 0.9369421084065083,
  "macro avg": {
    "precision": 0.9316246546633568,
    "recall": 0.9244020343914279,
    "f1-score": 0.9278681307330443,
    "support": 2973696.0
  },
  "weighted avg": {
    "precision": 0.9366392416361035,
    "recall": 0.9369421084065083,
    "f1-score": 0.9366761196838295,
    "support": 2973696.0
  },
  "inference_time_seconds": 0.4468151589999252
}