{
  "soil": {
    "precision": 0.9749809430410706,
    "recall": 0.976813241569094,
    "f1-score": 0.9758962322456759,
    "support": 13901857.0,
    "iou": 0.952927098770119
  },
  "plant": {
    "precision": 0.9120826099823123,
    "recall": 0.905629258788938,
    "f1-score": 0.9088444788457399,
    "support": 3692511.0,
    "iou": 0.8329192871464688
  },
  "accuracy": 0.9618739360231637,
  "macro avg": {
    "precision": 0.9435317765116915,
    "recall": 0.941221250179016,
    "f1-score": 0.9423703555457079,
    "support": 17594368.0
  },
  "weighted avg": {
    "precision": 0.961780537848845,
    "recall": 0.9618739360231637,
    "f1-score": 0.9618241532145593,
    "support": 17594368.0
  }
}