{
  "soil": {
    "precision": 0.9479329323654975,
    "recall": 0.971932928172424,
    "f1-score": 0.9597829198410002,
    "support": 2047417.0,
    "iou": 0.9226756012257508
  },
  "plant": {
    "precision": 0.9342838061300807,
    "recall": 0.8819988362037787,
    "f1-score": 0.9073887626123092,
    "support": 926279.0,
    "iou": 0.8304772379806128
  },
  "accuracy": 0.9439192842846075,
  "macro avg": {
    "precision": 0.9411083692477891,
    "recall": 0.9269658821881014,
    "f1-score": 0.9335858412266547,
    "support": 2973696.0
  },
  "weighted avg": {
    "precision": 0.9436813548672544,
    "recall": 0.9439192842846075,
    "f1-score": 0.9434626209390161,
    "support": 2973696.0
  }
}