{
  "soil": {
    "precision": 0.8920794339826243,
    "recall": 0.9637066896544478,
    "f1-score": 0.9265107732860025,
    "support": 1998743.0,
    "iou": 0.863083438780375
  },
  "plant": {
    "precision": 0.9109346089292533,
    "recall": 0.7609884784189597,
    "f1-score": 0.8292375973917835,
    "support": 974953.0,
    "iou": 0.7082885438961941
  },
  "accuracy": 0.8972436994232094,
  "macro avg": {
    "precision": 0.9015070214559389,
    "recall": 0.8623475840367038,
    "f1-score": 0.8778741853388929,
    "support": 2973696.0
  },
  "weighted avg": {
    "precision": 0.8982612728053355,
    "recall": 0.8972436994232094,
    "f1-score": 0.8946188870079174,
    "support": 2973696.0
  },
  "inference_time_seconds": 0.01229500299996289
}