{
  "soil": {
    "precision": 0.9432361809902516,
    "recall": 0.66388675282415,
    "f1-score": 0.779283267220412,
    "support": 1998743.0,
    "iou": 0.6383817361510018
  },
  "plant": {
    "precision": 0.5712533393919977,
    "recall": 0.9180934875835041,
    "f1-score": 0.7042872233073877,
    "support": 974953.0,
    "iou": 0.5435519630400842
  },
  "accuracy": 0.7472307189436983,
  "macro avg": {
    "precision": 0.7572447601911247,
    "recall": 0.790990120203827,
    "f1-score": 0.7417852452638998,
    "support": 2973696.0
  },
  "weighted avg": {
    "precision": 0.821278258134404,
    "recall": 0.7472307189436983,
    "f1-score": 0.7546951391800424,
    "support": 2973696.0
  },
  "inference_time_seconds": 2.153872082941234
}