{
  "soil": {
    "precision": 0.943930852742267,
    "recall": 0.6645126461981355,
    "f1-score": 0.7799515359999202,
    "support": 1998743.0,
    "iou": 0.6392791426028704
  },
  "plant": {
    "precision": 0.5719725113812482,
    "recall": 0.9190791761243875,
    "f1-score": 0.7051238115098375,
    "support": 974953.0,
    "iou": 0.5445492146488679
  },
  "accuracy": 0.7479745744016874,
  "macro avg": {
    "precision": 0.7579516820617576,
    "recall": 0.7917959111612616,
    "f1-score": 0.7425376737548788,
    "support": 2973696.0
  },
  "weighted avg": {
    "precision": 0.821980962509725,
    "recall": 0.7479745744016874,
    "f1-score": 0.7554185929974143,
    "support": 2973696.0
  },
  "inference_time_seconds": 1.421589929999982
}