{
  "soil": {
    "precision": 0.9555041803560441,
    "recall": 0.8662011695712207,
    "f1-score": 0.9086637842806379,
    "support": 2047417.0,
    "iou": 0.8326158072942585
  },
  "plant": {
    "precision": 0.7548911360964323,
    "recall": 0.9108400384765282,
    "f1-score": 0.8255654717201759,
    "support": 926279.0,
    "iou": 0.7029472072226698
  },
  "accuracy": 0.8801057673682852,
  "macro avg": {
    "precision": 0.8551976582262382,
    "recall": 0.8885206040238744,
    "f1-score": 0.867114628000407,
    "support": 2973696.0
  },
  "weighted avg": {
    "precision": 0.89301505906599,
    "recall": 0.8801057673682852,
    "f1-score": 0.8827794229134396,
    "support": 2973696.0
  },
  "train_time_seconds": 0.9629426999890711,
  "validation_inference_time_seconds": 1.144417399977101,
  "model_type": "random_forest",
  "n_estimators": 50,
  "max_depth": 10,
  "samples_per_class": 500,
  "feature_mode": "rgb_hsv_exg"
}