{
  "soil": {
    "precision": 0.9434902093586456,
    "recall": 0.8474981525889022,
    "f1-score": 0.8929217256863298,
    "support": 1998743.0,
    "iou": 0.8065569945719455
  },
  "plant": {
    "precision": 0.741313816082043,
    "recall": 0.8959365220682433,
    "f1-score": 0.8113238478753853,
    "support": 974953.0,
    "iou": 0.6825440608236668
  },
  "accuracy": 0.8633791080191116,
  "macro avg": {
    "precision": 0.8424020127203443,
    "recall": 0.8717173373285727,
    "f1-score": 0.8521227867808575,
    "support": 2973696.0
  },
  "weighted avg": {
    "precision": 0.8772048590221608,
    "recall": 0.8633791080191116,
    "f1-score": 0.8661691269790599,
    "support": 2973696.0
  },
  "inference_time_seconds": 1.9686154620000025,
  "model_type": "random_forest",
  "feature_mode": "rgb_hsv_exg"
}