{
  "soil": {
    "precision": 0.7152703075697748,
    "recall": 0.9970221284077042,
    "f1-score": 0.8329655723006765,
    "support": 1998743.0,
    "iou": 0.7137455010155733
  },
  "plant": {
    "precision": 0.9682778248564987,
    "recall": 0.18634436736950397,
    "f1-score": 0.31254053477518146,
    "support": 974953.0,
    "iou": 0.18521365473720697
  },
  "accuracy": 0.7312341274965565,
  "macro avg": {
    "precision": 0.8417740662131368,
    "recall": 0.591683247888604,
    "f1-score": 0.5727530535379289,
    "support": 2973696.0
  },
  "weighted avg": {
    "precision": 0.7982210994466995,
    "recall": 0.7312341274965565,
    "f1-score": 0.6623395393737754,
    "support": 2973696.0
  }
}