{
  "soil": {
    "precision": 0.8052146883360294,
    "recall": 0.998433158965741,
    "f1-score": 0.8914745149654993,
    "support": 13901857.0,
    "iou": 0.8041984843837434
  },
  "plant": {
    "precision": 0.9389237205441964,
    "recall": 0.09068463167746826,
    "f1-score": 0.16539483501092947,
    "support": 3692511.0,
    "iou": 0.09015282316176995
  },
  "accuracy": 0.8079249564406065,
  "macro avg": {
    "precision": 0.8720692044401128,
    "recall": 0.5445588953216046,
    "f1-score": 0.5284346749882144,
    "support": 17594368.0
  },
  "weighted avg": {
    "precision": 0.833276058441964,
    "recall": 0.8079249564406065,
    "f1-score": 0.7390929571221754,
    "support": 17594368.0
  }
}