{
  "soil": {
    "precision": 0.7410858537736277,
    "recall": 0.9971945138679614,
    "f1-score": 0.8502733637737194,
    "support": 2047417.0,
    "iou": 0.7395439376481272
  },
  "plant": {
    "precision": 0.9737382327257099,
    "recall": 0.22992748405178137,
    "f1-score": 0.3720122270742358,
    "support": 926279.0,
    "iou": 0.22851045521408805
  },
  "accuracy": 0.7581978790030992,
  "macro avg": {
    "precision": 0.8574120432496688,
    "recall": 0.6135609989598714,
    "f1-score": 0.6111427954239776,
    "support": 2973696.0
  },
  "weighted avg": {
    "precision": 0.813554933640351,
    "recall": 0.7581978790030992,
    "f1-score": 0.701299411008924,
    "support": 2973696.0
  }
}