{
  "soil": {
    "precision": 0.818955358547446,
    "recall": 0.9979696957032431,
    "f1-score": 0.8996437448557189,
    "support": 13901857.0,
    "iou": 0.8175931573522573
  },
  "plant": {
    "precision": 0.9568242206561495,
    "recall": 0.16939638094510753,
    "f1-score": 0.2878344792296043,
    "support": 3692511.0,
    "iou": 0.16811136291314407
  },
  "accuracy": 0.8240779094764871,
  "macro avg": {
    "precision": 0.8878897896017978,
    "recall": 0.5836830383241753,
    "f1-score": 0.5937391120426616,
    "support": 17594368.0
  },
  "weighted avg": {
    "precision": 0.8478897476595681,
    "recall": 0.8240779094764871,
    "f1-score": 0.7712439953889377,
    "support": 17594368.0
  }
}