{
  "soil": {
    "precision": 0.7000948915597804,
    "recall": 0.9970041170875895,
    "f1-score": 0.8225772163916494,
    "support": 1998743.0,
    "iou": 0.6986251904101641
  },
  "plant": {
    "precision": 0.9529574432983211,
    "recall": 0.12441727960219622,
    "f1-score": 0.22009867161657784,
    "support": 974953.0,
    "iou": 0.12365779389382237
  },
  "accuracy": 0.7109186682162535,
  "macro avg": {
    "precision": 0.8265261674290507,
    "recall": 0.5607106983448928,
    "f1-score": 0.5213379440041136,
    "support": 2973696.0
  },
  "weighted avg": {
    "precision": 0.7829981551768903,
    "recall": 0.7109186682162535,
    "f1-score": 0.6250492025448775,
    "support": 2973696.0
  },
  "inference_time_seconds": 0.47749277599996276
}