{
  "soil": {
    "precision": 0.6967234316233939,
    "recall": 0.9972617790281192,
    "f1-score": 0.8203326033101472,
    "support": 1998743.0,
    "iou": 0.6953931299720589
  },
  "plant": {
    "precision": 0.95147017095836,
    "recall": 0.11005966441459229,
    "f1-score": 0.19729730475145923,
    "support": 974953.0,
    "iou": 0.10944528194886713
  },
  "accuracy": 0.7063845799974173,
  "macro avg": {
    "precision": 0.8240968012908769,
    "recall": 0.5536607217213557,
    "f1-score": 0.5088149540308032,
    "support": 2973696.0
  },
  "weighted avg": {
    "precision": 0.7802444431036673,
    "recall": 0.7063845799974173,
    "f1-score": 0.6160648727029538,
    "support": 2973696.0
  }
}