{
  "soil": {
    "precision": 0.7204529859256443,
    "recall": 0.9979207948356392,
    "f1-score": 0.8367853657987183,
    "support": 2047417.0,
    "iou": 0.7193731416328808
  },
  "plant": {
    "precision": 0.9690979834202006,
    "recall": 0.14412612182722484,
    "f1-score": 0.25093300326962314,
    "support": 926279.0,
    "iou": 0.1434667761376239
  },
  "accuracy": 0.7319715935993457,
  "macro avg": {
    "precision": 0.8447754846729225,
    "recall": 0.571023458331432,
    "f1-score": 0.5438591845341707,
    "support": 2973696.0
  },
  "weighted avg": {
    "precision": 0.7979036196266885,
    "recall": 0.7319715935993457,
    "f1-score": 0.654297734073388,
    "support": 2973696.0
  }
}