{
  "soil": {
    "precision": 0.9450238907114422,
    "recall": 0.856842548440303,
    "f1-score": 0.8987754711002419,
    "support": 2047417.0,
    "iou": 0.8161600541155902
  },
  "plant": {
    "precision": 0.7376745909430193,
    "recall": 0.88982153325294,
    "f1-score": 0.8066363118117249,
    "support": 926279.0,
    "iou": 0.6759350228230366
  },
  "accuracy": 0.8671151994016874,
  "macro avg": {
    "precision": 0.8413492408272307,
    "recall": 0.8733320408466215,
    "f1-score": 0.8527058914559834,
    "support": 2973696.0
  },
  "weighted avg": {
    "precision": 0.8804364876816116,
    "recall": 0.8671151994016874,
    "f1-score": 0.8700749689888598,
    "support": 2973696.0
  },
  "inference_time_seconds": 1.3399348999955691,
  "model_type": "random_forest",
  "feature_mode": "rgb"
}