{
  "soil": {
    "precision": 0.9525032480285223,
    "recall": 0.8622571757487605,
    "f1-score": 0.9051362921251246,
    "support": 2047417.0,
    "iou": 0.8267113848188367
  },
  "plant": {
    "precision": 0.7482584462233902,
    "recall": 0.9049616800121778,
    "f1-score": 0.8191833741094128,
    "support": 926279.0,
    "iou": 0.69374308944166
  },
  "accuracy": 0.8755592367209022,
  "macro avg": {
    "precision": 0.8503808471259562,
    "recall": 0.8836094278804691,
    "f1-score": 0.8621598331172686,
    "support": 2973696.0
  },
  "weighted avg": {
    "precision": 0.8888828676092541,
    "recall": 0.8755592367209022,
    "f1-score": 0.8783627473691457,
    "support": 2973696.0
  },
  "train_time_seconds": 2.4413379819999363,
  "validation_inference_time_seconds": 1.9164181899999448,
  "model_type": "random_forest",
  "n_estimators": 100,
  "max_depth": 15,
  "samples_per_class": 2000,
  "feature_mode": "rgb"
}