{
  "soil": {
    "precision": 0.9414225964552282,
    "recall": 0.8520400071444904,
    "f1-score": 0.8945039770550175,
    "support": 1998743.0,
    "iou": 0.8091426459157279
  },
  "plant": {
    "precision": 0.7460904833943207,
    "recall": 0.8913127094331726,
    "f1-score": 0.8122616752544195,
    "support": 974953.0,
    "iou": 0.6838725823117731
  },
  "accuracy": 0.8649159160855716,
  "macro avg": {
    "precision": 0.8437565399247744,
    "recall": 0.8716763582888315,
    "f1-score": 0.8533828261547185,
    "support": 2973696.0
  },
  "weighted avg": {
    "precision": 0.8773812049931989,
    "recall": 0.8649159160855716,
    "f1-score": 0.8675400981422441,
    "support": 2973696.0
  },
  "inference_time_seconds": 1.947916638000038,
  "model_type": "random_forest",
  "feature_mode": "rgb"
}