{
  "soil": {
    "precision": 0.9299776641786603,
    "recall": 0.8522031096544178,
    "f1-score": 0.8893933420880186,
    "support": 1998743.0,
    "iou": 0.8008175853727912
  },
  "plant": {
    "precision": 0.7413486803798937,
    "recall": 0.8684531459465226,
    "f1-score": 0.799883045465839,
    "support": 974953.0,
    "iou": 0.6665042456435611
  },
  "accuracy": 0.8575308303202479,
  "macro avg": {
    "precision": 0.835663172279277,
    "recall": 0.8603281278004702,
    "f1-score": 0.8446381937769287,
    "support": 2973696.0
  },
  "weighted avg": {
    "precision": 0.8681339539804562,
    "recall": 0.8575308303202479,
    "f1-score": 0.8600465856533716,
    "support": 2973696.0
  },
  "inference_time_seconds": 1.1871644999773707,
  "model_type": "random_forest",
  "feature_mode": "rgb"
}