{
  "soil": {
    "precision": 0.9432212343463929,
    "recall": 0.9530855958501528,
    "f1-score": 0.9481277584834447,
    "support": 1998917.0,
    "iou": 0.9013715934897805
  },
  "plant": {
    "precision": 0.9016872249374656,
    "recall": 0.882349742864793,
    "f1-score": 0.8919136827620106,
    "support": 974779.0,
    "iou": 0.8049135422817875
  },
  "accuracy": 0.9298983487215909,
  "macro avg": {
    "precision": 0.9224542296419292,
    "recall": 0.9177176693574729,
    "f1-score": 0.9200207206227276,
    "support": 2973696.0
  },
  "weighted avg": {
    "precision": 0.9296063657930422,
    "recall": 0.9298983487215909,
    "f1-score": 0.9297007570288024,
    "support": 2973696.0
  }
}