{
  "soil": {
    "precision": 0.9418433079703489,
    "recall": 0.966404501735231,
    "f1-score": 0.9539658404137564,
    "support": 2047566.0,
    "iou": 0.9119834487920503
  },
  "plant": {
    "precision": 0.921179878405104,
    "recall": 0.8680692775312321,
    "f1-score": 0.8938363322630283,
    "support": 926130.0,
    "iou": 0.8080507056353331
  },
  "accuracy": 0.9357789094783058,
  "macro avg": {
    "precision": 0.9315115931877265,
    "recall": 0.9172368896332315,
    "f1-score": 0.9239010863383923,
    "support": 2973696.0
  },
  "weighted avg": {
    "precision": 0.935407874750793,
    "recall": 0.9357789094783058,
    "f1-score": 0.9352390635732071,
    "support": 2973696.0
  }
}