{
  "soil": {
    "precision": 0.9617364333927592,
    "recall": 0.9710207717929747,
    "f1-score": 0.9663563031184947,
    "support": 13901785.0,
    "iou": 0.934902719412873
  },
  "plant": {
    "precision": 0.8867846848241854,
    "recall": 0.854555198894649,
    "f1-score": 0.8703716830952913,
    "support": 3692583.0,
    "iou": 0.770493860741907
  },
  "accuracy": 0.9465777912568385,
  "macro avg": {
    "precision": 0.9242605591084723,
    "recall": 0.9127879853438119,
    "f1-score": 0.918363993106893,
    "support": 17594368.0
  },
  "weighted avg": {
    "precision": 0.9460060841932544,
    "recall": 0.9465777912568385,
    "f1-score": 0.9462117218434447,
    "support": 17594368.0
  }
}