{
  "soil": {
    "precision": 0.9436935352680734,
    "recall": 0.9530510771582812,
    "f1-score": 0.9483492236142725,
    "support": 1998917.0,
    "iou": 0.9017719997065207
  },
  "plant": {
    "precision": 0.9017265680794339,
    "recall": 0.8833910045251283,
    "f1-score": 0.8924646208265686,
    "support": 974779.0,
    "iou": 0.8058113877072053
  },
  "accuracy": 0.9302164713541666,
  "macro avg": {
    "precision": 0.9227100516737536,
    "recall": 0.9182210408417047,
    "f1-score": 0.9204069222204205,
    "support": 2973696.0
  },
  "weighted avg": {
    "precision": 0.9299367429432444,
    "recall": 0.9302164713541666,
    "f1-score": 0.930030223548094,
    "support": 2973696.0
  },
  "inference_time_seconds": 0.44455348399992545
}