{
  "soil": {
    "precision": 0.8922379077544967,
    "recall": 0.9636681593174624,
    "f1-score": 0.9265784271027999,
    "support": 1999128.0,
    "iou": 0.8632008620824848
  },
  "plant": {
    "precision": 0.9108287918204888,
    "recall": 0.7612511389661881,
    "f1-score": 0.8293496529802006,
    "support": 974568.0,
    "iou": 0.7084520626432391
  },
  "accuracy": 0.897330123859332,
  "macro avg": {
    "precision": 0.9015333497874928,
    "recall": 0.8624596491418253,
    "f1-score": 0.8779640400415003,
    "support": 2973696.0
  },
  "weighted avg": {
    "precision": 0.8983306894989742,
    "recall": 0.897330123859332,
    "f1-score": 0.8947136864100347,
    "support": 2973696.0
  },
  "inference_time_seconds": 0.006764500052668154
}