{
  "soil": {
    "precision": 0.730436818746762,
    "recall": 0.5727784912817706,
    "f1-score": 0.6420711847058741,
    "support": 1998743.0,
    "iou": 0.47283125409398
  },
  "plant": {
    "precision": 0.3928271770324041,
    "recall": 0.5666509052231236,
    "f1-score": 0.46399366401029346,
    "support": 974953.0,
    "iou": 0.3020779622704648
  },
  "accuracy": 0.5707695070377066,
  "macro avg": {
    "precision": 0.5616319978895831,
    "recall": 0.569714698252447,
    "f1-score": 0.5530324243580838,
    "support": 2973696.0
  },
  "weighted avg": {
    "precision": 0.6197484588678981,
    "recall": 0.5707695070377066,
    "f1-score": 0.5836868666603449,
    "support": 2973696.0
  },
  "inference_time_seconds": 3.174000841999998
}