{
  "soil": {
    "precision": 0.7319575463468453,
    "recall": 0.5772232848345185,
    "f1-score": 0.6454462656323602,
    "support": 1998743.0,
    "iou": 0.4765010418236974
  },
  "plant": {
    "precision": 0.3953257392039832,
    "recall": 0.5666539822945311,
    "f1-score": 0.46573311145168933,
    "support": 974953.0,
    "iou": 0.30355416970013327
  },
  "accuracy": 0.5737580438619146,
  "macro avg": {
    "precision": 0.5636416427754143,
    "recall": 0.5719386335645248,
    "f1-score": 0.5555896885420247,
    "support": 2973696.0
  },
  "weighted avg": {
    "precision": 0.6215897783337885,
    "recall": 0.5737580438619146,
    "f1-score": 0.5865256904263177,
    "support": 2973696.0
  },
  "inference_time_seconds": 3.465372583945282
}