{
  "soil": {
    "precision": 0.6937901348730473,
    "recall": 0.5938392279547696,
    "f1-score": 0.6399353881629971,
    "support": 1998743.0,
    "iou": 0.470518372872487
  },
  "plant": {
    "precision": 0.35718606827766525,
    "recall": 0.4626797394335932,
    "f1-score": 0.4031458695938745,
    "support": 974953.0,
    "iou": 0.25246255241318943
  },
  "accuracy": 0.550837409069387,
  "macro avg": {
    "precision": 0.5254881015753563,
    "recall": 0.5282594836941814,
    "f1-score": 0.5215406288784358,
    "support": 2973696.0
  },
  "weighted avg": {
    "precision": 0.5834314618481761,
    "recall": 0.550837409069387,
    "f1-score": 0.5623018131447296,
    "support": 2973696.0
  },
  "inference_time_seconds": 0.04939598700002534
}