{
  "soil": {
    "precision": 0.6932884274648197,
    "recall": 0.5921891909064847,
    "f1-score": 0.6387632224128431,
    "support": 1998743.0,
    "iou": 0.46925210435841647
  },
  "plant": {
    "precision": 0.3563680640166264,
    "recall": 0.46290641702728236,
    "f1-score": 0.40271012334398454,
    "support": 974953.0,
    "iou": 0.2521208762601519
  },
  "accuracy": 0.5498026698088843,
  "macro avg": {
    "precision": 0.5248282457407231,
    "recall": 0.5275478039668835,
    "f1-score": 0.5207366728784139,
    "support": 2973696.0
  },
  "weighted avg": {
    "precision": 0.582826053669749,
    "recall": 0.5498026698088843,
    "f1-score": 0.5613710891562893,
    "support": 2973696.0
  },
  "inference_time_seconds": 0.0376600829185918
}