{
  "soil": {
    "precision": 0.7065116317525761,
    "recall": 0.6412850476524495,
    "f1-score": 0.6723200203096913,
    "support": 1998743.0,
    "iou": 0.5063871042677882
  },
  "plant": {
    "precision": 0.38163799148067107,
    "recall": 0.45387008399379253,
    "f1-score": 0.4146317009567876,
    "support": 974953.0,
    "iou": 0.26153651565192926
  },
  "accuracy": 0.5798393648846418,
  "macro avg": {
    "precision": 0.5440748116166236,
    "recall": 0.547577565823121,
    "f1-score": 0.5434758606332395,
    "support": 2973696.0
  },
  "weighted avg": {
    "precision": 0.5999988845840645,
    "recall": 0.5798393648846418,
    "f1-score": 0.5878345853432148,
    "support": 2973696.0
  },
  "inference_time_seconds": 0.032542363000061414
}