{
  "soil": {
    "precision": 0.8934364805457609,
    "recall": 0.9605099718280394,
    "f1-score": 0.9257599081789735,
    "support": 1988502.0,
    "iou": 0.8617811932615985
  },
  "plant": {
    "precision": 0.9060592647533825,
    "recall": 0.768766354646902,
    "f1-score": 0.8317855542571978,
    "support": 985194.0,
    "iou": 0.7120144398901966
  },
  "accuracy": 0.8969847623966942,
  "macro avg": {
    "precision": 0.8997478726495717,
    "recall": 0.8646381632374707,
    "f1-score": 0.8787727312180856,
    "support": 2973696.0
  },
  "weighted avg": {
    "precision": 0.8976184450991798,
    "recall": 0.8969847623966942,
    "f1-score": 0.8946259356284472,
    "support": 2973696.0
  },
  "inference_time_seconds": 0.006836959044449031
}