{
  "soil": {
    "precision": 0.6989392445277568,
    "recall": 0.6943313872769036,
    "f1-score": 0.6966276962956437,
    "support": 1998743.0,
    "iou": 0.5344809724095991
  },
  "plant": {
    "precision": 0.38170787244593324,
    "recall": 0.38686685409450505,
    "f1-score": 0.38427004869381476,
    "support": 974953.0,
    "iou": 0.23783061543370163
  },
  "accuracy": 0.5935263725680097,
  "macro avg": {
    "precision": 0.540323558486845,
    "recall": 0.5405991206857044,
    "f1-score": 0.5404488724947292,
    "support": 2973696.0
  },
  "weighted avg": {
    "precision": 0.5949320837738364,
    "recall": 0.5935263725680097,
    "f1-score": 0.5942184299811496,
    "support": 2973696.0
  },
  "inference_time_seconds": 0.03660515399997166
}