{
  "soil": {
    "precision": 0.8924712826120184,
    "recall": 0.9598461562584247,
    "f1-score": 0.9249333966304982,
    "support": 1977071.0,
    "iou": 0.8603498552848241
  },
  "plant": {
    "precision": 0.906313763392894,
    "recall": 0.7705847234416154,
    "f1-score": 0.8329562537012011,
    "support": 996625.0,
    "iou": 0.7137318171172812
  },
  "accuracy": 0.8964157735020661,
  "macro avg": {
    "precision": 0.8993925230024562,
    "recall": 0.86521543985002,
    "f1-score": 0.8789448251658496,
    "support": 2973696.0
  },
  "weighted avg": {
    "precision": 0.8971105471529265,
    "recall": 0.8964157735020661,
    "f1-score": 0.8941075421813849,
    "support": 2973696.0
  },
  "inference_time_seconds": 0.007461708039045334
}