{
  "soil": {
    "precision": 0.9503916449086162,
    "recall": 0.8998509146077902,
    "f1-score": 0.9244310012306115,
    "support": 1978061.0,
    "iou": 0.8594808908478196
  },
  "plant": {
    "precision": 0.8200433129304722,
    "recall": 0.9066826698539123,
    "f1-score": 0.8611894044296555,
    "support": 995635.0,
    "iou": 0.7562182928218635
  },
  "accuracy": 0.902138281788051,
  "macro avg": {
    "precision": 0.8852174789195442,
    "recall": 0.9032667922308513,
    "f1-score": 0.8928102028301335,
    "support": 2973696.0
  },
  "weighted avg": {
    "precision": 0.906749200788888,
    "recall": 0.902138281788051,
    "f1-score": 0.9032568303567494,
    "support": 2973696.0
  },
  "inference_time_seconds": 0.02493104300003779
}