{
  "soil": {
    "precision": 0.6786369343295486,
    "recall": 0.9986986821217135,
    "f1-score": 0.8081314261816765,
    "support": 1998743.0,
    "iou": 0.6780373641304348
  },
  "plant": {
    "precision": 0.9194662042914202,
    "recall": 0.030458904172816537,
    "f1-score": 0.05896450732191611,
    "support": 974953.0,
    "iou": 0.03037786147875207
  },
  "accuracy": 0.6812525557420799,
  "macro avg": {
    "precision": 0.7990515693104845,
    "recall": 0.5145787931472651,
    "f1-score": 0.43354796675179635,
    "support": 2973696.0
  },
  "weighted avg": {
    "precision": 0.7575949782039516,
    "recall": 0.6812525557420799,
    "f1-score": 0.562510308541178,
    "support": 2973696.0
  },
  "inference_time_seconds": 0.44661540200013405
}