{
  "soil": {
    "precision": 0.6989659096463938,
    "recall": 0.9986905452089144,
    "f1-score": 0.8223697361038773,
    "support": 2047417.0,
    "iou": 0.6983259188525894
  },
  "plant": {
    "precision": 0.9445191730645862,
    "recall": 0.0492745706207309,
    "f1-score": 0.09366284903991579,
    "support": 926279.0,
    "iou": 0.049132363072683434
  },
  "accuracy": 0.7029561865099863,
  "macro avg": {
    "precision": 0.82174254135549,
    "recall": 0.5239825579148226,
    "f1-score": 0.4580162925718966,
    "support": 2973696.0
  },
  "weighted avg": {
    "precision": 0.7754534965704573,
    "recall": 0.7029561865099863,
    "f1-score": 0.5953842316532814,
    "support": 2973696.0
  }
}