{
  "soil": {
    "precision": 0.7951322242571777,
    "recall": 0.9988537502579692,
    "f1-score": 0.8854258789452278,
    "support": 13901857.0,
    "iou": 0.7944073545394262
  },
  "plant": {
    "precision": 0.8780833027298323,
    "recall": 0.0310815594049686,
    "f1-score": 0.0600379523516203,
    "support": 3692511.0,
    "iou": 0.03094800355728518
  },
  "accuracy": 0.7957484463210045,
  "macro avg": {
    "precision": 0.836607763493505,
    "recall": 0.5149676548314689,
    "f1-score": 0.4727319156484241,
    "support": 17594368.0
  },
  "weighted avg": {
    "precision": 0.812541077460779,
    "recall": 0.7957484463210045,
    "f1-score": 0.7122026066904876,
    "support": 17594368.0
  }
}