{
  "soil": {
    "precision": 0.6791058693488953,
    "recall": 0.9983874865352874,
    "f1-score": 0.8083618329841135,
    "support": 1998743.0,
    "iou": 0.6783618176719046
  },
  "plant": {
    "precision": 0.9085518102372035,
    "recall": 0.03284363451366373,
    "f1-score": 0.0633955555203589,
    "support": 974953.0,
    "iou": 0.03273541775713164
  },
  "accuracy": 0.6818252437370868,
  "macro avg": {
    "precision": 0.7938288397930494,
    "recall": 0.5156155605244755,
    "f1-score": 0.4358786942522362,
    "support": 2973696.0
  },
  "weighted avg": {
    "precision": 0.7543317863245642,
    "recall": 0.6818252437370868,
    "f1-score": 0.5641179334354979,
    "support": 2973696.0
  }
}