{
  "soil": {
    "precision": 0.9433379530188456,
    "recall": 0.946296919782062,
    "f1-score": 0.9448151196872009,
    "support": 1998917.0,
    "iou": 0.8954024430364468
  },
  "plant": {
    "precision": 0.889161587553652,
    "recall": 0.8834422982029773,
    "f1-score": 0.8862927162623347,
    "support": 974779.0,
    "iou": 0.7958040045207263
  },
  "accuracy": 0.9256931441546143,
  "macro avg": {
    "precision": 0.9162497702862489,
    "recall": 0.9148696089925197,
    "f1-score": 0.9155539179747678,
    "support": 2973696.0
  },
  "weighted avg": {
    "precision": 0.9255789139806266,
    "recall": 0.9256931441546143,
    "f1-score": 0.9256314472848814,
    "support": 2973696.0
  }
}