{
  "soil": {
    "precision": 0.9433188971163385,
    "recall": 0.9441862768689245,
    "f1-score": 0.9437523876957911,
    "support": 1998917.0,
    "iou": 0.8934954045832028
  },
  "plant": {
    "precision": 0.885330148487935,
    "recall": 0.8836608092706142,
    "f1-score": 0.8844946912287187,
    "support": 974779.0,
    "iou": 0.7929094413750315
  },
  "accuracy": 0.9243459990530303,
  "macro avg": {
    "precision": 0.9143245228021368,
    "recall": 0.9139235430697694,
    "f1-score": 0.9141235394622549,
    "support": 2973696.0
  },
  "weighted avg": {
    "precision": 0.9243101570167296,
    "recall": 0.9243459990530303,
    "f1-score": 0.9243276858754044,
    "support": 2973696.0
  },
  "inference_time_seconds": 0.3171676160000061
}