{
  "soil": {
    "precision": 0.9482388480379109,
    "recall": 0.9569230002842399,
    "f1-score": 0.9525611320105283,
    "support": 2047566.0,
    "iou": 0.9094193094427949
  },
  "plant": {
    "precision": 0.9027935435948414,
    "recall": 0.8845140531026962,
    "f1-score": 0.8935603226165362,
    "support": 926130.0,
    "iou": 0.8075996738743588
  },
  "accuracy": 0.9343719062069559,
  "macro avg": {
    "precision": 0.9255161958163762,
    "recall": 0.9207185266934681,
    "f1-score": 0.9230607273135323,
    "support": 2973696.0
  },
  "weighted avg": {
    "precision": 0.9340853300576398,
    "recall": 0.9343719062069559,
    "f1-score": 0.9341858779145958,
    "support": 2973696.0
  }
}