{
  "soil": {
    "precision": 0.9510597439088745,
    "recall": 0.9708860408933098,
    "f1-score": 0.9608706309181659,
    "support": 13901785.0,
    "iou": 0.9246881663706447
  },
  "plant": {
    "precision": 0.8810572182325094,
    "recall": 0.8119094411689595,
    "f1-score": 0.8450711887568245,
    "support": 3692583.0,
    "iou": 0.7317084659505398
  },
  "accuracy": 0.9375211431294378,
  "macro avg": {
    "precision": 0.916058481070692,
    "recall": 0.8913977410311347,
    "f1-score": 0.9029709098374952,
    "support": 17594368.0
  },
  "weighted avg": {
    "precision": 0.9363681030230178,
    "recall": 0.9375211431294378,
    "f1-score": 0.9365674532459443,
    "support": 17594368.0
  }
}