{
  "soil": {
    "precision": 0.9517725395024025,
    "recall": 0.9453516535142337,
    "f1-score": 0.9485512306469726,
    "support": 1998743.0,
    "iou": 0.902137373017832
  },
  "plant": {
    "precision": 0.8894942216853476,
    "recall": 0.9017962917186777,
    "f1-score": 0.8956030131558173,
    "support": 974953.0,
    "iou": 0.8109430067488731
  },
  "accuracy": 0.9310716361053719,
  "macro avg": {
    "precision": 0.9206333805938751,
    "recall": 0.9235739726164557,
    "f1-score": 0.9220771219013949,
    "support": 2973696.0
  },
  "weighted avg": {
    "precision": 0.9313540324355432,
    "recall": 0.9310716361053719,
    "f1-score": 0.9311916809527018,
    "support": 2973696.0
  },
  "inference_time_seconds": 0.4451531790000445
}