{
  "soil": {
    "precision": 0.9528816019993473,
    "recall": 0.9597956840252865,
    "f1-score": 0.9563261462543403,
    "support": 2047417.0,
    "iou": 0.9163074679145832
  },
  "plant": {
    "precision": 0.909685184595956,
    "recall": 0.895095322251719,
    "f1-score": 0.902331281132632,
    "support": 926279.0,
    "iou": 0.8220433593695778
  },
  "accuracy": 0.9396421154011708,
  "macro avg": {
    "precision": 0.9312833932976516,
    "recall": 0.9274455031385027,
    "f1-score": 0.9293287136934861,
    "support": 2973696.0
  },
  "weighted avg": {
    "precision": 0.9394263146007713,
    "recall": 0.9396421154011708,
    "f1-score": 0.9395072415411245,
    "support": 2973696.0
  }
}