{
  "soil": {
    "precision": 0.9514175765502408,
    "recall": 0.94590350034997,
    "f1-score": 0.9486525258272782,
    "support": 1998743.0,
    "iou": 0.9023206400659768
  },
  "plant": {
    "precision": 0.8903994477652637,
    "recall": 0.90097881641474,
    "f1-score": 0.8956578927244084,
    "support": 974953.0,
    "iou": 0.8110330003933235
  },
  "accuracy": 0.9311745383522727,
  "macro avg": {
    "precision": 0.9209085121577523,
    "recall": 0.923441158382355,
    "f1-score": 0.9221552092758434,
    "support": 2973696.0
  },
  "weighted avg": {
    "precision": 0.9314122338005786,
    "recall": 0.9311745383522727,
    "f1-score": 0.9312777583569174,
    "support": 2973696.0
  }
}