{
  "soil": {
    "precision": 0.9743078743247552,
    "recall": 0.9677657452525946,
    "f1-score": 0.9710257907798265,
    "support": 13901857.0,
    "iou": 0.9436833130304946
  },
  "plant": {
    "precision": 0.8816341980164597,
    "recall": 0.9039217486420488,
    "f1-score": 0.8926388752198341,
    "support": 3692511.0,
    "iou": 0.8060955502632814
  },
  "accuracy": 0.9543668746726225,
  "macro avg": {
    "precision": 0.9279710361706075,
    "recall": 0.9358437469473218,
    "f1-score": 0.9318323329998304,
    "support": 17594368.0
  },
  "weighted avg": {
    "precision": 0.9548585500194535,
    "recall": 0.9543668746726225,
    "f1-score": 0.9545748135147528,
    "support": 17594368.0
  }
}