{
  "soil": {
    "precision": 0.9409648748647083,
    "recall": 0.6847625022686358,
    "f1-score": 0.7926759078086216,
    "support": 1978061.0,
    "iou": 0.6565560257891142
  },
  "plant": {
    "precision": 0.5935645222895893,
    "recall": 0.9146474360583949,
    "f1-score": 0.7199283435493581,
    "support": 995635.0,
    "iou": 0.5624125336432818
  },
  "accuracy": 0.7617311924285468,
  "macro avg": {
    "precision": 0.7672646985771487,
    "recall": 0.7997049691635154,
    "f1-score": 0.7563021256789899,
    "support": 2973696.0
  },
  "weighted avg": {
    "precision": 0.8246503793560455,
    "recall": 0.7617311924285468,
    "f1-score": 0.7683190061141405,
    "support": 2973696.0
  },
  "inference_time_seconds": 2.16790766606573
}