{
  "soil": {
    "precision": 0.9420032484661175,
    "recall": 0.6878478469571969,
    "f1-score": 0.7951093300530178,
    "support": 1978061.0,
    "iou": 0.6599016407754277
  },
  "plant": {
    "precision": 0.5962550725092557,
    "recall": 0.9158637452480075,
    "f1-score": 0.7222823992646211,
    "support": 995635.0,
    "iou": 0.5652911088091125
  },
  "accuracy": 0.7641907578985881,
  "macro avg": {
    "precision": 0.7691291604876866,
    "recall": 0.8018557961026023,
    "f1-score": 0.7586958646588194,
    "support": 2973696.0
  },
  "weighted avg": {
    "precision": 0.8262419247905266,
    "recall": 0.7641907578985881,
    "f1-score": 0.7707258553348538,
    "support": 2973696.0
  },
  "inference_time_seconds": 1.4521355859999403
}