{
  "soil": {
    "precision": 0.9613308152487362,
    "recall": 0.2126526521919026,
    "f1-score": 0.34826648443715746,
    "support": 1998743.0,
    "iou": 0.21084907532343836
  },
  "plant": {
    "precision": 0.37836575930818966,
    "recall": 0.9824637700484024,
    "f1-score": 0.5463294884891376,
    "support": 974953.0,
    "iou": 0.3758275924035316
  },
  "accuracy": 0.4650421562930441,
  "macro avg": {
    "precision": 0.6698482872784629,
    "recall": 0.5975582111201525,
    "f1-score": 0.44729798646314756,
    "support": 2973696.0
  },
  "weighted avg": {
    "precision": 0.7702004743583413,
    "recall": 0.4650421562930441,
    "f1-score": 0.4132032230915089,
    "support": 2973696.0
  },
  "inference_time_seconds": 0.06167083291802555
}