{
  "soil": {
    "precision": 0.9748005566528624,
    "recall": 0.9719148312344171,
    "f1-score": 0.97335555510731,
    "support": 13901857.0,
    "iou": 0.9480941137406631
  },
  "plant": {
    "precision": 0.8954282186537892,
    "recall": 0.9054080001386591,
    "f1-score": 0.9003904566764914,
    "support": 3692511.0,
    "iou": 0.8188274302850368
  },
  "accuracy": 0.9579571144584449,
  "macro avg": {
    "precision": 0.9351143876533258,
    "recall": 0.938661415686538,
    "f1-score": 0.9368730058919007,
    "support": 17594368.0
  },
  "weighted avg": {
    "precision": 0.9581427698453285,
    "recall": 0.9579571144584449,
    "f1-score": 0.958042448744417,
    "support": 17594368.0
  }
}