{
  "soil": {
    "precision": 0.9582898632454533,
    "recall": 0.9521994573589501,
    "f1-score": 0.955234952568308,
    "support": 1998743.0,
    "iou": 0.9143060010636146
  },
  "plant": {
    "precision": 0.9032649019496667,
    "recall": 0.9150338529139354,
    "f1-score": 0.9091112901245231,
    "support": 974953.0,
    "iou": 0.83336758543252
  },
  "accuracy": 0.9400143794120179,
  "macro avg": {
    "precision": 0.93077738259756,
    "recall": 0.9336166551364427,
    "f1-score": 0.9321731213464155,
    "support": 2973696.0
  },
  "weighted avg": {
    "precision": 0.9402494344019496,
    "recall": 0.9400143794120179,
    "f1-score": 0.94011289467451,
    "support": 2973696.0
  },
  "inference_time_seconds": 0.4799640520000139
}