{
  "soil": {
    "precision": 0.959101051898456,
    "recall": 0.9631648071692284,
    "f1-score": 0.9611286340544154,
    "support": 2047417.0,
    "iou": 0.9251661616254024
  },
  "plant": {
    "precision": 0.9178109511292453,
    "recall": 0.909215258037805,
    "f1-score": 0.9134928843099047,
    "support": 926279.0,
    "iou": 0.8407610692265917
  },
  "accuracy": 0.9463600179709022,
  "macro avg": {
    "precision": 0.9384560015138506,
    "recall": 0.9361900326035166,
    "f1-score": 0.9373107591821601,
    "support": 2973696.0
  },
  "weighted avg": {
    "precision": 0.9462395646279333,
    "recall": 0.9463600179709022,
    "f1-score": 0.9462905353928187,
    "support": 2973696.0
  }
}