{
  "soil": {
    "precision": 0.9762358723731505,
    "recall": 0.9753212826171352,
    "f1-score": 0.9757783631856568,
    "support": 13901857.0,
    "iou": 0.9527023528038712
  },
  "plant": {
    "precision": 0.9074141790591642,
    "recall": 0.9106147551083802,
    "f1-score": 0.9090116498329424,
    "support": 3692511.0,
    "iou": 0.8332001434238504
  },
  "accuracy": 0.9617413936095914,
  "macro avg": {
    "precision": 0.9418250257161573,
    "recall": 0.9429680188627577,
    "f1-score": 0.9423950065092996,
    "support": 17594368.0
  },
  "weighted avg": {
    "precision": 0.9617923379648375,
    "recall": 0.9617413936095914,
    "f1-score": 0.9617661052012413,
    "support": 17594368.0
  }
}