{
  "soil": {
    "precision": 0.9610404162642968,
    "recall": 0.9440313236869372,
    "f1-score": 0.9524599386539145,
    "support": 1998743.0,
    "iou": 0.909234857739003
  },
  "plant": {
    "precision": 0.8892765517732855,
    "recall": 0.9215428846313617,
    "f1-score": 0.9051222471781073,
    "support": 974953.0,
    "iou": 0.826687952006772
  },
  "accuracy": 0.9366582865228994,
  "macro avg": {
    "precision": 0.9251584840187912,
    "recall": 0.9327871041591494,
    "f1-score": 0.9287910929160109,
    "support": 2973696.0
  },
  "weighted avg": {
    "precision": 0.9375119873404576,
    "recall": 0.9366582865228994,
    "f1-score": 0.9369398504144266,
    "support": 2973696.0
  }
}