{
  "soil": {
    "precision": 0.9612748879110439,
    "recall": 0.9586869699724091,
    "f1-score": 0.9599791848135216,
    "support": 2047417.0,
    "iou": 0.9230384342272947
  },
  "plant": {
    "precision": 0.9092232056330228,
    "recall": 0.9146337118729886,
    "f1-score": 0.9119204335681648,
    "support": 926279.0,
    "iou": 0.8381008721252314
  },
  "accuracy": 0.9449647845643939,
  "macro avg": {
    "precision": 0.9352490467720334,
    "recall": 0.9366603409226988,
    "f1-score": 0.9359498091908431,
    "support": 2973696.0
  },
  "weighted avg": {
    "precision": 0.9450612668116434,
    "recall": 0.9449647845643939,
    "f1-score": 0.9450093250683433,
    "support": 2973696.0
  }
}