{
  "soil": {
    "precision": 0.9578395402366168,
    "recall": 0.9491790590386058,
    "f1-score": 0.9534896344034574,
    "support": 1998743.0,
    "iou": 0.9111134163109215
  },
  "plant": {
    "precision": 0.8977085169054153,
    "recall": 0.914348691680522,
    "f1-score": 0.9059522006851702,
    "support": 974953.0,
    "iou": 0.828073692257817
  },
  "accuracy": 0.9377596095902204,
  "macro avg": {
    "precision": 0.9277740285710161,
    "recall": 0.9317638753595638,
    "f1-score": 0.9297209175443137,
    "support": 2973696.0
  },
  "weighted avg": {
    "precision": 0.9381250429948593,
    "recall": 0.9377596095902204,
    "f1-score": 0.9379040588718814,
    "support": 2973696.0
  }
}