{
  "soil": {
    "precision": 0.726675704207612,
    "recall": 0.6205910414695637,
    "f1-score": 0.6694567850528524,
    "support": 1998743.0,
    "iou": 0.5031454653499885
  },
  "plant": {
    "precision": 0.4013453410402434,
    "recall": 0.5214620602223902,
    "f1-score": 0.45358623719997593,
    "support": 974953.0,
    "iou": 0.29331492522330316
  },
  "accuracy": 0.5880907127023072,
  "macro avg": {
    "precision": 0.5640105226239277,
    "recall": 0.5710265508459769,
    "f1-score": 0.5615215111264142,
    "support": 2973696.0
  },
  "weighted avg": {
    "precision": 0.6200132163268349,
    "recall": 0.5880907127023072,
    "f1-score": 0.5986816828767034,
    "support": 2973696.0
  },
  "inference_time_seconds": 1.5996190409641713
}