{
  "soil": {
    "precision": 0.7234111524163569,
    "recall": 0.6084999422136813,
    "f1-score": 0.6609985399428749,
    "support": 1998743.0,
    "iou": 0.493650350399674
  },
  "plant": {
    "precision": 0.39455265442424675,
    "recall": 0.5230385464735223,
    "f1-score": 0.44979996903941477,
    "support": 974953.0,
    "iou": 0.29015608312218594
  },
  "accuracy": 0.5804806543775827,
  "macro avg": {
    "precision": 0.5589819034203019,
    "recall": 0.5657692443436018,
    "f1-score": 0.5553992544911448,
    "support": 2973696.0
  },
  "weighted avg": {
    "precision": 0.6155919337763541,
    "recall": 0.5804806543775827,
    "f1-score": 0.5917551874623117,
    "support": 2973696.0
  },
  "inference_time_seconds": 0.8512185530000806
}