{
  "soil": {
    "precision": 0.6955484456319415,
    "recall": 0.6541414041276211,
    "f1-score": 0.6742097629992775,
    "support": 1977071.0,
    "iou": 0.5085342644583903
  },
  "plant": {
    "precision": 0.38636553315331373,
    "recall": 0.43199397968142483,
    "f1-score": 0.40790772676541537,
    "support": 996625.0,
    "iou": 0.2562085964632483
  },
  "accuracy": 0.5796893831783747,
  "macro avg": {
    "precision": 0.5409569893926276,
    "recall": 0.543067691904523,
    "f1-score": 0.5410587448823464,
    "support": 2973696.0
  },
  "weighted avg": {
    "precision": 0.5919267505598789,
    "recall": 0.5796893831783747,
    "f1-score": 0.5849594607284425,
    "support": 2973696.0
  },
  "inference_time_seconds": 0.031409005000000434
}