{
  "soil": {
    "precision": 0.9155624797936984,
    "recall": 0.7197603693921629,
    "f1-score": 0.8059394375685393,
    "support": 1998743.0,
    "iou": 0.6749569183722206
  },
  "plant": {
    "precision": 0.6005951209494553,
    "recall": 0.8639154913108632,
    "f1-score": 0.7085826823653326,
    "support": 974953.0,
    "iou": 0.5486860619641973
  },
  "accuracy": 0.7670229236613292,
  "macro avg": {
    "precision": 0.7580788003715768,
    "recall": 0.7918379303515131,
    "f1-score": 0.7572610599669359,
    "support": 2973696.0
  },
  "weighted avg": {
    "precision": 0.8122975961582256,
    "recall": 0.7670229236613292,
    "f1-score": 0.7740201490617006,
    "support": 2973696.0
  },
  "inference_time_seconds": 1.3739435779999667
}