{
  "soil": {
    "precision": 0.9177372624973988,
    "recall": 0.7171232119387034,
    "f1-score": 0.8051215424055937,
    "support": 1998743.0,
    "iou": 0.6738104091578551
  },
  "plant": {
    "precision": 0.599539901308264,
    "recall": 0.8682192885195491,
    "f1-score": 0.7092881586576975,
    "support": 974953.0,
    "iou": 0.5495325416090229
  },
  "accuracy": 0.7666614206697658,
  "macro avg": {
    "precision": 0.7586385819028314,
    "recall": 0.7926712502291262,
    "f1-score": 0.7572048505316455,
    "support": 2973696.0
  },
  "weighted avg": {
    "precision": 0.8134133935197257,
    "recall": 0.7666614206697658,
    "f1-score": 0.7737017049423284,
    "support": 2973696.0
  },
  "inference_time_seconds": 2.123593083000742
}