{
  "soil": {
    "precision": 0.9434792250527291,
    "recall": 0.9517089093233083,
    "f1-score": 0.9475761988555917,
    "support": 2047417.0,
    "iou": 0.9003751129774858
  },
  "plant": {
    "precision": 0.8911604764316066,
    "recall": 0.8739785744899755,
    "f1-score": 0.8824859009570507,
    "support": 926279.0,
    "iou": 0.7896865925117373
  },
  "accuracy": 0.9274966237301997,
  "macro avg": {
    "precision": 0.9173198507421678,
    "recall": 0.912843741906642,
    "f1-score": 0.9150310499063212,
    "support": 2973696.0
  },
  "weighted avg": {
    "precision": 0.9271824152396128,
    "recall": 0.9274966237301997,
    "f1-score": 0.9273011687088778,
    "support": 2973696.0
  }
}