{
  "soil": {
    "precision": 0.9393555178465883,
    "recall": 0.9366762009923236,
    "f1-score": 0.9380139461418889,
    "support": 1998743.0,
    "iou": 0.8832639023216535
  },
  "plant": {
    "precision": 0.8709351106506474,
    "recall": 0.8760278700614286,
    "f1-score": 0.8734740671310749,
    "support": 974953.0,
    "iou": 0.7753696933603627
  },
  "accuracy": 0.9167920997976928,
  "macro avg": {
    "precision": 0.9051453142486179,
    "recall": 0.9063520355268762,
    "f1-score": 0.9057440066364819,
    "support": 2973696.0
  },
  "weighted avg": {
    "precision": 0.9169232714915796,
    "recall": 0.9167920997976928,
    "f1-score": 0.9168539658812199,
    "support": 2973696.0
  },
  "inference_time_seconds": 0.39374880800005485
}