{
  "soil": {
    "precision": 0.9653302039077862,
    "recall": 0.959276447743636,
    "f1-score": 0.9622938049286323,
    "support": 13901857.0,
    "iou": 0.9273278019338134
  },
  "plant": {
    "precision": 0.8502171605517064,
    "recall": 0.8702909754364984,
    "f1-score": 0.8601369636237132,
    "support": 3692511.0,
    "iou": 0.7545967683610089
  },
  "accuracy": 0.94060116282665,
  "macro avg": {
    "precision": 0.9077736822297463,
    "recall": 0.9147837115900672,
    "f1-score": 0.9112153842761728,
    "support": 17594368.0
  },
  "weighted avg": {
    "precision": 0.9411715538877456,
    "recall": 0.94060116282665,
    "f1-score": 0.940854259032828,
    "support": 17594368.0
  }
}