{
  "soil": {
    "precision": 0.9401717864676816,
    "recall": 0.9358536840404194,
    "f1-score": 0.9380077657030328,
    "support": 1998743.0,
    "iou": 0.8832529423569548
  },
  "plant": {
    "precision": 0.8697208608998986,
    "recall": 0.8779100120723768,
    "f1-score": 0.8737962498838744,
    "support": 974953.0,
    "iou": 0.7758775885746919
  },
  "accuracy": 0.9168563296315427,
  "macro avg": {
    "precision": 0.9049463236837901,
    "recall": 0.906881848056398,
    "f1-score": 0.9059020077934536,
    "support": 2973696.0
  },
  "weighted avg": {
    "precision": 0.9170738163876578,
    "recall": 0.9168563296315427,
    "f1-score": 0.9169554422703632,
    "support": 2973696.0
  }
}