{
  "soil": {
    "precision": 0.7063649134757777,
    "recall": 0.6411837009740775,
    "f1-score": 0.6721978926831315,
    "support": 1998917.0,
    "iou": 0.506248550878913
  },
  "plant": {
    "precision": 0.3812771030500339,
    "recall": 0.4534248275763019,
    "f1-score": 0.4142329096556158,
    "support": 974779.0,
    "iou": 0.2612192623859132
  },
  "accuracy": 0.5796362506456612,
  "macro avg": {
    "precision": 0.5438210082629058,
    "recall": 0.5473042642751897,
    "f1-score": 0.5432154011693736,
    "support": 2973696.0
  },
  "weighted avg": {
    "precision": 0.5998009705713933,
    "recall": 0.5796362506456612,
    "f1-score": 0.5876368453566466,
    "support": 2973696.0
  },
  "inference_time_seconds": 0.032712643999957436
}