{
  "soil": {
    "precision": 0.8744834376751697,
    "recall": 0.9811176324319835,
    "f1-score": 0.9247366083091343,
    "support": 1998743.0,
    "iou": 0.8600093851004952
  },
  "plant": {
    "precision": 0.9483867526773492,
    "recall": 0.711301980710865,
    "f1-score": 0.8129107128204527,
    "support": 974953.0,
    "iou": 0.684793234678985
  },
  "accuracy": 0.8926561423898072,
  "macro avg": {
    "precision": 0.9114350951762594,
    "recall": 0.8462098065714243,
    "f1-score": 0.8688236605647934,
    "support": 2973696.0
  },
  "weighted avg": {
    "precision": 0.8987133047064061,
    "recall": 0.8926561423898072,
    "f1-score": 0.8880734819221813,
    "support": 2973696.0
  },
  "inference_time_seconds": 0.4509408999999778
}