{
  "soil": {
    "precision": 0.8732371603656485,
    "recall": 0.981302248463159,
    "f1-score": 0.924121196701403,
    "support": 1998743.0,
    "iou": 0.8589454442899034
  },
  "plant": {
    "precision": 0.9486368958939203,
    "recall": 0.7079643839241482,
    "f1-score": 0.8108180812742246,
    "support": 974953.0,
    "iou": 0.6818284641789939
  },
  "accuracy": 0.8916859692450069,
  "macro avg": {
    "precision": 0.9109370281297844,
    "recall": 0.8446333161936537,
    "f1-score": 0.8674696389878138,
    "support": 2973696.0
  },
  "weighted avg": {
    "precision": 0.8979576423357272,
    "recall": 0.8916859692450069,
    "f1-score": 0.8869737504610765,
    "support": 2973696.0
  }
}