{
  "soil": {
    "precision": 0.8909240214081005,
    "recall": 0.984032075537128,
    "f1-score": 0.9351662317431937,
    "support": 2047417.0,
    "iou": 0.8782274375784628
  },
  "plant": {
    "precision": 0.9541027840445649,
    "recall": 0.7337055034174369,
    "f1-score": 0.8295141914868167,
    "support": 926279.0,
    "iou": 0.708692224590499
  },
  "accuracy": 0.906057646780303,
  "macro avg": {
    "precision": 0.9225134027263326,
    "recall": 0.8588687894772824,
    "f1-score": 0.8823402116150052,
    "support": 2973696.0
  },
  "weighted avg": {
    "precision": 0.910603625872088,
    "recall": 0.906057646780303,
    "f1-score": 0.9022565912834302,
    "support": 2973696.0
  }
}