{
  "soil": {
    "precision": 0.939419485691908,
    "recall": 0.984095146425402,
    "f1-score": 0.9612384963344252,
    "support": 13901857.0,
    "iou": 0.9253697725054434
  },
  "plant": {
    "precision": 0.9270607329652948,
    "recall": 0.7610750516383025,
    "f1-score": 0.8359076345023778,
    "support": 3692511.0,
    "iou": 0.7180767259349278
  },
  "accuracy": 0.9372901601239669,
  "macro avg": {
    "precision": 0.9332401093286014,
    "recall": 0.8725850990318522,
    "f1-score": 0.8985730654184014,
    "support": 17594368.0
  },
  "weighted avg": {
    "precision": 0.9368257676118213,
    "recall": 0.9372901601239669,
    "f1-score": 0.9349354437920255,
    "support": 17594368.0
  }
}