{
  "soil": {
    "precision": 0.9606942198996197,
    "recall": 0.22773062870013805,
    "f1-score": 0.3681839856245053,
    "support": 1998743.0,
    "iou": 0.22562836887307508
  },
  "plant": {
    "precision": 0.38254760794240406,
    "recall": 0.9808985663924312,
    "f1-score": 0.5504293565393164,
    "support": 974953.0,
    "iou": 0.3797188905710931
  },
  "accuracy": 0.47466351637827137,
  "macro avg": {
    "precision": 0.6716209139210119,
    "recall": 0.6043145975462847,
    "f1-score": 0.4593066710819108,
    "support": 2973696.0
  },
  "weighted avg": {
    "precision": 0.7711436492402372,
    "recall": 0.47466351637827137,
    "f1-score": 0.4279347708794567,
    "support": 2973696.0
  },
  "inference_time_seconds": 0.06305483297910541
}