{
  "soil": {
    "precision": 0.6816789594130136,
    "recall": 0.6764526504908335,
    "f1-score": 0.6790557491131702,
    "support": 1998743.0,
    "iou": 0.514068439040693
  },
  "plant": {
    "precision": 0.3469625165484001,
    "recall": 0.3524159626156338,
    "f1-score": 0.34966797779394776,
    "support": 974953.0,
    "iou": 0.21187735139898412
  },
  "accuracy": 0.5702143056990359,
  "macro avg": {
    "precision": 0.5143207379807069,
    "recall": 0.5144343065532336,
    "f1-score": 0.5143618634535589,
    "support": 2973696.0
  },
  "weighted avg": {
    "precision": 0.571939160818879,
    "recall": 0.5702143056990359,
    "f1-score": 0.5710630034488555,
    "support": 2973696.0
  },
  "inference_time_seconds": 0.030492346999949405
}