{
  "soil": {
    "precision": 0.6754886972536225,
    "recall": 0.9894643783618003,
    "f1-score": 0.8028718811446685,
    "support": 1998743.0,
    "iou": 0.670664959329798
  },
  "plant": {
    "precision": 0.5413399546959401,
    "recall": 0.025492510921039272,
    "f1-score": 0.04869204057343527,
    "support": 974953.0,
    "iou": 0.024953539669742602
  },
  "accuracy": 0.6734175248579546,
  "macro avg": {
    "precision": 0.6084143259747813,
    "recall": 0.5074784446414198,
    "f1-score": 0.42578196085905184,
    "support": 2973696.0
  },
  "weighted avg": {
    "precision": 0.6315068245259327,
    "recall": 0.6734175248579546,
    "f1-score": 0.5556072319994816,
    "support": 2973696.0
  },
  "inference_time_seconds": 0.007952345000035166
}