{
  "soil": {
    "precision": 0.6755088487866269,
    "recall": 0.9893282928320449,
    "f1-score": 0.8028413103677459,
    "support": 1998743.0,
    "iou": 0.6706222970443163
  },
  "plant": {
    "precision": 0.5403215378647472,
    "recall": 0.02571611144332086,
    "f1-score": 0.049095564225954735,
    "support": 974953.0,
    "iou": 0.0251655403133447
  },
  "accuracy": 0.6733993656379132,
  "macro avg": {
    "precision": 0.607915193325687,
    "recall": 0.5075222021376828,
    "f1-score": 0.4259684372968503,
    "support": 2973696.0
  },
  "weighted avg": {
    "precision": 0.6311864720725245,
    "recall": 0.6733993656379132,
    "f1-score": 0.5557189829885593,
    "support": 2973696.0
  },
  "inference_time_seconds": 0.007613291963934898
}