{
  "soil": {
    "precision": 0.9432800261981995,
    "recall": 0.9578157119477878,
    "f1-score": 0.9504922994990971,
    "support": 2032937.0,
    "iou": 0.9056553839914196
  },
  "plant": {
    "precision": 0.9057015807668962,
    "recall": 0.8755419825906529,
    "f1-score": 0.8903664540579864,
    "support": 940759.0,
    "iou": 0.8023968429163861
  },
  "accuracy": 0.9317875801695936,
  "macro avg": {
    "precision": 0.9244908034825479,
    "recall": 0.9166788472692203,
    "f1-score": 0.9204293767785418,
    "support": 2973696.0
  },
  "weighted avg": {
    "precision": 0.9313917024604982,
    "recall": 0.9317875801695936,
    "f1-score": 0.9314708762496008,
    "support": 2973696.0
  }
}