{
  "soil": {
    "precision": 0.9388009739046707,
    "recall": 0.9462713561641274,
    "f1-score": 0.9425213627877658,
    "support": 1978293.0,
    "iou": 0.891291161467315
  },
  "plant": {
    "precision": 0.8915022645588627,
    "recall": 0.8774034235380042,
    "f1-score": 0.8843966575260346,
    "support": 995403.0,
    "iou": 0.792751889363108
  },
  "accuracy": 0.9232187822830579,
  "macro avg": {
    "precision": 0.9151516192317667,
    "recall": 0.9118373898510658,
    "f1-score": 0.9134590101569002,
    "support": 2973696.0
  },
  "weighted avg": {
    "precision": 0.9229683947913567,
    "recall": 0.9232187822830579,
    "f1-score": 0.9230649334850922,
    "support": 2973696.0
  }
}