{
  "soil": {
    "precision": 0.9402650340052007,
    "recall": 0.9583489306358239,
    "f1-score": 0.9492208596743511,
    "support": 2032937.0,
    "iou": 0.903349546299688
  },
  "plant": {
    "precision": 0.9060909877337355,
    "recall": 0.8684328292368183,
    "f1-score": 0.886862326104974,
    "support": 940759.0,
    "iou": 0.7967229453313869
  },
  "accuracy": 0.9299030566675276,
  "macro avg": {
    "precision": 0.923178010869468,
    "recall": 0.9133908799363211,
    "f1-score": 0.9180415928896626,
    "support": 2973696.0
  },
  "weighted avg": {
    "precision": 0.9294537265964079,
    "recall": 0.9299030566675276,
    "f1-score": 0.9294931028080832,
    "support": 2973696.0
  }
}