{
  "soil": {
    "precision": 0.9575977359950566,
    "recall": 0.968331005058869,
    "f1-score": 0.9629344620827041,
    "support": 13894410.0,
    "iou": 0.9285184271155448
  },
  "plant": {
    "precision": 0.8758480704651119,
    "recall": 0.838982496558069,
    "f1-score": 0.8570190138842492,
    "support": 3699958.0,
    "iou": 0.7498103855574182
  },
  "accuracy": 0.9411300252444419,
  "macro avg": {
    "precision": 0.9167229032300843,
    "recall": 0.903656750808469,
    "f1-score": 0.9099767379834767,
    "support": 17594368.0
  },
  "weighted avg": {
    "precision": 0.9404064206278412,
    "recall": 0.9411300252444419,
    "f1-score": 0.9406612716000757,
    "support": 17594368.0
  }
}