{
  "soil": {
    "precision": 0.942128297078035,
    "recall": 0.9447518643598294,
    "f1-score": 0.9434382567808193,
    "support": 1978293.0,
    "iou": 0.8929324413226513
  },
  "plant": {
    "precision": 0.8895871679189893,
    "recall": 0.8846637994862382,
    "f1-score": 0.8871186527758819,
    "support": 995403.0,
    "iou": 0.7971367792160767
  },
  "accuracy": 0.9246382279829546,
  "macro avg": {
    "precision": 0.9158577324985122,
    "recall": 0.9147078319230337,
    "f1-score": 0.9152784547783506,
    "support": 2973696.0
  },
  "weighted avg": {
    "precision": 0.9245408915099133,
    "recall": 0.9246382279829546,
    "f1-score": 0.9245860597891542,
    "support": 2973696.0
  }
}