{
  "soil": {
    "precision": 0.9581895110832638,
    "recall": 0.9685624650488938,
    "f1-score": 0.9633480659008739,
    "support": 13894410.0,
    "iou": 0.929287868196614
  },
  "plant": {
    "precision": 0.876940214557198,
    "recall": 0.8412898200466059,
    "f1-score": 0.8587451743230328,
    "support": 3699958.0,
    "iou": 0.7524569929539128
  },
  "accuracy": 0.941798023094663,
  "macro avg": {
    "precision": 0.9175648628202309,
    "recall": 0.9049261425477498,
    "f1-score": 0.9110466201119534,
    "support": 17594368.0
  },
  "weighted avg": {
    "precision": 0.9411034194046091,
    "recall": 0.941798023094663,
    "f1-score": 0.9413508958111857,
    "support": 17594368.0
  }
}