{
  "soil": {
    "precision": 0.9378872171576835,
    "recall": 0.9479526035829879,
    "f1-score": 0.9428930491271972,
    "support": 1978293.0,
    "iou": 0.8919561529216087
  },
  "plant": {
    "precision": 0.8943051124442091,
    "recall": 0.875230434306507,
    "f1-score": 0.8846649657921125,
    "support": 995403.0,
    "iou": 0.793183159014101
  },
  "accuracy": 0.9236098780776515,
  "macro avg": {
    "precision": 0.9160961648009462,
    "recall": 0.9115915189447474,
    "f1-score": 0.9137790074596548,
    "support": 2973696.0
  },
  "weighted avg": {
    "precision": 0.9232987192822765,
    "recall": 0.9236098780776515,
    "f1-score": 0.9234020154653859,
    "support": 2973696.0
  },
  "inference_time_seconds": 0.4824063880000722
}