{
  "soil": {
    "precision": 0.6764605015118877,
    "recall": 0.905939382902154,
    "f1-score": 0.7745604828886742,
    "support": 1998743.0,
    "iou": 0.6320674925797327
  },
  "plant": {
    "precision": 0.3668013876258799,
    "recall": 0.11170487192715957,
    "f1-score": 0.17125586639441512,
    "support": 974953.0,
    "iou": 0.09364670718410671
  },
  "accuracy": 0.6455424495308195,
  "macro avg": {
    "precision": 0.5216309445688838,
    "recall": 0.5088221274146568,
    "f1-score": 0.47290817464154467,
    "support": 2973696.0
  },
  "weighted avg": {
    "precision": 0.5749359737657749,
    "recall": 0.6455424495308195,
    "f1-score": 0.57676163399325,
    "support": 2973696.0
  },
  "inference_time_seconds": 0.029410817999973915
}