{
  "soil": {
    "precision": 0.9067876853521413,
    "recall": 0.8360899825540352,
    "f1-score": 0.8700049509924631,
    "support": 1998743.0,
    "iou": 0.7699192591654093
  },
  "plant": {
    "precision": 0.710277373682884,
    "recall": 0.8238048398230479,
    "f1-score": 0.762840391349731,
    "support": 974953.0,
    "iou": 0.6166062858954664
  },
  "accuracy": 0.8320621879304407,
  "macro avg": {
    "precision": 0.8085325295175126,
    "recall": 0.8299474111885415,
    "f1-score": 0.8164226711710971,
    "support": 2973696.0
  },
  "weighted avg": {
    "precision": 0.8423600108713344,
    "recall": 0.8320621879304407,
    "f1-score": 0.834870085519543,
    "support": 2973696.0
  }
}