{
  "soil": {
    "precision": 0.9090748800656404,
    "recall": 0.8939678629219158,
    "f1-score": 0.901458083485807,
    "support": 2047417.0,
    "iou": 0.8205950723721522
  },
  "plant": {
    "precision": 0.7739338521279221,
    "recall": 0.8023619233513877,
    "f1-score": 0.7878915414225303,
    "support": 926279.0,
    "iou": 0.6500173609440855
  },
  "accuracy": 0.8654334538567493,
  "macro avg": {
    "precision": 0.8415043660967813,
    "recall": 0.8481648931366517,
    "f1-score": 0.8446748124541686,
    "support": 2973696.0
  },
  "weighted avg": {
    "precision": 0.866979690706297,
    "recall": 0.8654334538567493,
    "f1-score": 0.8660831483828813,
    "support": 2973696.0
  }
}