{
  "soil": {
    "precision": 0.9209276692148286,
    "recall": 0.8847147405731222,
    "f1-score": 0.9024580720295442,
    "support": 2047417.0,
    "iou": 0.8222538465554066
  },
  "plant": {
    "precision": 0.7655544166199836,
    "recall": 0.8320937859975234,
    "f1-score": 0.7974384747140166,
    "support": 926279.0,
    "iou": 0.6631165707088261
  },
  "accuracy": 0.8683237963799931,
  "macro avg": {
    "precision": 0.8432410429174061,
    "recall": 0.8584042632853228,
    "f1-score": 0.8499482733717805,
    "support": 2973696.0
  },
  "weighted avg": {
    "precision": 0.872530327643834,
    "recall": 0.8683237963799931,
    "f1-score": 0.8697454317388656,
    "support": 2973696.0
  }
}