{
  "soil": {
    "precision": 0.8948209251331315,
    "recall": 0.8575089443715375,
    "f1-score": 0.8757676967857332,
    "support": 1998743.0,
    "iou": 0.7789917566697254
  },
  "plant": {
    "precision": 0.7308853099699895,
    "recall": 0.7933643980786766,
    "f1-score": 0.7608443432162022,
    "support": 974953.0,
    "iou": 0.614002235353513
  },
  "accuracy": 0.8364785775008609,
  "macro avg": {
    "precision": 0.8128531175515605,
    "recall": 0.8254366712251071,
    "f1-score": 0.8183060200009677,
    "support": 2973696.0
  },
  "weighted avg": {
    "precision": 0.8410731581084757,
    "recall": 0.8364785775008609,
    "f1-score": 0.8380890408865844,
    "support": 2973696.0
  }
}