{
  "soil": {
    "precision": 0.93753251729562,
    "recall": 0.8991886479626426,
    "f1-score": 0.9179603443286113,
    "support": 13901857.0,
    "iou": 0.8483610924213597
  },
  "plant": {
    "precision": 0.6711009112950029,
    "recall": 0.7744361492761972,
    "f1-score": 0.7190750340412317,
    "support": 3692511.0,
    "iou": 0.5613717065019544
  },
  "accuracy": 0.8730069758686416,
  "macro avg": {
    "precision": 0.8043167142953115,
    "recall": 0.8368123986194199,
    "f1-score": 0.8185176891849215,
    "support": 17594368.0
  },
  "weighted avg": {
    "precision": 0.8816168040455081,
    "recall": 0.8730069758686416,
    "f1-score": 0.8762204991705151,
    "support": 17594368.0
  }
}