{
  "soil": {
    "precision": 0.9423977690787729,
    "recall": 0.8947658575397517,
    "f1-score": 0.917964340003132,
    "support": 13901857.0,
    "iou": 0.848367917935153
  },
  "plant": {
    "precision": 0.6671449961855742,
    "recall": 0.7940956709404522,
    "f1-score": 0.7251056794121619,
    "support": 3692511.0,
    "iou": 0.5687574787201377
  },
  "accuracy": 0.8736383142605634,
  "macro avg": {
    "precision": 0.8047713826321736,
    "recall": 0.8444307642401019,
    "f1-score": 0.8215350097076469,
    "support": 17594368.0
  },
  "weighted avg": {
    "precision": 0.8846307670649104,
    "recall": 0.8736383142605634,
    "f1-score": 0.8774893013045311,
    "support": 17594368.0
  }
}