{
  "soil": {
    "precision": 0.8976589282215932,
    "recall": 0.8550894237027972,
    "f1-score": 0.8758572270479412,
    "support": 1998743.0,
    "iou": 0.7791334411623654
  },
  "plant": {
    "precision": 0.7292433014034264,
    "recall": 0.8001411350085594,
    "f1-score": 0.7630489090777486,
    "support": 974953.0,
    "iou": 0.6168788035983147
  },
  "accuracy": 0.8370741326618457,
  "macro avg": {
    "precision": 0.8134511148125099,
    "recall": 0.8276152793556784,
    "f1-score": 0.8194530680628449,
    "support": 2973696.0
  },
  "weighted avg": {
    "precision": 0.842442349051008,
    "recall": 0.8370741326618457,
    "f1-score": 0.8388720046075865,
    "support": 2973696.0
  },
  "inference_time_seconds": 0.4801392899998973
}