{
  "soil": {
    "precision": 0.819511419848399,
    "recall": 0.724929117950632,
    "f1-score": 0.7693241354410435,
    "support": 1998743.0,
    "iou": 0.6251232819266754
  },
  "plant": {
    "precision": 0.5439776914055178,
    "recall": 0.6726867859271165,
    "f1-score": 0.601524268465326,
    "support": 974953.0,
    "iou": 0.43012849983833407
  },
  "accuracy": 0.7078009991606405,
  "macro avg": {
    "precision": 0.6817445556269583,
    "recall": 0.6988079519388742,
    "f1-score": 0.6854242019531848,
    "support": 2973696.0
  },
  "weighted avg": {
    "precision": 0.7291752068842722,
    "recall": 0.7078009991606405,
    "f1-score": 0.7143094386772934,
    "support": 2973696.0
  },
  "inference_time_seconds": 4.297554624965414
}