{
  "soil": {
    "precision": 0.8208275218196993,
    "recall": 0.7257906594294514,
    "f1-score": 0.770389169818495,
    "support": 1998743.0,
    "iou": 0.6265308916519355
  },
  "plant": {
    "precision": 0.5456837075824933,
    "recall": 0.675208958790834,
    "f1-score": 0.6035756265460793,
    "support": 974953.0,
    "iou": 0.4322293695384258
  },
  "accuracy": 0.7092069935864325,
  "macro avg": {
    "precision": 0.6832556147010963,
    "recall": 0.7004998091101426,
    "f1-score": 0.6869823981822871,
    "support": 2973696.0
  },
  "weighted avg": {
    "precision": 0.730619145737542,
    "recall": 0.7092069935864325,
    "f1-score": 0.715697848158826,
    "support": 2973696.0
  },
  "inference_time_seconds": 3.671556753999994
}