{
  "soil": {
    "precision": 0.7292129275102084,
    "recall": 0.6079170758821919,
    "f1-score": 0.6630634111310201,
    "support": 1998743.0,
    "iou": 0.49595726278383756
  },
  "plant": {
    "precision": 0.4005958299551789,
    "recall": 0.5372023061624509,
    "f1-score": 0.4589495231498094,
    "support": 974953.0,
    "iou": 0.29781602228103077
  },
  "accuracy": 0.584732602122073,
  "macro avg": {
    "precision": 0.5649043787326936,
    "recall": 0.5725596910223214,
    "f1-score": 0.5610064671404147,
    "support": 2973696.0
  },
  "weighted avg": {
    "precision": 0.621472854176361,
    "recall": 0.584732602122073,
    "f1-score": 0.5961428357161339,
    "support": 2973696.0
  },
  "inference_time_seconds": 0.8329515450000144
}