{
  "soil": {
    "precision": 0.7265650523010424,
    "recall": 0.6075308331286213,
    "f1-score": 0.6617375503027361,
    "support": 1998743.0,
    "iou": 0.49447516849361756
  },
  "plant": {
    "precision": 0.39769734568991333,
    "recall": 0.5312717638696429,
    "f1-score": 0.45488136937326196,
    "support": 974953.0,
    "iou": 0.29439899329202374
  },
  "accuracy": 0.5825286108600206,
  "macro avg": {
    "precision": 0.5621311989954778,
    "recall": 0.5694012984991321,
    "f1-score": 0.558309459837999,
    "support": 2973696.0
  },
  "weighted avg": {
    "precision": 0.618742814532407,
    "recall": 0.5825286108600206,
    "f1-score": 0.5939178894612333,
    "support": 2973696.0
  },
  "inference_time_seconds": 1.6204133339924738
}