{
  "soil": {
    "precision": 0.8263170066993583,
    "recall": 0.9849555445597558,
    "f1-score": 0.8986891749083016,
    "support": 1998743.0,
    "iou": 0.816017743976569
  },
  "plant": {
    "precision": 0.9491398425990606,
    "recall": 0.5755754379954726,
    "f1-score": 0.7165948785007107,
    "support": 974953.0,
    "iou": 0.5583543859195262
  },
  "accuracy": 0.8507365917699724,
  "macro avg": {
    "precision": 0.8877284246492094,
    "recall": 0.7802654912776141,
    "f1-score": 0.8076420267045061,
    "support": 2973696.0
  },
  "weighted avg": {
    "precision": 0.8665855789841254,
    "recall": 0.8507365917699724,
    "f1-score": 0.8389879207903723,
    "support": 2973696.0
  },
  "inference_time_seconds": 0.45694762400012223
}