{
  "soil": {
    "precision": 0.8620936526552985,
    "recall": 0.9851315096045408,
    "f1-score": 0.9195149988340661,
    "support": 2047417.0,
    "iou": 0.8510206044894952
  },
  "plant": {
    "precision": 0.9519896794054934,
    "recall": 0.6516719044693877,
    "f1-score": 0.7737105305152494,
    "support": 926279.0,
    "iou": 0.6309362917715823
  },
  "accuracy": 0.8812619043775827,
  "macro avg": {
    "precision": 0.9070416660303959,
    "recall": 0.8184017070369642,
    "f1-score": 0.8466127646746577,
    "support": 2973696.0
  },
  "weighted avg": {
    "precision": 0.8900954395770765,
    "recall": 0.8812619043775827,
    "f1-score": 0.8740982457060108,
    "support": 2973696.0
  }
}