{
  "soil": {
    "precision": 0.933842464660579,
    "recall": 0.984734917068993,
    "f1-score": 0.9586137007036366,
    "support": 13901857.0,
    "iou": 0.9205169122652621
  },
  "plant": {
    "precision": 0.9276930064476033,
    "recall": 0.7373508162873449,
    "f1-score": 0.8216422729878987,
    "support": 3692511.0,
    "iou": 0.6972774516201401
  },
  "accuracy": 0.932816683156792,
  "macro avg": {
    "precision": 0.9307677355540911,
    "recall": 0.8610428666781689,
    "f1-score": 0.8901279868457677,
    "support": 17594368.0
  },
  "weighted avg": {
    "precision": 0.9325518845104166,
    "recall": 0.932816683156792,
    "f1-score": 0.9298676551778146,
    "support": 17594368.0
  }
}