{
  "soil": {
    "precision": 0.8263100098148193,
    "recall": 0.9852217118458951,
    "f1-score": 0.8987958120201539,
    "support": 1998743.0,
    "iou": 0.8161936013601534
  },
  "plant": {
    "precision": 0.949983490386325,
    "recall": 0.5754400468535407,
    "f1-score": 0.7167301813201764,
    "support": 974953.0,
    "iou": 0.5585186925517501
  },
  "accuracy": 0.8508711045110193,
  "macro avg": {
    "precision": 0.8881467501005722,
    "recall": 0.7803308793497179,
    "f1-score": 0.8077629966701652,
    "support": 2973696.0
  },
  "weighted avg": {
    "precision": 0.8668574736119362,
    "recall": 0.8508711045110193,
    "f1-score": 0.8391039562124871,
    "support": 2973696.0
  }
}