{
  "soil": {
    "precision": 0.7488894112262741,
    "recall": 0.6025441990290897,
    "f1-score": 0.6677930266414447,
    "support": 1998743.0,
    "iou": 0.501268226331159
  },
  "plant": {
    "precision": 0.4182433323080979,
    "recall": 0.5858005462827439,
    "f1-score": 0.48804076747933023,
    "support": 974953.0,
    "iou": 0.32278698855239024
  },
  "accuracy": 0.597054641765668,
  "macro avg": {
    "precision": 0.583566371767186,
    "recall": 0.5941723726559168,
    "f1-score": 0.5779168970603874,
    "support": 2973696.0
  },
  "weighted avg": {
    "precision": 0.6404841180895471,
    "recall": 0.597054641765668,
    "f1-score": 0.6088596305152499,
    "support": 2973696.0
  },
  "inference_time_seconds": 0.8241283639999892
}