{
  "soil": {
    "precision": 0.7502593373837005,
    "recall": 0.6064616611540353,
    "f1-score": 0.6707400040781331,
    "support": 1998743.0,
    "iou": 0.5045965470532062
  },
  "plant": {
    "precision": 0.420796147388884,
    "recall": 0.5861390241375738,
    "f1-score": 0.4898925971916761,
    "support": 974953.0,
    "iou": 0.3244091091008694
  },
  "accuracy": 0.5997987016830234,
  "macro avg": {
    "precision": 0.5855277423862922,
    "recall": 0.5963003426458046,
    "f1-score": 0.5803163006349046,
    "support": 2973696.0
  },
  "weighted avg": {
    "precision": 0.6422418650277447,
    "recall": 0.5997987016830234,
    "f1-score": 0.6114475539130282,
    "support": 2973696.0
  },
  "inference_time_seconds": 1.6128315000096336
}