{
  "soil": {
    "precision": 0.9604130601070897,
    "recall": 0.23870702736669996,
    "f1-score": 0.38237595886713927,
    "support": 1998743.0,
    "iou": 0.23638122897787317
  },
  "plant": {
    "precision": 0.3856759777077624,
    "recall": 0.9798287712330749,
    "f1-score": 0.5534897181787606,
    "support": 974953.0,
    "iou": 0.382637942595116
  },
  "accuracy": 0.48169046197055787,
  "macro avg": {
    "precision": 0.6730445189074261,
    "recall": 0.6092678992998874,
    "f1-score": 0.4679328385229499,
    "support": 2973696.0
  },
  "weighted avg": {
    "precision": 0.7719803344026224,
    "recall": 0.48169046197055787,
    "f1-score": 0.43847714506174124,
    "support": 2973696.0
  },
  "inference_time_seconds": 0.04671402199994645
}