{
  "soil": {
    "precision": 0.8090850532469418,
    "recall": 0.9816034377606325,
    "f1-score": 0.8870338684771087,
    "support": 1998743.0,
    "iou": 0.7969998756955565
  },
  "plant": {
    "precision": 0.9329953641611756,
    "recall": 0.5251514688400364,
    "f1-score": 0.6720364161155488,
    "support": 974953.0,
    "iou": 0.5060653953700766
  },
  "accuracy": 0.8319515512009298,
  "macro avg": {
    "precision": 0.8710402087040587,
    "recall": 0.7533774533003345,
    "f1-score": 0.7795351422963288,
    "support": 2973696.0
  },
  "weighted avg": {
    "precision": 0.849710164003645,
    "recall": 0.8319515512009298,
    "f1-score": 0.816545018516568,
    "support": 2973696.0
  },
  "inference_time_seconds": 0.32058829499965213
}