{
  "soil": {
    "precision": 0.9085222303673774,
    "recall": 0.9847498071660499,
    "f1-score": 0.9451014681713941,
    "support": 13901857.0,
    "iou": 0.8959169433415697
  },
  "plant": {
    "precision": 0.9160739889775014,
    "recall": 0.6267009089478677,
    "f1-score": 0.7442490830356653,
    "support": 3692511.0,
    "iou": 0.5926725379861325
  },
  "accuracy": 0.9096064717982482,
  "macro avg": {
    "precision": 0.9122981096724394,
    "recall": 0.8057253580569588,
    "f1-score": 0.8446752756035296,
    "support": 17594368.0
  },
  "weighted avg": {
    "precision": 0.9101071097865886,
    "recall": 0.9096064717982482,
    "f1-score": 0.9029487951404609,
    "support": 17594368.0
  }
}