{
  "soil": {
    "precision": 0.8136451030116189,
    "recall": 0.9824104449646602,
    "f1-score": 0.8900988041195241,
    "support": 1998743.0,
    "iou": 0.8019621993590301
  },
  "plant": {
    "precision": 0.9372617670992334,
    "recall": 0.5387121225330862,
    "f1-score": 0.6841777886042666,
    "support": 974953.0,
    "iou": 0.5199621823365772
  },
  "accuracy": 0.8369399562026515,
  "macro avg": {
    "precision": 0.8754534350554262,
    "recall": 0.7605612837488732,
    "f1-score": 0.7871382963618954,
    "support": 2973696.0
  },
  "weighted avg": {
    "precision": 0.8541739390130836,
    "recall": 0.8369399562026515,
    "f1-score": 0.8225857456765472,
    "support": 2973696.0
  }
}