{
  "soil": {
    "precision": 0.8524791787556484,
    "recall": 0.9844657927525268,
    "f1-score": 0.9137307905632789,
    "support": 2047417.0,
    "iou": 0.8411642184326378
  },
  "plant": {
    "precision": 0.9477993841952193,
    "recall": 0.6234395900155353,
    "f1-score": 0.7521397689316557,
    "support": 926279.0,
    "iou": 0.6027436007698699
  },
  "accuracy": 0.8720094454846763,
  "macro avg": {
    "precision": 0.9001392814754339,
    "recall": 0.803952691384031,
    "f1-score": 0.8329352797474673,
    "support": 2973696.0
  },
  "weighted avg": {
    "precision": 0.8821705475352277,
    "recall": 0.8720094454846763,
    "f1-score": 0.8633966710278864,
    "support": 2973696.0
  }
}