{
  "soil": {
    "precision": 0.6918814760128076,
    "recall": 0.5495238757559125,
    "f1-score": 0.6125402790000435,
    "support": 1998743.0,
    "iou": 0.4414832875714615
  },
  "plant": {
    "precision": 0.3504659851407045,
    "recall": 0.49829786666639314,
    "f1-score": 0.4115077529820139,
    "support": 974953.0,
    "iou": 0.259055562754254
  },
  "accuracy": 0.53272896758781,
  "macro avg": {
    "precision": 0.5211737305767561,
    "recall": 0.5239108712111529,
    "f1-score": 0.5120240159910288,
    "support": 2973696.0
  },
  "weighted avg": {
    "precision": 0.5799453342309209,
    "recall": 0.53272896758781,
    "f1-score": 0.5466299558402934,
    "support": 2973696.0
  },
  "inference_time_seconds": 1.8339062499580905
}