{
  "soil": {
    "precision": 0.6926778098127524,
    "recall": 0.5517217571243527,
    "f1-score": 0.6142165724013877,
    "support": 1998743.0,
    "iou": 0.44322695752376506
  },
  "plant": {
    "precision": 0.35152198111582517,
    "recall": 0.49817068104821466,
    "f1-score": 0.4121912605197487,
    "support": 974953.0,
    "iou": 0.2595975511853362
  },
  "accuracy": 0.5341645548166323,
  "macro avg": {
    "precision": 0.5220998954642888,
    "recall": 0.5249462190862837,
    "f1-score": 0.5132039164605682,
    "support": 2973696.0
  },
  "weighted avg": {
    "precision": 0.5808268006122305,
    "recall": 0.5341645548166323,
    "f1-score": 0.5479807554601337,
    "support": 2973696.0
  },
  "inference_time_seconds": 0.9696044949999987
}