{
  "soil": {
    "precision": 0.9565351489190494,
    "recall": 0.9325426030260019,
    "f1-score": 0.9443865153145704,
    "support": 1998743.0,
    "iou": 0.8946328642211268
  },
  "plant": {
    "precision": 0.8684697006205327,
    "recall": 0.9131281200221959,
    "f1-score": 0.8902391952160956,
    "support": 974953.0,
    "iou": 0.8021901578957328
  },
  "accuracy": 0.926177390022383,
  "macro avg": {
    "precision": 0.912502424769791,
    "recall": 0.922835361524099,
    "f1-score": 0.917312855265333,
    "support": 2973696.0
  },
  "weighted avg": {
    "precision": 0.927662099012474,
    "recall": 0.926177390022383,
    "f1-score": 0.926633829037302,
    "support": 2973696.0
  },
  "inference_time_seconds": 0.3165252120002151
}