{
  "soil": {
    "precision": 0.9595430959802091,
    "recall": 0.944574554182172,
    "f1-score": 0.9519999901548034,
    "support": 2047417.0,
    "iou": 0.9083969286368865
  },
  "plant": {
    "precision": 0.8815728779880987,
    "recall": 0.9119703674594803,
    "f1-score": 0.8965140300037623,
    "support": 926279.0,
    "iou": 0.812438086554756
  },
  "accuracy": 0.9344186493844697,
  "macro avg": {
    "precision": 0.9205579869841539,
    "recall": 0.9282724608208262,
    "f1-score": 0.9242570100792828,
    "support": 2973696.0
  },
  "weighted avg": {
    "precision": 0.93525608898571,
    "recall": 0.9344186493844697,
    "f1-score": 0.9347166230309459,
    "support": 2973696.0
  }
}