{
  "soil": {
    "precision": 0.9538112217912522,
    "recall": 0.9680939747833689,
    "f1-score": 0.9608995267223349,
    "support": 13901857.0,
    "iou": 0.9247416890219878
  },
  "plant": {
    "precision": 0.8727009627938039,
    "recall": 0.8235008643169919,
    "f1-score": 0.8473873635369278,
    "support": 3692511.0,
    "iou": 0.7351883336428063
  },
  "accuracy": 0.9377483749345245,
  "macro avg": {
    "precision": 0.9132560922925281,
    "recall": 0.8957974195501803,
    "f1-score": 0.9041434451296313,
    "support": 17594368.0
  },
  "weighted avg": {
    "precision": 0.9367886993817558,
    "recall": 0.9377483749345245,
    "f1-score": 0.9370768516938308,
    "support": 17594368.0
  }
}