{
  "soil": {
    "precision": 0.9563359955686861,
    "recall": 0.9346269130148298,
    "f1-score": 0.9453568394029119,
    "support": 1998743.0,
    "iou": 0.8963760205562766
  },
  "plant": {
    "precision": 0.8719388430157058,
    "recall": 0.9125168085025637,
    "f1-score": 0.8917664606135085,
    "support": 974953.0,
    "iou": 0.8046737703924596
  },
  "accuracy": 0.9273779162362259,
  "macro avg": {
    "precision": 0.9141374192921959,
    "recall": 0.9235718607586967,
    "f1-score": 0.9185616500082102,
    "support": 2973696.0
  },
  "weighted avg": {
    "precision": 0.9286656294408151,
    "recall": 0.9273779162362259,
    "f1-score": 0.9277867513468815,
    "support": 2973696.0
  }
}