{
  "soil": {
    "precision": 0.9545904337553417,
    "recall": 0.9561149182261051,
    "f1-score": 0.9553520678245038,
    "support": 1998743.0,
    "iou": 0.9145206134998684
  },
  "plant": {
    "precision": 0.9097360359182968,
    "recall": 0.9067575565181091,
    "f1-score": 0.9082443543324803,
    "support": 974953.0,
    "iou": 0.8319117541885142
  },
  "accuracy": 0.939932662921832,
  "macro avg": {
    "precision": 0.9321632348368192,
    "recall": 0.931436237372107,
    "f1-score": 0.931798211078492,
    "support": 2973696.0
  },
  "weighted avg": {
    "precision": 0.9398845156875835,
    "recall": 0.939932662921832,
    "f1-score": 0.9399073799370437,
    "support": 2973696.0
  }
}