{
  "soil": {
    "precision": 0.9762545689210564,
    "recall": 0.9754632061026092,
    "f1-score": 0.9758587270749299,
    "support": 13901857.0,
    "iou": 0.9528555804491313
  },
  "plant": {
    "precision": 0.9079030071980517,
    "recall": 0.910673793524244,
    "f1-score": 0.9092862895740581,
    "support": 3692511.0,
    "iou": 0.833661739906952
  },
  "accuracy": 0.9618659220950704,
  "macro avg": {
    "precision": 0.942078788059554,
    "recall": 0.9430684998134267,
    "f1-score": 0.942572508324494,
    "support": 17594368.0
  },
  "weighted avg": {
    "precision": 0.9619097005217269,
    "recall": 0.9618659220950704,
    "f1-score": 0.9618872415536096,
    "support": 17594368.0
  }
}