{
  "soil": {
    "precision": 0.9556212704268631,
    "recall": 0.9691069283883058,
    "f1-score": 0.9623168556017409,
    "support": 2047417.0,
    "iou": 0.9273706148130387
  },
  "plant": {
    "precision": 0.9295163953972984,
    "recall": 0.9005224127935536,
    "f1-score": 0.9147897228931848,
    "support": 926279.0,
    "iou": 0.8429607995715137
  },
  "accuracy": 0.9477434815125688,
  "macro avg": {
    "precision": 0.9425688329120807,
    "recall": 0.9348146705909297,
    "f1-score": 0.9385532892474628,
    "support": 2973696.0
  },
  "weighted avg": {
    "precision": 0.9474898415459317,
    "recall": 0.9477434815125688,
    "f1-score": 0.9475125901495397,
    "support": 2973696.0
  }
}