{
  "soil": {
    "precision": 0.9539855451974443,
    "recall": 0.9569099178833897,
    "f1-score": 0.9554454938576731,
    "support": 1998743.0,
    "iou": 0.9146918501996177
  },
  "plant": {
    "precision": 0.9111027160707909,
    "recall": 0.9053769771465907,
    "f1-score": 0.9082308225369242,
    "support": 974953.0,
    "iou": 0.8318890487890157
  },
  "accuracy": 0.9400143794120179,
  "macro avg": {
    "precision": 0.9325441306341176,
    "recall": 0.9311434475149902,
    "f1-score": 0.9318381581972986,
    "support": 2973696.0
  },
  "weighted avg": {
    "precision": 0.9399260236775855,
    "recall": 0.9400143794120179,
    "f1-score": 0.9399657388833321,
    "support": 2973696.0
  },
  "inference_time_seconds": 0.3906683749996773
}