{
  "soil": {
    "precision": 0.9440522830534877,
    "recall": 0.8453618098975206,
    "f1-score": 0.8919855384885836,
    "support": 1998743.0,
    "iou": 0.8050305925356309
  },
  "plant": {
    "precision": 0.7389289635948982,
    "recall": 0.8972924848685013,
    "f1-score": 0.8104470290473691,
    "support": 974953.0,
    "iou": 0.6813038585396816
  },
  "accuracy": 0.8623877491175964,
  "macro avg": {
    "precision": 0.841490623324193,
    "recall": 0.871327147383011,
    "f1-score": 0.8512162837679764,
    "support": 2973696.0
  },
  "weighted avg": {
    "precision": 0.876800756442795,
    "recall": 0.8623877491175964,
    "f1-score": 0.8652524042357076,
    "support": 2973696.0
  },
  "inference_time_seconds": 1.8473581109999486,
  "model_type": "random_forest",
  "feature_mode": "rgb_hsv"
}