{
  "soil": {
    "precision": 0.9546171273320011,
    "recall": 0.8584064702012341,
    "f1-score": 0.9039590215832074,
    "support": 2047417.0,
    "iou": 0.8247492925756815
  },
  "plant": {
    "precision": 0.7440454801095153,
    "recall": 0.9097971561484175,
    "f1-score": 0.81861532289478,
    "support": 926279.0,
    "iou": 0.6929286783206433
  },
  "accuracy": 0.874414197012741,
  "macro avg": {
    "precision": 0.8493313037207582,
    "recall": 0.8841018131748257,
    "f1-score": 0.8612871722389936,
    "support": 2973696.0
  },
  "weighted avg": {
    "precision": 0.8890259926573076,
    "recall": 0.874414197012741,
    "f1-score": 0.8773752430539234,
    "support": 2973696.0
  },
  "train_time_seconds": 4.217587302999959,
  "validation_inference_time_seconds": 1.8845533720000276,
  "model_type": "random_forest",
  "n_estimators": 100,
  "max_depth": 15,
  "samples_per_class": 2000,
  "feature_mode": "rgb_hsv"
}