{
  "soil": {
    "precision": 0.9467881708048811,
    "recall": 0.8383994340442968,
    "f1-score": 0.8893033588250918,
    "support": 1998743.0,
    "iou": 0.8006716918531204
  },
  "plant": {
    "precision": 0.7316779783513462,
    "recall": 0.9033994459220085,
    "f1-score": 0.8085213218936046,
    "support": 974953.0,
    "iou": 0.6785864797669557
  },
  "accuracy": 0.8597102730070593,
  "macro avg": {
    "precision": 0.8392330745781136,
    "recall": 0.8708994399831527,
    "f1-score": 0.8489123403593481,
    "support": 2973696.0
  },
  "weighted avg": {
    "precision": 0.8762623579904067,
    "recall": 0.8597102730070593,
    "f1-score": 0.8628182408935802,
    "support": 2973696.0
  },
  "inference_time_seconds": 1.144428399973549,
  "model_type": "random_forest",
  "feature_mode": "rgb_hsv"
}