{
  "soil": {
    "precision": 0.7686837450154836,
    "recall": 0.8978988294142869,
    "f1-score": 0.8282820730624144,
    "support": 1998743.0,
    "iou": 0.7068954515590806
  },
  "plant": {
    "precision": 0.6806183740605917,
    "recall": 0.4460645795233206,
    "f1-score": 0.5389266747587704,
    "support": 974953.0,
    "iou": 0.3688566928492732
  },
  "accuracy": 0.7497609036027892,
  "macro avg": {
    "precision": 0.7246510595380377,
    "recall": 0.6719817044688038,
    "f1-score": 0.6836043739105924,
    "support": 2973696.0
  },
  "weighted avg": {
    "precision": 0.7398107204667117,
    "recall": 0.7497609036027892,
    "f1-score": 0.7334143012248316,
    "support": 2973696.0
  },
  "inference_time_seconds": 0.3188264830000662
}