{
  "soil": {
    "precision": 0.7863473362501309,
    "recall": 0.9061842311556464,
    "f1-score": 0.842023357252135,
    "support": 2047417.0,
    "iou": 0.7271505539645631
  },
  "plant": {
    "precision": 0.687298029007308,
    "recall": 0.45577952215261275,
    "f1-score": 0.5480929389602853,
    "support": 926279.0,
    "iou": 0.3774986386303504
  },
  "accuracy": 0.7658872998450413,
  "macro avg": {
    "precision": 0.7368226826287194,
    "recall": 0.6809818766541296,
    "f1-score": 0.6950581481062101,
    "support": 2973696.0
  },
  "weighted avg": {
    "precision": 0.7554943864988535,
    "recall": 0.7658872998450413,
    "f1-score": 0.7504667307762086,
    "support": 2973696.0
  }
}