{
  "soil": {
    "precision": 0.762460861040155,
    "recall": 0.8996074032529445,
    "f1-score": 0.825375768273955,
    "support": 1998743.0,
    "iou": 0.702672178881506
  },
  "plant": {
    "precision": 0.6739542305242496,
    "recall": 0.42542871297385615,
    "f1-score": 0.5216007444738224,
    "support": 974953.0,
    "iou": 0.35281453404694746
  },
  "accuracy": 0.7441436515366735,
  "macro avg": {
    "precision": 0.7182075457822024,
    "recall": 0.6625180581134004,
    "f1-score": 0.6734882563738886,
    "support": 2973696.0
  },
  "weighted avg": {
    "precision": 0.7334431655725036,
    "recall": 0.7441436515366735,
    "f1-score": 0.7257803924255123,
    "support": 2973696.0
  }
}