{
  "soil": {
    "precision": 0.8551512228255912,
    "recall": 0.9103227000536691,
    "f1-score": 0.8818749005901093,
    "support": 13901857.0,
    "iou": 0.7887086168225126
  },
  "plant": {
    "precision": 0.5540576117555739,
    "recall": 0.4194785066313953,
    "f1-score": 0.4774661261711981,
    "support": 3692511.0,
    "iou": 0.3135996737927985
  },
  "accuracy": 0.8073097595776103,
  "macro avg": {
    "precision": 0.7046044172905825,
    "recall": 0.6649006033425322,
    "f1-score": 0.6796705133806538,
    "support": 17594368.0
  },
  "weighted avg": {
    "precision": 0.7919610320267082,
    "recall": 0.8073097595776103,
    "f1-score": 0.7970020680997153,
    "support": 17594368.0
  }
}