{
  "soil": {
    "precision": 0.6781329941254806,
    "recall": 0.9892762601294914,
    "f1-score": 0.804674521971059,
    "support": 1998743.0,
    "iou": 0.6731844478860647
  },
  "plant": {
    "precision": 0.6297012939895997,
    "recall": 0.03738539191119982,
    "f1-score": 0.07058042128663215,
    "support": 974953.0,
    "iou": 0.03658116775911368
  },
  "accuracy": 0.6771902709624655,
  "macro avg": {
    "precision": 0.6539171440575402,
    "recall": 0.5133308260203456,
    "f1-score": 0.4376274716288456,
    "support": 2973696.0
  },
  "weighted avg": {
    "precision": 0.6622542252995557,
    "recall": 0.6771902709624655,
    "f1-score": 0.5639951634406026,
    "support": 2973696.0
  },
  "inference_time_seconds": 0.007561375037766993
}