{
  "soil": {
    "precision": 0.6781755709789917,
    "recall": 0.9888820123447587,
    "f1-score": 0.804574035187986,
    "support": 1998743.0,
    "iou": 0.6730438010140669
  },
  "plant": {
    "precision": 0.6248058350780037,
    "recall": 0.03795670150253397,
    "f1-score": 0.07156580907984192,
    "support": 974953.0,
    "iou": 0.037110838117682454
  },
  "accuracy": 0.6771125898545111,
  "macro avg": {
    "precision": 0.6514907030284978,
    "recall": 0.5134193569236464,
    "f1-score": 0.43806992213391394,
    "support": 2973696.0
  },
  "weighted avg": {
    "precision": 0.660677822679947,
    "recall": 0.6771125898545111,
    "f1-score": 0.5642506904113802,
    "support": 2973696.0
  },
  "inference_time_seconds": 0.008046024999998735
}