{
  "soil": {
    "precision": 0.9485242373226761,
    "recall": 0.9503158659131347,
    "f1-score": 0.9494192063827008,
    "support": 1988502.0,
    "iou": 0.9037088933576591
  },
  "plant": {
    "precision": 0.8993344459863996,
    "recall": 0.8959057809933881,
    "f1-score": 0.8976168393476767,
    "support": 985194.0,
    "iou": 0.8142512253330516
  },
  "accuracy": 0.932289648975551,
  "macro avg": {
    "precision": 0.9239293416545378,
    "recall": 0.9231108234532615,
    "f1-score": 0.9235180228651887,
    "support": 2973696.0
  },
  "weighted avg": {
    "precision": 0.9322275185976445,
    "recall": 0.932289648975551,
    "f1-score": 0.9322569338475447,
    "support": 2973696.0
  }
}