{
  "soil": {
    "precision": 0.9549579307009294,
    "recall": 0.9742628243697569,
    "f1-score": 0.9645137895946979,
    "support": 13902691.0,
    "iou": 0.9314598107657805
  },
  "plant": {
    "precision": 0.8950879427483737,
    "recall": 0.826944502457826,
    "f1-score": 0.8596679528688221,
    "support": 3691677.0,
    "iou": 0.7538751147365855
  },
  "accuracy": 0.943352270453818,
  "macro avg": {
    "precision": 0.9250229367246515,
    "recall": 0.9006036634137915,
    "f1-score": 0.91209087123176,
    "support": 17594368.0
  },
  "weighted avg": {
    "precision": 0.9423959189529242,
    "recall": 0.943352270453818,
    "f1-score": 0.9425148769888759,
    "support": 17594368.0
  }
}