{
  "soil": {
    "precision": 0.954548959940478,
    "recall": 0.9605355440730107,
    "f1-score": 0.9575328949288971,
    "support": 2048907.0,
    "iou": 0.9185257647660616
  },
  "plant": {
    "precision": 0.9113328852039445,
    "recall": 0.8986698587461572,
    "f1-score": 0.9049570758435653,
    "support": 924789.0,
    "iou": 0.8264124226369465
  },
  "accuracy": 0.9412959495523416,
  "macro avg": {
    "precision": 0.9329409225722112,
    "recall": 0.929602701409584,
    "f1-score": 0.9312449853862312,
    "support": 2973696.0
  },
  "weighted avg": {
    "precision": 0.9411092033078148,
    "recall": 0.9412959495523416,
    "f1-score": 0.9411823536643883,
    "support": 2973696.0
  }
}