{
  "soil": {
    "precision": 0.9485671298496302,
    "recall": 0.9486286662019953,
    "f1-score": 0.9485978970278338,
    "support": 1988502.0,
    "iou": 0.9022217992015431
  },
  "plant": {
    "precision": 0.8962992289848893,
    "recall": 0.8961818687486931,
    "f1-score": 0.8962405450247911,
    "support": 985194.0,
    "iou": 0.8119890080986181
  },
  "accuracy": 0.9312528920239325,
  "macro avg": {
    "precision": 0.9224331794172598,
    "recall": 0.9224052674753442,
    "f1-score": 0.9224192210263125,
    "support": 2973696.0
  },
  "weighted avg": {
    "precision": 0.9312506246236295,
    "recall": 0.9312528920239325,
    "f1-score": 0.9312517563835697,
    "support": 2973696.0
  },
  "inference_time_seconds": 0.3170645879999938
}