{
  "soil": {
    "precision": 0.965426342025464,
    "recall": 0.9566424830869718,
    "f1-score": 0.9610143414284718,
    "support": 13901857.0,
    "iou": 0.9249543855588372
  },
  "plant": {
    "precision": 0.8421705600110605,
    "recall": 0.871018664534784,
    "f1-score": 0.8563517280886512,
    "support": 3692511.0,
    "iou": 0.7487894216439932
  },
  "accuracy": 0.9386727048109941,
  "macro avg": {
    "precision": 0.9037984510182622,
    "recall": 0.9138305738108778,
    "f1-score": 0.9086830347585615,
    "support": 17594368.0
  },
  "weighted avg": {
    "precision": 0.9395587842420989,
    "recall": 0.9386727048109941,
    "f1-score": 0.9390489118633955,
    "support": 17594368.0
  }
}