{
  "soil": {
    "precision": 0.9543105365223012,
    "recall": 0.9232792810281262,
    "f1-score": 0.938538479280192,
    "support": 1998743.0,
    "iou": 0.8841945383415705
  },
  "plant": {
    "precision": 0.8525452283099315,
    "recall": 0.9093781956668681,
    "f1-score": 0.8800451039977686,
    "support": 974953.0,
    "iou": 0.7857862018722004
  },
  "accuracy": 0.9187216850680097,
  "macro avg": {
    "precision": 0.9034278824161164,
    "recall": 0.9163287383474972,
    "f1-score": 0.9092917916389802,
    "support": 2973696.0
  },
  "weighted avg": {
    "precision": 0.9209458642297822,
    "recall": 0.9187216850680097,
    "f1-score": 0.919360899691786,
    "support": 2973696.0
  },
  "inference_time_seconds": 0.39014529800033415
}