{
  "soil": {
    "precision": 0.9541663821978372,
    "recall": 0.9229860967618148,
    "f1-score": 0.9383172807082907,
    "support": 1998743.0,
    "iou": 0.8838019717739019
  },
  "plant": {
    "precision": 0.8520275544378948,
    "recall": 0.9091074133830042,
    "f1-score": 0.8796424808991172,
    "support": 974953.0,
    "iou": 0.7851444435389288
  },
  "accuracy": 0.9184358454932852,
  "macro avg": {
    "precision": 0.903096968317866,
    "recall": 0.9160467550724094,
    "f1-score": 0.908979880803704,
    "support": 2973696.0
  },
  "weighted avg": {
    "precision": 0.9206792481595767,
    "recall": 0.9184358454932852,
    "f1-score": 0.9190802194557777,
    "support": 2973696.0
  }
}