{
  "soil": {
    "precision": 0.9529120118508426,
    "recall": 0.9400454328551536,
    "f1-score": 0.9464349947838667,
    "support": 2047417.0,
    "iou": 0.8983166582964764
  },
  "plant": {
    "precision": 0.8713188891358221,
    "recall": 0.8973235925676821,
    "f1-score": 0.8841300646791862,
    "support": 926279.0,
    "iou": 0.7923235824298805
  },
  "accuracy": 0.9267379718706956,
  "macro avg": {
    "precision": 0.9121154504933324,
    "recall": 0.9186845127114178,
    "f1-score": 0.9152825297315265,
    "support": 2973696.0
  },
  "weighted avg": {
    "precision": 0.9274965033000875,
    "recall": 0.9267379718706956,
    "f1-score": 0.9270275811301398,
    "support": 2973696.0
  }
}