{
  "soil": {
    "precision": 0.9611888904322382,
    "recall": 0.9666904172253445,
    "f1-score": 0.9639318040643028,
    "support": 13894410.0,
    "iou": 0.9303748612742172
  },
  "plant": {
    "precision": 0.8721652201077716,
    "recall": 0.8534188766467079,
    "f1-score": 0.8626902204240785,
    "support": 3699958.0,
    "iou": 0.7585358324675247
  },
  "accuracy": 0.9428702980408276,
  "macro avg": {
    "precision": 0.916677055270005,
    "recall": 0.9100546469360262,
    "f1-score": 0.9133110122441906,
    "support": 17594368.0
  },
  "weighted avg": {
    "precision": 0.942467908740462,
    "recall": 0.9428702980408276,
    "f1-score": 0.9426414907480009,
    "support": 17594368.0
  }
}