{
  "soil": {
    "precision": 0.940962681082997,
    "recall": 0.9611419340589502,
    "f1-score": 0.9509452676512379,
    "support": 2032937.0,
    "iou": 0.9064782211335495
  },
  "plant": {
    "precision": 0.9119490125529168,
    "recall": 0.8696871356000846,
    "f1-score": 0.8903168308104646,
    "support": 940759.0,
    "iou": 0.8023162426269055
  },
  "accuracy": 0.9322092776127755,
  "macro avg": {
    "precision": 0.9264558468179569,
    "recall": 0.9154145348295174,
    "f1-score": 0.9206310492308513,
    "support": 2973696.0
  },
  "weighted avg": {
    "precision": 0.9317839117021693,
    "recall": 0.9322092776127755,
    "f1-score": 0.9317648444963866,
    "support": 2973696.0
  }
}