{
  "soil": {
    "precision": 0.9393011248072881,
    "recall": 0.9491794188221866,
    "f1-score": 0.9442144360461419,
    "support": 1978293.0,
    "iou": 0.8943240637901045
  },
  "plant": {
    "precision": 0.8968415695497015,
    "recall": 0.8780966101167065,
    "f1-score": 0.8873701079339553,
    "support": 995403.0,
    "iou": 0.7975429334243358
  },
  "accuracy": 0.9253854462594697,
  "macro avg": {
    "precision": 0.9180713471784948,
    "recall": 0.9136380144694465,
    "f1-score": 0.9157922719900486,
    "support": 2973696.0
  },
  "weighted avg": {
    "precision": 0.9250883846071911,
    "recall": 0.9253854462594697,
    "f1-score": 0.9251865950241092,
    "support": 2973696.0
  }
}