{
  "soil": {
    "precision": 0.9384688594316507,
    "recall": 0.9500362180930731,
    "f1-score": 0.9442171129146917,
    "support": 1978293.0,
    "iou": 0.8943288667250371
  },
  "plant": {
    "precision": 0.8982069351887039,
    "recall": 0.8762039093713803,
    "f1-score": 0.8870690014656061,
    "support": 995403.0,
    "iou": 0.7970566033597564
  },
  "accuracy": 0.9253218889893251,
  "macro avg": {
    "precision": 0.9183378973101772,
    "recall": 0.9131200637322268,
    "f1-score": 0.9156430571901488,
    "support": 2973696.0
  },
  "weighted avg": {
    "precision": 0.9249917453698226,
    "recall": 0.9253218889893251,
    "f1-score": 0.9250875846842491,
    "support": 2973696.0
  },
  "inference_time_seconds": 0.3949819170002229
}