{
  "soil": {
    "precision": 0.922553148125019,
    "recall": 0.7428098559944926,
    "f1-score": 0.8229816195158293,
    "support": 1998743.0,
    "iou": 0.6992088085976133
  },
  "plant": {
    "precision": 0.6232283986856967,
    "recall": 0.8721610169926141,
    "f1-score": 0.7269752056789007,
    "support": 974953.0,
    "iou": 0.5710613091920135
  },
  "accuracy": 0.7852187984245868,
  "macro avg": {
    "precision": 0.7728907734053578,
    "recall": 0.8074854364935533,
    "f1-score": 0.774978412597365,
    "support": 2973696.0
  },
  "weighted avg": {
    "precision": 0.8244168347829304,
    "recall": 0.7852187984245868,
    "f1-score": 0.7915050525804213,
    "support": 2973696.0
  },
  "inference_time_seconds": 0.01878545805811882
}