{
  "soil": {
    "precision": 0.9368365945148468,
    "recall": 0.95977071589494,
    "f1-score": 0.9481649934163962,
    "support": 1998743.0,
    "iou": 0.9014389019966815
  },
  "plant": {
    "precision": 0.9131684634182953,
    "recall": 0.8673392460969913,
    "f1-score": 0.889664046258343,
    "support": 974953.0,
    "iou": 0.8012566316170485
  },
  "accuracy": 0.929466226540978,
  "macro avg": {
    "precision": 0.9250025289665711,
    "recall": 0.9135549809959657,
    "f1-score": 0.9189145198373696,
    "support": 2973696.0
  },
  "weighted avg": {
    "precision": 0.9290767846967026,
    "recall": 0.929466226540978,
    "f1-score": 0.9289849313204102,
    "support": 2973696.0
  },
  "inference_time_seconds": 0.3216067540001859
}