{
  "soil": {
    "precision": 0.9466690764572835,
    "recall": 0.969595348675917,
    "f1-score": 0.9579950670998919,
    "support": 2047417.0,
    "iou": 0.9193767100829361
  },
  "plant": {
    "precision": 0.9289935496381295,
    "recall": 0.8792642389603996,
    "f1-score": 0.9034450857305762,
    "support": 926279.0,
    "iou": 0.8238940649246862
  },
  "accuracy": 0.941458037405303,
  "macro avg": {
    "precision": 0.9378313130477065,
    "recall": 0.9244297938181583,
    "f1-score": 0.9307200764152341,
    "support": 2973696.0
  },
  "weighted avg": {
    "precision": 0.9411633121469709,
    "recall": 0.941458037405303,
    "f1-score": 0.9410032487725349,
    "support": 2973696.0
  }
}