{
  "soil": {
    "precision": 0.9553985502888047,
    "recall": 0.9769644443904149,
    "f1-score": 0.9660611556155956,
    "support": 13901857.0,
    "iou": 0.9343503833544213
  },
  "plant": {
    "precision": 0.9052191236356845,
    "recall": 0.8282905589177663,
    "f1-score": 0.8650478983824573,
    "support": 3692511.0,
    "iou": 0.7621889039630697
  },
  "accuracy": 0.9457624167006169,
  "macro avg": {
    "precision": 0.9303088369622445,
    "recall": 0.9026275016540906,
    "f1-score": 0.9155545269990264,
    "support": 17594368.0
  },
  "weighted avg": {
    "precision": 0.9448674482401072,
    "recall": 0.9457624167006169,
    "f1-score": 0.9448616124731996,
    "support": 17594368.0
  }
}