{
  "soil": {
    "precision": 0.9388970890369964,
    "recall": 0.9614297586032822,
    "f1-score": 0.950029835959079,
    "support": 1998743.0,
    "iou": 0.9048160304887035
  },
  "plant": {
    "precision": 0.9168357632539901,
    "recall": 0.8717271499241502,
    "f1-score": 0.8937126236501926,
    "support": 974953.0,
    "iou": 0.8078485235897704
  },
  "accuracy": 0.9320199509297521,
  "macro avg": {
    "precision": 0.9278664261454932,
    "recall": 0.9165784542637162,
    "f1-score": 0.9218712298046358,
    "support": 2973696.0
  },
  "weighted avg": {
    "precision": 0.9316640848038403,
    "recall": 0.9320199509297521,
    "f1-score": 0.9315657309893088,
    "support": 2973696.0
  }
}