{
  "soil": {
    "precision": 0.7662750008726308,
    "recall": 0.8786727458207484,
    "f1-score": 0.8186338568188646,
    "support": 1998743.0,
    "iou": 0.6929552379201254
  },
  "plant": {
    "precision": 0.6443083945460093,
    "recall": 0.45055915515927436,
    "f1-score": 0.5302907113957684,
    "support": 974953.0,
    "iou": 0.36081333601652626
  },
  "accuracy": 0.7383118516485881,
  "macro avg": {
    "precision": 0.70529169770932,
    "recall": 0.6646159504900113,
    "f1-score": 0.6744622841073165,
    "support": 2973696.0
  },
  "weighted avg": {
    "precision": 0.7262871511603676,
    "recall": 0.7383118516485881,
    "f1-score": 0.7240979611995129,
    "support": 2973696.0
  },
  "inference_time_seconds": 1.4270191319999412
}