{
  "soil": {
    "precision": 0.7664871449497783,
    "recall": 0.8783120191040069,
    "f1-score": 0.8185982661115836,
    "support": 1998743.0,
    "iou": 0.6929042362391694
  },
  "plant": {
    "precision": 0.6440731044514459,
    "recall": 0.4514350948199554,
    "f1-score": 0.5308170275172707,
    "support": 974953.0,
    "iou": 0.3613008300935169
  },
  "accuracy": 0.7383565771349863,
  "macro avg": {
    "precision": 0.7052801247006122,
    "recall": 0.6648735569619811,
    "f1-score": 0.6747076468144271,
    "support": 2973696.0
  },
  "weighted avg": {
    "precision": 0.7263525999169402,
    "recall": 0.7383565771349863,
    "f1-score": 0.7242465967038024,
    "support": 2973696.0
  },
  "inference_time_seconds": 2.1608086669584736
}