{
  "soil": {
    "precision": 0.9798981112532105,
    "recall": 0.46384702785700815,
    "f1-score": 0.6296441306636993,
    "support": 1998743.0,
    "iou": 0.4594749033830551
  },
  "plant": {
    "precision": 0.4714687462701584,
    "recall": 0.9804923929666353,
    "f1-score": 0.6367546716606955,
    "support": 974953.0,
    "iou": 0.4670873674926768
  },
  "accuracy": 0.6332338611613292,
  "macro avg": {
    "precision": 0.7256834287616845,
    "recall": 0.7221697104118217,
    "f1-score": 0.6331994011621974,
    "support": 2973696.0
  },
  "weighted avg": {
    "precision": 0.8132049675430526,
    "recall": 0.6332338611613292,
    "f1-score": 0.6319753855319321,
    "support": 2973696.0
  },
  "inference_time_seconds": 4.092986014999951
}