{
  "soil": {
    "precision": 0.9799219582164546,
    "recall": 0.46211393861041666,
    "f1-score": 0.6280503788271572,
    "support": 1998743.0,
    "iou": 0.4577794761080614
  },
  "plant": {
    "precision": 0.4706891356706927,
    "recall": 0.9805888078707384,
    "f1-score": 0.6360635472744045,
    "support": 974953.0,
    "iou": 0.4663439751927881
  },
  "accuracy": 0.6321005913180097,
  "macro avg": {
    "precision": 0.7253055469435736,
    "recall": 0.7213513732405775,
    "f1-score": 0.6320569630507809,
    "support": 2973696.0
  },
  "weighted avg": {
    "precision": 0.812965393712397,
    "recall": 0.6321005913180097,
    "f1-score": 0.6306775682295538,
    "support": 2973696.0
  },
  "inference_time_seconds": 4.87473174999468
}