{
  "soil": {
    "precision": 0.9552419421212236,
    "recall": 0.90006018782805,
    "f1-score": 0.9268304369061088,
    "support": 1998743.0,
    "iou": 0.8636383930178801
  },
  "plant": {
    "precision": 0.8168091964985809,
    "recall": 0.9135424989717453,
    "f1-score": 0.8624719662549241,
    "support": 974953.0,
    "iou": 0.7581984273525229
  },
  "accuracy": 0.9044804848915289,
  "macro avg": {
    "precision": 0.8860255693099022,
    "recall": 0.9068013433998976,
    "f1-score": 0.8946512015805164,
    "support": 2973696.0
  },
  "weighted avg": {
    "precision": 0.9098555204281411,
    "recall": 0.9044804848915289,
    "f1-score": 0.9057299330090108,
    "support": 2973696.0
  },
  "inference_time_seconds": 0.021549124969169497
}