{
  "soil": {
    "precision": 0.9567939805315875,
    "recall": 0.950736537914079,
    "f1-score": 0.9537556413921591,
    "support": 1998743.0,
    "iou": 0.9115993157289282
  },
  "plant": {
    "precision": 0.9002994105955101,
    "recall": 0.9119844751490584,
    "f1-score": 0.9061042719713028,
    "support": 974953.0,
    "iou": 0.8283278275564598
  },
  "accuracy": 0.938031325327135,
  "macro avg": {
    "precision": 0.9285466955635489,
    "recall": 0.9313605065315687,
    "f1-score": 0.929929956681731,
    "support": 2973696.0
  },
  "weighted avg": {
    "precision": 0.9382717272673371,
    "recall": 0.938031325327135,
    "f1-score": 0.9381327110149544,
    "support": 2973696.0
  }
}