{
  "soil": {
    "precision": 0.9766002866545661,
    "recall": 0.974044043180706,
    "f1-score": 0.9753204899888451,
    "support": 13901857.0,
    "iou": 0.9518297969852326
  },
  "plant": {
    "precision": 0.9032325627484145,
    "recall": 0.9121335048155578,
    "f1-score": 0.9076612126267111,
    "support": 3692511.0,
    "iou": 0.8309337937265179
  },
  "accuracy": 0.9610509453934349,
  "macro avg": {
    "precision": 0.9399164247014903,
    "recall": 0.943088773998132,
    "f1-score": 0.9414908513077781,
    "support": 17594368.0
  },
  "weighted avg": {
    "precision": 0.961202681718235,
    "recall": 0.9610509453934349,
    "f1-score": 0.9611209105602614,
    "support": 17594368.0
  }
}