{
  "soil": {
    "precision": 0.9572353434956158,
    "recall": 0.9646686532347831,
    "f1-score": 0.9609376235333212,
    "support": 2047417.0,
    "iou": 0.9248122589145995
  },
  "plant": {
    "precision": 0.9205408730420264,
    "recall": 0.9047403644042453,
    "f1-score": 0.9125722303378035,
    "support": 926279.0,
    "iou": 0.8392026172196148
  },
  "accuracy": 0.9460015415160123,
  "macro avg": {
    "precision": 0.9388881082688211,
    "recall": 0.9347045088195143,
    "f1-score": 0.9367549269355624,
    "support": 2973696.0
  },
  "weighted avg": {
    "precision": 0.9458053528720685,
    "recall": 0.9460015415160123,
    "f1-score": 0.945872247636205,
    "support": 2973696.0
  }
}