{
  "soil": {
    "precision": 0.9570776978170762,
    "recall": 0.9502987627724024,
    "f1-score": 0.9536761839155139,
    "support": 1998743.0,
    "iou": 0.9114541495235435
  },
  "plant": {
    "precision": 0.8995662767538494,
    "recall": 0.9126286087637046,
    "f1-score": 0.9060503660014979,
    "support": 974953.0,
    "iou": 0.828237734026006
  },
  "accuracy": 0.9379482637095385,
  "macro avg": {
    "precision": 0.9283219872854628,
    "recall": 0.9314636857680535,
    "f1-score": 0.9298632749585058,
    "support": 2973696.0
  },
  "weighted avg": {
    "precision": 0.9382220607580575,
    "recall": 0.9379482637095385,
    "f1-score": 0.9380616308298174,
    "support": 2973696.0
  },
  "inference_time_seconds": 0.4462902560001112
}