{
  "soil": {
    "precision": 0.9765698017520046,
    "recall": 0.4992437747124068,
    "f1-score": 0.6607154207983728,
    "support": 1998743.0,
    "iou": 0.4933345989783871
  },
  "plant": {
    "precision": 0.48722497880265075,
    "recall": 0.9754439444773235,
    "f1-score": 0.649854040934138,
    "support": 974953.0,
    "iou": 0.48132132423946117
  },
  "accuracy": 0.6553702866735537,
  "macro avg": {
    "precision": 0.7318973902773277,
    "recall": 0.7373438595948651,
    "f1-score": 0.6552847308662554,
    "support": 2973696.0
  },
  "weighted avg": {
    "precision": 0.8161336969285992,
    "recall": 0.6553702866735537,
    "f1-score": 0.6571544196460104,
    "support": 2973696.0
  },
  "inference_time_seconds": 3.8713043700000753
}