{
  "soil": {
    "precision": 0.9766878607062506,
    "recall": 0.49954796589656597,
    "f1-score": 0.6610087972928554,
    "support": 1998743.0,
    "iou": 0.49366179251696474
  },
  "plant": {
    "precision": 0.4874054266791569,
    "recall": 0.9755557447384643,
    "f1-score": 0.650039349373571,
    "support": 974953.0,
    "iou": 0.481524664494428
  },
  "accuracy": 0.6556114007618802,
  "macro avg": {
    "precision": 0.7320466436927038,
    "recall": 0.7375518553175151,
    "f1-score": 0.6555240733332133,
    "support": 2973696.0
  },
  "weighted avg": {
    "precision": 0.8162722106525743,
    "recall": 0.6556114007618802,
    "f1-score": 0.6574123650559186,
    "support": 2973696.0
  },
  "inference_time_seconds": 4.502462415955961
}