{
  "soil": {
    "precision": 0.803424706439252,
    "recall": 0.9120046949507765,
    "f1-score": 0.8542783558662473,
    "support": 1998743.0,
    "iou": 0.7456246988439699
  },
  "plant": {
    "precision": 0.750464651050608,
    "recall": 0.5425389736736027,
    "f1-score": 0.6297837280172498,
    "support": 974953.0,
    "iou": 0.45962359438771744
  },
  "accuracy": 0.7908720326489325,
  "macro avg": {
    "precision": 0.77694467874493,
    "recall": 0.7272718343121896,
    "f1-score": 0.7420310419417486,
    "support": 2973696.0
  },
  "weighted avg": {
    "precision": 0.786061275583736,
    "recall": 0.7908720326489325,
    "f1-score": 0.7806757714375554,
    "support": 2973696.0
  },
  "inference_time_seconds": 0.3167159330000686
}