{
  "soil": {
    "precision": 0.7980708141921611,
    "recall": 0.9150621165402455,
    "f1-score": 0.8525717476827223,
    "support": 1998743.0,
    "iou": 0.7430283731997352
  },
  "plant": {
    "precision": 0.7510543264042044,
    "recall": 0.5253412215768349,
    "f1-score": 0.6182406354015468,
    "support": 974953.0,
    "iou": 0.4474300310468393
  },
  "accuracy": 0.7872886132274449,
  "macro avg": {
    "precision": 0.7745625702981828,
    "recall": 0.7202016690585402,
    "f1-score": 0.7354061915421346,
    "support": 2973696.0
  },
  "weighted avg": {
    "precision": 0.7826560354729067,
    "recall": 0.7872886132274449,
    "f1-score": 0.7757441832942076,
    "support": 2973696.0
  }
}