{
  "soil": {
    "precision": 0.8793769021790522,
    "recall": 0.9264920506663247,
    "f1-score": 0.902319858951836,
    "support": 13901857.0,
    "iou": 0.8220243996490812
  },
  "plant": {
    "precision": 0.6533214776778611,
    "recall": 0.5215372411889904,
    "f1-score": 0.5800382217978702,
    "support": 3692511.0,
    "iou": 0.40848861617407745
  },
  "accuracy": 0.8415046223882552,
  "macro avg": {
    "precision": 0.7663491899284567,
    "recall": 0.7240146459276575,
    "f1-score": 0.741179040374853,
    "support": 17594368.0
  },
  "weighted avg": {
    "precision": 0.8319348945104439,
    "recall": 0.8415046223882552,
    "f1-score": 0.8346829600141176,
    "support": 17594368.0
  }
}