{
  "soil": {
    "precision": 0.8243307324786631,
    "recall": 0.9237605236256219,
    "f1-score": 0.8712178914185413,
    "support": 2047417.0,
    "iou": 0.7718211378397922
  },
  "plant": {
    "precision": 0.7702208967176096,
    "recall": 0.5648708434499756,
    "f1-score": 0.6517534555596316,
    "support": 926279.0,
    "iou": 0.4834082150977528
  },
  "accuracy": 0.8119696835184229,
  "macro avg": {
    "precision": 0.7972758145981363,
    "recall": 0.7443156835377988,
    "f1-score": 0.7614856734890865,
    "support": 2973696.0
  },
  "weighted avg": {
    "precision": 0.8074760154669333,
    "recall": 0.8119696835184229,
    "f1-score": 0.8028567347357617,
    "support": 2973696.0
  }
}