{
  "soil": {
    "precision": 0.9503951571335985,
    "recall": 0.9030655099736508,
    "f1-score": 0.9261260327610479,
    "support": 1998917.0,
    "iou": 0.8624159454598007
  },
  "plant": {
    "precision": 0.819641170037,
    "recall": 0.9033442452084011,
    "f1-score": 0.8594595491492867,
    "support": 974779.0,
    "iou": 0.7535546402656984
  },
  "accuracy": 0.9031568795196281,
  "macro avg": {
    "precision": 0.8850181635852992,
    "recall": 0.903204877591026,
    "f1-score": 0.8927927909551673,
    "support": 2973696.0
  },
  "weighted avg": {
    "precision": 0.9075339363537894,
    "recall": 0.9031568795196281,
    "f1-score": 0.9042727268990536,
    "support": 2973696.0
  },
  "inference_time_seconds": 0.023429625085555017
}