{
  "soil": {
    "precision": 0.9088858761070917,
    "recall": 0.07177711191483847,
    "f1-score": 0.13304714064664153,
    "support": 1998743.0,
    "iou": 0.07126432784849426
  },
  "plant": {
    "precision": 0.3411300317843635,
    "recall": 0.9852485196722304,
    "f1-score": 0.5067902499813364,
    "support": 974953.0,
    "iou": 0.3393965583033476
  },
  "accuracy": 0.3712669351540978,
  "macro avg": {
    "precision": 0.6250079539457276,
    "recall": 0.5285128157935344,
    "f1-score": 0.319918695313989,
    "support": 2973696.0
  },
  "weighted avg": {
    "precision": 0.7227420121445424,
    "recall": 0.3712669351540978,
    "f1-score": 0.2555821831241472,
    "support": 2973696.0
  },
  "inference_time_seconds": 0.054022790980525315
}