{
  "soil": {
    "precision": 0.9786283662477558,
    "recall": 0.4772589572546345,
    "f1-score": 0.6416144245168898,
    "support": 1998743.0,
    "iou": 0.472336011289504
  },
  "plant": {
    "precision": 0.47731204344689654,
    "recall": 0.978632816146009,
    "f1-score": 0.6416633517143655,
    "support": 974953.0,
    "iou": 0.47238904473659976
  },
  "accuracy": 0.6416388897856405,
  "macro avg": {
    "precision": 0.7279702048473262,
    "recall": 0.7279458867003218,
    "f1-score": 0.6416388881156276,
    "support": 2973696.0
  },
  "weighted avg": {
    "precision": 0.8142672974419107,
    "recall": 0.6416388897856405,
    "f1-score": 0.6416304657389785,
    "support": 2973696.0
  },
  "inference_time_seconds": 4.133827156999928
}