{
  "soil": {
    "precision": 0.9783026243697635,
    "recall": 0.47704332172770586,
    "f1-score": 0.6413495496871067,
    "support": 1998743.0,
    "iou": 0.47204897296387427
  },
  "plant": {
    "precision": 0.477126772456282,
    "recall": 0.9783097236482169,
    "f1-score": 0.6414264891064773,
    "support": 974953.0,
    "iou": 0.4721323387827695
  },
  "accuracy": 0.6413880235235881,
  "macro avg": {
    "precision": 0.7277146984130227,
    "recall": 0.7276765226879613,
    "f1-score": 0.641388019396792,
    "support": 2973696.0
  },
  "weighted avg": {
    "precision": 0.8139876102087314,
    "recall": 0.6413880235235881,
    "f1-score": 0.6413747749682832,
    "support": 2973696.0
  },
  "inference_time_seconds": 4.868394708028063
}