{
  "soil": {
    "precision": 0.9715599919157313,
    "recall": 0.9765191082025948,
    "f1-score": 0.9740332379863255,
    "support": 13901857.0,
    "iou": 0.9493808903463707
  },
  "plant": {
    "precision": 0.9098651627810397,
    "recall": 0.8923802799775004,
    "f1-score": 0.9010379046502608,
    "support": 3692511.0,
    "iou": 0.819898983288873
  },
  "accuracy": 0.9588609832419102,
  "macro avg": {
    "precision": 0.9407125773483855,
    "recall": 0.9344496940900475,
    "f1-score": 0.9375355713182931,
    "support": 17594368.0
  },
  "weighted avg": {
    "precision": 0.9586121647915646,
    "recall": 0.9588609832419102,
    "f1-score": 0.9587137862565398,
    "support": 17594368.0
  }
}