{
  "soil": {
    "precision": 0.9523678414096917,
    "recall": 0.9731207663118945,
    "f1-score": 0.9626324663016744,
    "support": 2047417.0,
    "iou": 0.9279570017675292
  },
  "plant": {
    "precision": 0.9375805295441347,
    "recall": 0.892421181954897,
    "f1-score": 0.9144436522611609,
    "support": 926279.0,
    "iou": 0.8423732717015587
  },
  "accuracy": 0.9479835867553374,
  "macro avg": {
    "precision": 0.9449741854769131,
    "recall": 0.9327709741333957,
    "f1-score": 0.9385380592814176,
    "support": 2973696.0
  },
  "weighted avg": {
    "precision": 0.9477617295382978,
    "recall": 0.9479835867553374,
    "f1-score": 0.9476220931900206,
    "support": 2973696.0
  },
  "inference_time_seconds": 1.1260500349999347
}