{
  "soil": {
    "precision": 0.9478520491737041,
    "recall": 0.973920310322714,
    "f1-score": 0.9607093757068836,
    "support": 2047417.0,
    "iou": 0.9243895338325788
  },
  "plant": {
    "precision": 0.9386231709139395,
    "recall": 0.8815637621062337,
    "f1-score": 0.9091991143766817,
    "support": 926279.0,
    "iou": 0.8335151963661418
  },
  "accuracy": 0.9451520935563017,
  "macro avg": {
    "precision": 0.9432376100438218,
    "recall": 0.9277420362144738,
    "f1-score": 0.9349542450417827,
    "support": 2973696.0
  },
  "weighted avg": {
    "precision": 0.9449773383338683,
    "recall": 0.9451520935563017,
    "f1-score": 0.9446644022614884,
    "support": 2973696.0
  }
}