{
  "soil": {
    "precision": 0.9497438905528349,
    "recall": 0.9623658469347985,
    "f1-score": 0.9560132095806985,
    "support": 1998743.0,
    "iou": 0.9157330517532029
  },
  "plant": {
    "precision": 0.9206855829352903,
    "recall": 0.895601121284821,
    "f1-score": 0.9079701332523632,
    "support": 974953.0,
    "iou": 0.8314517403782611
  },
  "accuracy": 0.9404764306775137,
  "macro avg": {
    "precision": 0.9352147367440626,
    "recall": 0.9289834841098097,
    "f1-score": 0.9319916714165308,
    "support": 2973696.0
  },
  "weighted avg": {
    "precision": 0.94021686284501,
    "recall": 0.9404764306775137,
    "f1-score": 0.9402618545681015,
    "support": 2973696.0
  },
  "inference_time_seconds": 0.6588276720003705
}