{
  "soil": {
    "precision": 0.97529296833652,
    "recall": 0.9775968778847315,
    "f1-score": 0.9764435640992056,
    "support": 13901857.0,
    "iou": 0.9539713980107737
  },
  "plant": {
    "precision": 0.9148980878335785,
    "recall": 0.9067612797903649,
    "f1-score": 0.910811511466936,
    "support": 3692511.0,
    "iou": 0.8362294690551045
  },
  "accuracy": 0.9627306874563497,
  "macro avg": {
    "precision": 0.9450955280850493,
    "recall": 0.9421790788375481,
    "f1-score": 0.9436275377830707,
    "support": 17594368.0
  },
  "weighted avg": {
    "precision": 0.9626179600269974,
    "recall": 0.9627306874563497,
    "f1-score": 0.9626694361340958,
    "support": 17594368.0
  },
  "inference_time_seconds": 6.297128127000178
}