{
  "soil": {
    "precision": 0.9504774960425021,
    "recall": 0.9615898592265238,
    "f1-score": 0.9560013867700742,
    "support": 1998743.0,
    "iou": 0.9157113569455754
  },
  "plant": {
    "precision": 0.9193219733392183,
    "recall": 0.8972873564161554,
    "f1-score": 0.9081710301068548,
    "support": 974953.0,
    "iou": 0.8317887280420262
  },
  "accuracy": 0.9405077048898072,
  "macro avg": {
    "precision": 0.9348997346908602,
    "recall": 0.9294386078213397,
    "f1-score": 0.9320862084384645,
    "support": 2973696.0
  },
  "weighted avg": {
    "precision": 0.9402628774916701,
    "recall": 0.9405077048898072,
    "f1-score": 0.9403197738143868,
    "support": 2973696.0
  },
  "inference_time_seconds": 1.1439217299994198
}