{
  "soil": {
    "precision": 0.9462680165734769,
    "recall": 0.9625469607648407,
    "f1-score": 0.9543380728202862,
    "support": 1998743.0,
    "iou": 0.9126640724065186
  },
  "plant": {
    "precision": 0.9204108581197744,
    "recall": 0.8879494703847263,
    "f1-score": 0.9038888114512971,
    "support": 974953.0,
    "iou": 0.8246324103744289
  },
  "accuracy": 0.9380895020876377,
  "macro avg": {
    "precision": 0.9333394373466257,
    "recall": 0.9252482155747834,
    "f1-score": 0.9291134421357916,
    "support": 2973696.0
  },
  "weighted avg": {
    "precision": 0.9377905144327359,
    "recall": 0.9380895020876377,
    "f1-score": 0.9377978283839079,
    "support": 2973696.0
  }
}