{
  "soil": {
    "precision": 0.9431833114900405,
    "recall": 0.6749623585995891,
    "f1-score": 0.7868429206127362,
    "support": 1988502.0,
    "iou": 0.648591129691261
  },
  "plant": {
    "precision": 0.5831908690439878,
    "recall": 0.917933929764087,
    "f1-score": 0.7132394144033125,
    "support": 985194.0,
    "iou": 0.5542906912031146
  },
  "accuracy": 0.7554595358772382,
  "macro avg": {
    "precision": 0.7631870902670141,
    "recall": 0.7964481441818381,
    "f1-score": 0.7500411675080243,
    "support": 2973696.0
  },
  "weighted avg": {
    "precision": 0.823916784466701,
    "recall": 0.7554595358772382,
    "f1-score": 0.762457868241382,
    "support": 2973696.0
  },
  "inference_time_seconds": 1.4066513789999817
}