{
  "soil": {
    "precision": 0.9426963168671145,
    "recall": 0.6719168499704803,
    "f1-score": 0.7846009839604349,
    "support": 1988502.0,
    "iou": 0.645550122721914
  },
  "plant": {
    "precision": 0.580823326072849,
    "recall": 0.9175614143001277,
    "f1-score": 0.7113541110906513,
    "support": 985194.0,
    "iou": 0.5520167465809471
  },
  "accuracy": 0.7532995975378788,
  "macro avg": {
    "precision": 0.7617598214699818,
    "recall": 0.794739132135304,
    "f1-score": 0.747977547525543,
    "support": 2973696.0
  },
  "weighted avg": {
    "precision": 0.8228067587910483,
    "recall": 0.7532995975378788,
    "f1-score": 0.7603340852357255,
    "support": 2973696.0
  },
  "inference_time_seconds": 2.160267625004053
}