{
  "soil": {
    "precision": 0.8931764805937701,
    "recall": 0.9848565289826157,
    "f1-score": 0.9367787296187147,
    "support": 2047417.0,
    "iou": 0.881075986452729
  },
  "plant": {
    "precision": 0.9567043045738016,
    "recall": 0.7396443188283444,
    "f1-score": 0.8342871198933756,
    "support": 926279.0,
    "iou": 0.7156883432711714
  },
  "accuracy": 0.9084751770187672,
  "macro avg": {
    "precision": 0.9249403925837858,
    "recall": 0.86225042390548,
    "f1-score": 0.8855329247560451,
    "support": 2973696.0
  },
  "weighted avg": {
    "precision": 0.9129648144612534,
    "recall": 0.9084751770187672,
    "f1-score": 0.904853534250803,
    "support": 2973696.0
  }
}