{
  "soil": {
    "precision": 0.8737193738141938,
    "recall": 0.9819621632195835,
    "f1-score": 0.9246838417424303,
    "support": 1998743.0,
    "iou": 0.8599181130513075
  },
  "plant": {
    "precision": 0.950431301162877,
    "recall": 0.7090403332263197,
    "f1-score": 0.8121791448797999,
    "support": 974953.0,
    "iou": 0.683755586020261
  },
  "accuracy": 0.8924822846720041,
  "macro avg": {
    "precision": 0.9120753374885354,
    "recall": 0.8455012482229516,
    "f1-score": 0.8684314933111151,
    "support": 2973696.0
  },
  "weighted avg": {
    "precision": 0.8988700696837046,
    "recall": 0.8924822846720041,
    "f1-score": 0.8877981642151,
    "support": 2973696.0
  }
}