{
  "soil": {
    "precision": 0.9051899595238063,
    "recall": 0.9807577059289827,
    "f1-score": 0.9414598765330804,
    "support": 2047417.0,
    "iou": 0.8893946064600942
  },
  "plant": {
    "precision": 0.9478430671670937,
    "recall": 0.7729399025563573,
    "f1-score": 0.8515027645730284,
    "support": 926279.0,
    "iou": 0.7414060202386722
  },
  "accuracy": 0.916024368328168,
  "macro avg": {
    "precision": 0.92651651334545,
    "recall": 0.87684880424267,
    "f1-score": 0.8964813205530544,
    "support": 2973696.0
  },
  "weighted avg": {
    "precision": 0.9184760109206931,
    "recall": 0.916024368328168,
    "f1-score": 0.9134390621293065,
    "support": 2973696.0
  }
}