{
  "soil": {
    "precision": 0.932616522724868,
    "recall": 0.9871729366803298,
    "f1-score": 0.9591195399313721,
    "support": 13901857.0,
    "iou": 0.9214502305751181
  },
  "plant": {
    "precision": 0.938067785767052,
    "recall": 0.7314689109930884,
    "f1-score": 0.821985432275052,
    "support": 3692511.0,
    "iou": 0.6977718737914417
  },
  "accuracy": 0.9335086091185543,
  "macro avg": {
    "precision": 0.9353421542459599,
    "recall": 0.8593209238367091,
    "f1-score": 0.8905524861032121,
    "support": 17594368.0
  },
  "weighted avg": {
    "precision": 0.9337605734089935,
    "recall": 0.9335086091185543,
    "f1-score": 0.930339352942209,
    "support": 17594368.0
  }
}