{
  "soil": {
    "precision": 0.8863664608387148,
    "recall": 0.9777244998481546,
    "f1-score": 0.9298067775473612,
    "support": 1998743.0,
    "iou": 0.8688214034998801
  },
  "plant": {
    "precision": 0.9420983637257426,
    "recall": 0.7430296639940592,
    "f1-score": 0.8308057537867819,
    "support": 974953.0,
    "iou": 0.7105797488121348
  },
  "accuracy": 0.9007776854123623,
  "macro avg": {
    "precision": 0.9142324122822287,
    "recall": 0.860377081921107,
    "f1-score": 0.8803062656670715,
    "support": 2973696.0
  },
  "weighted avg": {
    "precision": 0.9046386668461266,
    "recall": 0.9007776854123623,
    "f1-score": 0.8973484007938369,
    "support": 2973696.0
  }
}