{
  "soil": {
    "precision": 0.9378308771366849,
    "recall": 0.9847001015763578,
    "f1-score": 0.9606941788746879,
    "support": 13901857.0,
    "iou": 0.9243613952190635
  },
  "plant": {
    "precision": 0.9290477621708823,
    "recall": 0.7542433861402174,
    "f1-score": 0.8325691378212506,
    "support": 3692511.0,
    "iou": 0.7131635498032372
  },
  "accuracy": 0.936334399735188,
  "macro avg": {
    "precision": 0.9334393196537836,
    "recall": 0.8694717438582875,
    "f1-score": 0.8966316583479692,
    "support": 17594368.0
  },
  "weighted avg": {
    "precision": 0.9359875742896892,
    "recall": 0.936334399735188,
    "f1-score": 0.9338047149584354,
    "support": 17594368.0
  }
}