{
  "soil": {
    "precision": 0.8686005189792377,
    "recall": 0.9835651707097911,
    "f1-score": 0.9225148943039376,
    "support": 1998743.0,
    "iou": 0.8561741498115532
  },
  "plant": {
    "precision": 0.9537603092311872,
    "recall": 0.6949647829177407,
    "f1-score": 0.8040513599468363,
    "support": 974953.0,
    "iou": 0.6723126169624589
  },
  "accuracy": 0.8889449358643251,
  "macro avg": {
    "precision": 0.9111804141052124,
    "recall": 0.8392649768137659,
    "f1-score": 0.8632831271253869,
    "support": 2973696.0
  },
  "weighted avg": {
    "precision": 0.8965209227412594,
    "recall": 0.8889449358643251,
    "f1-score": 0.8836755582682234,
    "support": 2973696.0
  },
  "inference_time_seconds": 0.4827294859999256
}