{
  "soil": {
    "precision": 0.7331418116868105,
    "recall": 0.6283393227665851,
    "f1-score": 0.6767068860371734,
    "support": 1988502.0,
    "iou": 0.5113809471966942
  },
  "plant": {
    "precision": 0.41782031588483204,
    "recall": 0.538373152901865,
    "f1-score": 0.4704973379389385,
    "support": 985194.0,
    "iou": 0.30761459238320377
  },
  "accuracy": 0.5985332730716253,
  "macro avg": {
    "precision": 0.5754810637858212,
    "recall": 0.5833562378342251,
    "f1-score": 0.573602111988056,
    "support": 2973696.0
  },
  "weighted avg": {
    "precision": 0.6286748972022316,
    "recall": 0.5985332730716253,
    "f1-score": 0.608389072269696,
    "support": 2973696.0
  },
  "inference_time_seconds": 0.849498638
}