{
  "soil": {
    "precision": 0.7320251529720668,
    "recall": 0.6216619344612175,
    "f1-score": 0.6723447049107081,
    "support": 1988502.0,
    "iou": 0.5064151119628453
  },
  "plant": {
    "precision": 0.4145272838911461,
    "recall": 0.5406681323678382,
    "f1-score": 0.4692687770104877,
    "support": 985194.0,
    "iou": 0.30656510428656936
  },
  "accuracy": 0.5948284559013429,
  "macro avg": {
    "precision": 0.5732762184316065,
    "recall": 0.5811650334145279,
    "f1-score": 0.5708067409605979,
    "support": 2973696.0
  },
  "weighted avg": {
    "precision": 0.6268371997881137,
    "recall": 0.5948284559013429,
    "f1-score": 0.605065068487977,
    "support": 2973696.0
  },
  "inference_time_seconds": 1.617447791970335
}