{
  "soil": {
    "precision": 0.9533217768629749,
    "recall": 0.9426564595848491,
    "f1-score": 0.9479591207823653,
    "support": 1998743.0,
    "iou": 0.9010668116692659
  },
  "plant": {
    "precision": 0.8850763149820418,
    "recall": 0.9053759514561215,
    "f1-score": 0.8951110574785259,
    "support": 974953.0,
    "iou": 0.8101366780228494
  },
  "accuracy": 0.9304337094309573,
  "macro avg": {
    "precision": 0.9191990459225083,
    "recall": 0.9240162055204852,
    "f1-score": 0.9215350891304457,
    "support": 2973696.0
  },
  "weighted avg": {
    "precision": 0.9309468879041838,
    "recall": 0.9304337094309573,
    "f1-score": 0.9306324075398993,
    "support": 2973696.0
  }
}