{
  "soil": {
    "precision": 0.9553196662166396,
    "recall": 0.9576769168176292,
    "f1-score": 0.9564968391804065,
    "support": 2047417.0,
    "iou": 0.9166209313914775
  },
  "plant": {
    "precision": 0.9059374073925319,
    "recall": 0.9009963520710282,
    "f1-score": 0.9034601240807878,
    "support": 926279.0,
    "iou": 0.8239190784771337
  },
  "accuracy": 0.9400214413309229,
  "macro avg": {
    "precision": 0.9306285368045857,
    "recall": 0.9293366344443288,
    "f1-score": 0.9299784816305972,
    "support": 2973696.0
  },
  "weighted avg": {
    "precision": 0.9399375460129148,
    "recall": 0.9400214413309229,
    "f1-score": 0.9399763894014918,
    "support": 2973696.0
  }
}