{
  "soil": {
    "precision": 0.95717257325364,
    "recall": 0.954950066351896,
    "f1-score": 0.9560600281657082,
    "support": 2047417.0,
    "iou": 0.9158189684851602
  },
  "plant": {
    "precision": 0.9009315459280176,
    "recall": 0.9055554535944353,
    "f1-score": 0.9032375820540652,
    "support": 926279.0,
    "iou": 0.8235489904419669
  },
  "accuracy": 0.9395640980113636,
  "macro avg": {
    "precision": 0.9290520595908288,
    "recall": 0.9302527599731657,
    "f1-score": 0.9296488051098868,
    "support": 2973696.0
  },
  "weighted avg": {
    "precision": 0.9396540096378063,
    "recall": 0.9395640980113636,
    "f1-score": 0.9396063212091644,
    "support": 2973696.0
  }
}