{
  "soil": {
    "precision": 0.9558460848535812,
    "recall": 0.9394879681880062,
    "f1-score": 0.9475964352758321,
    "support": 1998743.0,
    "iou": 0.9004116548428783
  },
  "plant": {
    "precision": 0.8801497088169455,
    "recall": 0.9110295573222504,
    "f1-score": 0.8953234494826905,
    "support": 974953.0,
    "iou": 0.8104847061915265
  },
  "accuracy": 0.9301576220299587,
  "macro avg": {
    "precision": 0.9179978968352633,
    "recall": 0.9252587627551283,
    "f1-score": 0.9214599423792613,
    "support": 2973696.0
  },
  "weighted avg": {
    "precision": 0.931028346622758,
    "recall": 0.9301576220299587,
    "f1-score": 0.9304582663715526,
    "support": 2973696.0
  }
}