{
  "soil": {
    "precision": 0.9735871352864169,
    "recall": 0.96849931631436,
    "f1-score": 0.9710365613437494,
    "support": 13901857.0,
    "iou": 0.9437036583261408
  },
  "plant": {
    "precision": 0.8836920608951545,
    "recall": 0.9010784260358331,
    "f1-score": 0.8923005587133034,
    "support": 3692511.0,
    "iou": 0.8055439277614989
  },
  "accuracy": 0.9543497669254162,
  "macro avg": {
    "precision": 0.9286395980907858,
    "recall": 0.9347888711750966,
    "f1-score": 0.9316685600285264,
    "support": 17594368.0
  },
  "weighted avg": {
    "precision": 0.9547209531629356,
    "recall": 0.9543497669254162,
    "f1-score": 0.9545123215524167,
    "support": 17594368.0
  }
}