{
  "soil": {
    "precision": 0.9534140001593701,
    "recall": 0.9458119428060536,
    "f1-score": 0.9495977570538502,
    "support": 1998743.0,
    "iou": 0.904032491772328
  },
  "plant": {
    "precision": 0.8906962427716497,
    "recall": 0.9052559456712272,
    "f1-score": 0.8979170767960616,
    "support": 974953.0,
    "iou": 0.8147454768518391
  },
  "accuracy": 0.9325152940986571,
  "macro avg": {
    "precision": 0.9220551214655099,
    "recall": 0.9255339442386404,
    "f1-score": 0.9237574169249558,
    "support": 2973696.0
  },
  "weighted avg": {
    "precision": 0.9328514188738485,
    "recall": 0.9325152940986571,
    "f1-score": 0.9326537808507104,
    "support": 2973696.0
  },
  "inference_time_seconds": 0.4759744230000251
}