{
  "soil": {
    "precision": 0.9719650836091088,
    "recall": 0.9668416241082036,
    "f1-score": 0.9693965842727164,
    "support": 13901857.0,
    "iou": 0.940610684458702
  },
  "plant": {
    "precision": 0.8775919853226055,
    "recall": 0.8950083019387078,
    "f1-score": 0.8862145834266298,
    "support": 3692511.0,
    "iou": 0.7956780275981022
  },
  "accuracy": 0.9517660424062973,
  "macro avg": {
    "precision": 0.9247785344658572,
    "recall": 0.9309249630234557,
    "f1-score": 0.927805583849673,
    "support": 17594368.0
  },
  "weighted avg": {
    "precision": 0.9521591034496057,
    "recall": 0.9517660424062973,
    "f1-score": 0.9519392676401335,
    "support": 17594368.0
  }
}