{
  "soil": {
    "precision": 0.7445404098214509,
    "recall": 0.6121367279335063,
    "f1-score": 0.6718776599074585,
    "support": 1998743.0,
    "iou": 0.5058853688588983
  },
  "plant": {
    "precision": 0.4172865953344683,
    "recall": 0.5694182181089755,
    "f1-score": 0.48162446624110544,
    "support": 974953.0,
    "iou": 0.31719719893588816
  },
  "accuracy": 0.5981310799758953,
  "macro avg": {
    "precision": 0.5809135025779596,
    "recall": 0.590777473021241,
    "f1-score": 0.576751063074282,
    "support": 2973696.0
  },
  "weighted avg": {
    "precision": 0.637247301112448,
    "recall": 0.5981310799758953,
    "f1-score": 0.6095014378845645,
    "support": 2973696.0
  },
  "inference_time_seconds": 0.8582535650000409
}