{
  "soil": {
    "precision": 0.7373162464535142,
    "recall": 0.6211033634639371,
    "f1-score": 0.6742387952375211,
    "support": 1998743.0,
    "iou": 0.5085672991602711
  },
  "plant": {
    "precision": 0.4129266418963912,
    "recall": 0.5463545422189583,
    "f1-score": 0.4703612457725149,
    "support": 974953.0,
    "iou": 0.30749825373642675
  },
  "accuracy": 0.596596289600551,
  "macro avg": {
    "precision": 0.5751214441749527,
    "recall": 0.5837289528414478,
    "f1-score": 0.5723000205050179,
    "support": 2973696.0
  },
  "weighted avg": {
    "precision": 0.6309621947509256,
    "recall": 0.596596289600551,
    "f1-score": 0.6073957055324685,
    "support": 2973696.0
  },
  "inference_time_seconds": 1.6580884590512142
}