{
  "soil": {
    "precision": 0.6975546732674028,
    "recall": 0.9986536538214268,
    "f1-score": 0.8213796761560432,
    "support": 1998743.0,
    "iou": 0.6968992978817746
  },
  "plant": {
    "precision": 0.976015401481323,
    "recall": 0.11231926051819933,
    "f1-score": 0.20145518097778595,
    "support": 974953.0,
    "iou": 0.1120100977451915
  },
  "accuracy": 0.7080609450327136,
  "macro avg": {
    "precision": 0.8367850373743629,
    "recall": 0.555486457169813,
    "f1-score": 0.5114174285669146,
    "support": 2973696.0
  },
  "weighted avg": {
    "precision": 0.7888505294525496,
    "recall": 0.7080609450327136,
    "f1-score": 0.6181318504376351,
    "support": 2973696.0
  }
}