{
  "soil": {
    "precision": 0.7007816355165626,
    "recall": 0.9982724142123325,
    "f1-score": 0.8234828965381188,
    "support": 1998743.0,
    "iou": 0.6999327881549998
  },
  "plant": {
    "precision": 0.9726951392128799,
    "recall": 0.12616813323308917,
    "f1-score": 0.22336378509806484,
    "support": 974953.0,
    "iou": 0.12572285942645486
  },
  "accuracy": 0.7123451758350551,
  "macro avg": {
    "precision": 0.8367383873647212,
    "recall": 0.5622202737227109,
    "f1-score": 0.5234233408180918,
    "support": 2973696.0
  },
  "weighted avg": {
    "precision": 0.789930925211688,
    "recall": 0.7123451758350551,
    "f1-score": 0.6267284441476206,
    "support": 2973696.0
  },
  "inference_time_seconds": 0.3895111229999202
}