{
  "soil": {
    "precision": 0.7146186472509346,
    "recall": 0.9989391511353085,
    "f1-score": 0.8331910899563412,
    "support": 2047417.0,
    "iou": 0.7140767290893977
  },
  "plant": {
    "precision": 0.9805527948642188,
    "recall": 0.11823111611080463,
    "f1-score": 0.21101847266673474,
    "support": 926279.0,
    "iou": 0.11795452856424303
  },
  "accuracy": 0.7246066847451791,
  "macro avg": {
    "precision": 0.8475857210575767,
    "recall": 0.5585851336230566,
    "f1-score": 0.5221047813115379,
    "support": 2973696.0
  },
  "weighted avg": {
    "precision": 0.7974546924677575,
    "recall": 0.7246066847451791,
    "f1-score": 0.6393900323598689,
    "support": 2973696.0
  }
}