{
  "soil": {
    "precision": 0.8031009208578022,
    "recall": 0.999168456415571,
    "f1-score": 0.8904696684725377,
    "support": 13901857.0,
    "iou": 0.8025645114601335
  },
  "plant": {
    "precision": 0.9612779612645627,
    "recall": 0.07771892893480886,
    "f1-score": 0.14381081264599857,
    "support": 3692511.0,
    "iou": 0.07747637666772586
  },
  "accuracy": 0.8057848397850949,
  "macro avg": {
    "precision": 0.8821894410611824,
    "recall": 0.5384436926751899,
    "f1-score": 0.5171402405592681,
    "support": 17594368.0
  },
  "weighted avg": {
    "precision": 0.8362973654046826,
    "recall": 0.8057848397850949,
    "f1-score": 0.7337691812264536,
    "support": 17594368.0
  }
}