{
  "soil": {
    "precision": 0.9809546331391135,
    "recall": 0.448282745705676,
    "f1-score": 0.6153561932612466,
    "support": 1998743.0,
    "iou": 0.44441479481325447
  },
  "plant": {
    "precision": 0.4647662619679289,
    "recall": 0.982157088598117,
    "f1-score": 0.6309573738712219,
    "support": 974953.0,
    "iou": 0.46087489303044626
  },
  "accuracy": 0.623318254455062,
  "macro avg": {
    "precision": 0.7228604475535212,
    "recall": 0.7152199171518965,
    "f1-score": 0.6231567835662342,
    "support": 2973696.0
  },
  "weighted avg": {
    "precision": 0.8117176294109382,
    "recall": 0.623318254455062,
    "f1-score": 0.6204711807513051,
    "support": 2973696.0
  },
  "inference_time_seconds": 4.6279318189999685
}