{
  "soil": {
    "precision": 0.9813605675480194,
    "recall": 0.4466712328698587,
    "f1-score": 0.6139156487527339,
    "support": 1998743.0,
    "iou": 0.44291362802004264
  },
  "plant": {
    "precision": 0.4641547938475492,
    "recall": 0.9826073667140878,
    "f1-score": 0.6304863814702043,
    "support": 974953.0,
    "iou": 0.46037248037521955
  },
  "accuracy": 0.6223827183410813,
  "macro avg": {
    "precision": 0.7227576806977842,
    "recall": 0.7146392997919733,
    "f1-score": 0.6222010151114691,
    "support": 2973696.0
  },
  "weighted avg": {
    "precision": 0.8117899992429222,
    "recall": 0.6223827183410813,
    "f1-score": 0.6193485126282261,
    "support": 2973696.0
  },
  "inference_time_seconds": 5.263696999987587
}