{
  "soil": {
    "precision": 0.696607566519554,
    "recall": 0.6830873203808594,
    "f1-score": 0.6897811979863051,
    "support": 1998743.0,
    "iou": 0.5264626006939986
  },
  "plant": {
    "precision": 0.37516202283412214,
    "recall": 0.39008957354867363,
    "f1-score": 0.3824802043949336,
    "support": 974953.0,
    "iou": 0.2364609109787488
  },
  "accuracy": 0.5870253717932162,
  "macro avg": {
    "precision": 0.5358847946768381,
    "recall": 0.5365884469647665,
    "f1-score": 0.5361307011906193,
    "support": 2973696.0
  },
  "weighted avg": {
    "precision": 0.591218751673402,
    "recall": 0.5870253717932162,
    "f1-score": 0.5890298012043582,
    "support": 2973696.0
  },
  "inference_time_seconds": 0.03605895803775638
}