{
  "soil": {
    "precision": 0.9459401239413427,
    "recall": 0.947932849391399,
    "f1-score": 0.9469354382975586,
    "support": 1978061.0,
    "iou": 0.8992187874660708
  },
  "plant": {
    "precision": 0.8961217104334179,
    "recall": 0.8923712002892626,
    "f1-score": 0.8942425229089785,
    "support": 995635.0,
    "iou": 0.8087148777519577
  },
  "accuracy": 0.929330032390668,
  "macro avg": {
    "precision": 0.9210309171873803,
    "recall": 0.9201520248403308,
    "f1-score": 0.9205889806032685,
    "support": 2973696.0
  },
  "weighted avg": {
    "precision": 0.9292602225213714,
    "recall": 0.929330032390668,
    "f1-score": 0.9292931134557089,
    "support": 2973696.0
  }
}