{
  "soil": {
    "precision": 0.9461484864358685,
    "recall": 0.9459834656261864,
    "f1-score": 0.946065968834947,
    "support": 1978061.0,
    "iou": 0.8976519790229516
  },
  "plant": {
    "precision": 0.8927207373642041,
    "recall": 0.8930300762829751,
    "f1-score": 0.892875380030779,
    "support": 995635.0,
    "iou": 0.8064813697807586
  },
  "accuracy": 0.9282539304622934,
  "macro avg": {
    "precision": 0.9194346119000363,
    "recall": 0.9195067709545808,
    "f1-score": 0.919470674432863,
    "support": 2973696.0
  },
  "weighted avg": {
    "precision": 0.9282601290022349,
    "recall": 0.9282539304622934,
    "f1-score": 0.9282570159749245,
    "support": 2973696.0
  },
  "inference_time_seconds": 0.31818603400006396
}