{
  "soil": {
    "precision": 0.9534327773380565,
    "recall": 0.9729842237700916,
    "f1-score": 0.9631092855197994,
    "support": 13894511.0,
    "iou": 0.9288435821345083
  },
  "plant": {
    "precision": 0.8900794774477142,
    "recall": 0.8215344538991642,
    "f1-score": 0.8544344539851363,
    "support": 3699857.0,
    "iou": 0.7458625627817633
  },
  "accuracy": 0.941136390917821,
  "macro avg": {
    "precision": 0.9217561273928854,
    "recall": 0.8972593388346279,
    "f1-score": 0.9087718697524678,
    "support": 17594368.0
  },
  "weighted avg": {
    "precision": 0.940110437480644,
    "recall": 0.941136390917821,
    "f1-score": 0.9402564421452976,
    "support": 17594368.0
  }
}