{
  "soil": {
    "precision": 0.9508315951993822,
    "recall": 0.9582632522696918,
    "f1-score": 0.9545329588883079,
    "support": 2032765.0,
    "iou": 0.9130206131350732
  },
  "plant": {
    "precision": 0.9082842635423435,
    "recall": 0.8929475168742448,
    "f1-score": 0.9005505971680206,
    "support": 940931.0,
    "iou": 0.8190923519066615
  },
  "accuracy": 0.9375961766098485,
  "macro avg": {
    "precision": 0.9295579293708629,
    "recall": 0.9256053845719683,
    "f1-score": 0.9275417780281643,
    "support": 2973696.0
  },
  "weighted avg": {
    "precision": 0.9373688527659294,
    "recall": 0.9375961766098485,
    "f1-score": 0.937451966885147,
    "support": 2973696.0
  }
}