{
  "soil": {
    "precision": 0.6890496923399837,
    "recall": 0.998614128980064,
    "f1-score": 0.8154405511897075,
    "support": 1998743.0,
    "iou": 0.6883914116836364
  },
  "plant": {
    "precision": 0.9640222360764755,
    "recall": 0.07612879800359607,
    "f1-score": 0.14111384150312042,
    "support": 974953.0,
    "iou": 0.07591311649618553
  },
  "accuracy": 0.6961690098786157,
  "macro avg": {
    "precision": 0.8265359642082296,
    "recall": 0.5373714634918301,
    "f1-score": 0.47827719634641397,
    "support": 2973696.0
  },
  "weighted avg": {
    "precision": 0.7792019158468668,
    "recall": 0.6961690098786157,
    "f1-score": 0.5943564697674414,
    "support": 2973696.0
  },
  "inference_time_seconds": 2.232054667081684
}