{
  "soil": {
    "precision": 0.6925017281441813,
    "recall": 0.9984200069743834,
    "f1-score": 0.8177877968964729,
    "support": 1998743.0,
    "iou": 0.6917436605286492
  },
  "plant": {
    "precision": 0.9656709279067746,
    "recall": 0.09111618713927748,
    "f1-score": 0.16652029860958156,
    "support": 974953.0,
    "iou": 0.09082200281972087
  },
  "accuracy": 0.700952282950241,
  "macro avg": {
    "precision": 0.8290863280254779,
    "recall": 0.5447680970568304,
    "f1-score": 0.4921540477530272,
    "support": 2973696.0
  },
  "weighted avg": {
    "precision": 0.7820627090972241,
    "recall": 0.700952282950241,
    "f1-score": 0.6042638854888174,
    "support": 2973696.0
  },
  "inference_time_seconds": 1.9338111819999995
}