{
  "soil": {
    "precision": 0.9480941845893863,
    "recall": 0.9296672958954703,
    "f1-score": 0.9387903266754054,
    "support": 1998743.0,
    "iou": 0.8846416973700686
  },
  "plant": {
    "precision": 0.8613365555336359,
    "recall": 0.8956565085701567,
    "f1-score": 0.8781613402971611,
    "support": 974953.0,
    "iou": 0.782787553898147
  },
  "accuracy": 0.9185165531379132,
  "macro avg": {
    "precision": 0.9047153700615111,
    "recall": 0.9126619022328135,
    "f1-score": 0.9084758334862832,
    "support": 2973696.0
  },
  "weighted avg": {
    "precision": 0.9196499149933043,
    "recall": 0.9185165531379132,
    "f1-score": 0.9189125677664824,
    "support": 2973696.0
  },
  "inference_time_seconds": 0.3232787910001207
}