{
  "soil": {
    "precision": 0.9528628770720039,
    "recall": 0.9631193156425073,
    "f1-score": 0.9579636445018703,
    "support": 13901857.0,
    "iou": 0.9193188312934919
  },
  "plant": {
    "precision": 0.8552841563092562,
    "recall": 0.8206242310449448,
    "f1-score": 0.8375957879228265,
    "support": 3692511.0,
    "iou": 0.7205718795754135
  },
  "accuracy": 0.9332140262156617,
  "macro avg": {
    "precision": 0.9040735166906301,
    "recall": 0.891871773343726,
    "f1-score": 0.8977797162123484,
    "support": 17594368.0
  },
  "weighted avg": {
    "precision": 0.93238413638735,
    "recall": 0.9332140262156617,
    "f1-score": 0.9327021725089837,
    "support": 17594368.0
  }
}