{
  "soil": {
    "precision": 0.9478330314959428,
    "recall": 0.9316580470825914,
    "f1-score": 0.9396759379690602,
    "support": 1998743.0,
    "iou": 0.886215801015785
  },
  "plant": {
    "precision": 0.8646287344087875,
    "recall": 0.8948780095040478,
    "f1-score": 0.8794933506047081,
    "support": 974953.0,
    "iou": 0.7849068553759566
  },
  "accuracy": 0.9195993807033402,
  "macro avg": {
    "precision": 0.9062308829523651,
    "recall": 0.9132680282933197,
    "f1-score": 0.9095846442868842,
    "support": 2973696.0
  },
  "weighted avg": {
    "precision": 0.9205537537694994,
    "recall": 0.9195993807033402,
    "f1-score": 0.9199445349949038,
    "support": 2973696.0
  }
}