{
  "soil": {
    "precision": 0.9529462288399043,
    "recall": 0.9439874729964634,
    "f1-score": 0.9484456959072879,
    "support": 2047417.0,
    "iou": 0.9019464731549105
  },
  "plant": {
    "precision": 0.8787120833143844,
    "recall": 0.8969716467716531,
    "f1-score": 0.8877479824298031,
    "support": 926279.0,
    "iou": 0.7981536274208423
  },
  "accuracy": 0.9293424748192148,
  "macro avg": {
    "precision": 0.9158291560771443,
    "recall": 0.9204795598840583,
    "f1-score": 0.9180968391685456,
    "support": 2973696.0
  },
  "weighted avg": {
    "precision": 0.9298229741147296,
    "recall": 0.9293424748192148,
    "f1-score": 0.9295389154757269,
    "support": 2973696.0
  }
}