{
  "soil": {
    "precision": 0.9617943707497738,
    "recall": 0.21641585731378882,
    "f1-score": 0.35332837612093637,
    "support": 1999128.0,
    "iou": 0.21457124237593947
  },
  "plant": {
    "precision": 0.37933139900002655,
    "recall": 0.9823655199021515,
    "f1-score": 0.547320158871038,
    "support": 974568.0,
    "iou": 0.37676585258158724
  },
  "accuracy": 0.4674401821840565,
  "macro avg": {
    "precision": 0.6705628848749001,
    "recall": 0.5993906886079702,
    "f1-score": 0.4503242674959872,
    "support": 2973696.0
  },
  "weighted avg": {
    "precision": 0.7709040532955997,
    "recall": 0.4674401821840565,
    "f1-score": 0.41690521239848494,
    "support": 2973696.0
  },
  "inference_time_seconds": 0.05915083293803036
}