{
  "soil": {
    "precision": 0.9496808033991506,
    "recall": 0.948055352789228,
    "f1-score": 0.9488673819780099,
    "support": 1998743.0,
    "iou": 0.9027094828087232
  },
  "plant": {
    "precision": 0.8938810720644661,
    "recall": 0.8970175998227606,
    "f1-score": 0.895446589331945,
    "support": 974953.0,
    "iou": 0.8106865459682585
  },
  "accuracy": 0.9313221660855716,
  "macro avg": {
    "precision": 0.9217809377318084,
    "recall": 0.9225364763059943,
    "f1-score": 0.9221569856549774,
    "support": 2973696.0
  },
  "weighted avg": {
    "precision": 0.931386359224647,
    "recall": 0.9313221660855716,
    "f1-score": 0.9313528942655271,
    "support": 2973696.0
  },
  "inference_time_seconds": 0.3905339110001478
}