{
  "soil": {
    "precision": 0.952881880096592,
    "recall": 0.9613425110761511,
    "f1-score": 0.9570934981241246,
    "support": 2047417.0,
    "iou": 0.9177174525258026
  },
  "plant": {
    "precision": 0.9128421979958155,
    "recall": 0.8949269064720241,
    "f1-score": 0.9037957804793884,
    "support": 926279.0,
    "iou": 0.8244775602803585
  },
  "accuracy": 0.9406546600594008,
  "macro avg": {
    "precision": 0.9328620390462037,
    "recall": 0.9281347087740877,
    "f1-score": 0.9304446393017565,
    "support": 2973696.0
  },
  "weighted avg": {
    "precision": 0.9404098867601429,
    "recall": 0.9406546600594008,
    "f1-score": 0.9404917484488893,
    "support": 2973696.0
  }
}