{
  "soil": {
    "precision": 0.9733994200528573,
    "recall": 0.9676835979538561,
    "f1-score": 0.9705330934379316,
    "support": 13901857.0,
    "iou": 0.9427530766181228
  },
  "plant": {
    "precision": 0.880964234794495,
    "recall": 0.9004401070166074,
    "f1-score": 0.8905957072605748,
    "support": 3692511.0,
    "iou": 0.8027692997847056
  },
  "accuracy": 0.9535712791729717,
  "macro avg": {
    "precision": 0.9271818274236762,
    "recall": 0.9340618524852318,
    "f1-score": 0.9305644003492533,
    "support": 17594368.0
  },
  "weighted avg": {
    "precision": 0.9540001476064959,
    "recall": 0.9535712791729717,
    "f1-score": 0.9537567205798023,
    "support": 17594368.0
  }
}