{
  "soil": {
    "precision": 0.9504002731245905,
    "recall": 0.9470822411885871,
    "f1-score": 0.9487383561190705,
    "support": 1998743.0,
    "iou": 0.9024759550977481
  },
  "plant": {
    "precision": 0.8922846921015836,
    "recall": 0.8986710128590815,
    "f1-score": 0.895466466075659,
    "support": 974953.0,
    "iou": 0.8107191303591488
  },
  "accuracy": 0.9312101842286501,
  "macro avg": {
    "precision": 0.921342482613087,
    "recall": 0.9228766270238342,
    "f1-score": 0.9221024110973648,
    "support": 2973696.0
  },
  "weighted avg": {
    "precision": 0.9313465567846809,
    "recall": 0.9312101842286501,
    "f1-score": 0.9312726874651484,
    "support": 2973696.0
  }
}