{
  "soil": {
    "precision": 0.736270301742929,
    "recall": 0.629448846550407,
    "f1-score": 0.6786819863520956,
    "support": 1998917.0,
    "iou": 0.513640152742931
  },
  "plant": {
    "precision": 0.4143688561983759,
    "recall": 0.5376500724779668,
    "f1-score": 0.46802734453488837,
    "support": 974779.0,
    "iou": 0.3055063305896892
  },
  "accuracy": 0.5993571636105371,
  "macro avg": {
    "precision": 0.5753195789706524,
    "recall": 0.5835494595141869,
    "f1-score": 0.573354665443492,
    "support": 2973696.0
  },
  "weighted avg": {
    "precision": 0.6307508508015839,
    "recall": 0.5993571636105371,
    "f1-score": 0.6096292919623747,
    "support": 2973696.0
  },
  "inference_time_seconds": 0.8401797810000744
}