{
  "soil": {
    "precision": 0.7338613604463264,
    "recall": 0.6225120902968958,
    "f1-score": 0.6736162068481112,
    "support": 1998917.0,
    "iou": 0.5078591960531992
  },
  "plant": {
    "precision": 0.4096070969175542,
    "recall": 0.537054039941361,
    "f1-score": 0.4647516151727475,
    "support": 974779.0,
    "iou": 0.30272079734188534
  },
  "accuracy": 0.5944988996857782,
  "macro avg": {
    "precision": 0.5717342286819403,
    "recall": 0.5797830651191285,
    "f1-score": 0.5691839110104293,
    "support": 2973696.0
  },
  "weighted avg": {
    "precision": 0.6275706546215505,
    "recall": 0.5944988996857782,
    "f1-score": 0.605150291768453,
    "support": 2973696.0
  },
  "inference_time_seconds": 1.6125451669795439
}