{
  "soil": {
    "precision": 0.9604743630595309,
    "recall": 0.208096684354578,
    "f1-score": 0.34207852539655587,
    "support": 1998917.0,
    "iou": 0.20632975121959687
  },
  "plant": {
    "precision": 0.3769413644754606,
    "recall": 0.982439096451606,
    "f1-score": 0.5448392766774887,
    "support": 974779.0,
    "iou": 0.37441862465438075
  },
  "accuracy": 0.4619265049285468,
  "macro avg": {
    "precision": 0.6687078637674958,
    "recall": 0.595267890403092,
    "f1-score": 0.44345890103702224,
    "support": 2973696.0
  },
  "weighted avg": {
    "precision": 0.769191961352436,
    "recall": 0.4619265049285468,
    "f1-score": 0.4085435986161709,
    "support": 2973696.0
  },
  "inference_time_seconds": 0.06679484400001456
}