{
  "soil": {
    "precision": 0.944615814733703,
    "recall": 0.8621188416920035,
    "f1-score": 0.9014838887889074,
    "support": 1998743.0,
    "iou": 0.8206378400723126
  },
  "plant": {
    "precision": 0.7602554477512612,
    "recall": 0.8963734662081146,
    "f1-score": 0.8227223431416113,
    "support": 974953.0,
    "iou": 0.6988345853238036
  },
  "accuracy": 0.8733495286673554,
  "macro avg": {
    "precision": 0.8524356312424821,
    "recall": 0.8792461539500591,
    "f1-score": 0.8621031159652593,
    "support": 2973696.0
  },
  "weighted avg": {
    "precision": 0.8841716089807838,
    "recall": 0.8733495286673554,
    "f1-score": 0.8756612071114703,
    "support": 2973696.0
  },
  "inference_time_seconds": 0.021700417040847242
}