{
  "soil": {
    "precision": 0.9548248471534186,
    "recall": 0.9391399016419225,
    "f1-score": 0.9469174266430054,
    "support": 2047417.0,
    "iou": 0.8991863037144768
  },
  "plant": {
    "precision": 0.8701901841002092,
    "recall": 0.9017866107295965,
    "f1-score": 0.8857066967237146,
    "support": 926279.0,
    "iou": 0.7948595707427549
  },
  "accuracy": 0.9275046944946626,
  "macro avg": {
    "precision": 0.9125075156268139,
    "recall": 0.9204632561857595,
    "f1-score": 0.91631206168336,
    "support": 2973696.0
  },
  "weighted avg": {
    "precision": 0.9284619267142534,
    "recall": 0.9275046944946626,
    "f1-score": 0.9278508463002565,
    "support": 2973696.0
  }
}