{
  "soil": {
    "precision": 0.9673646909981246,
    "recall": 0.956800879191895,
    "f1-score": 0.9620537870395394,
    "support": 13901857.0,
    "iou": 0.9268821206982791
  },
  "plant": {
    "precision": 0.8437831170229757,
    "recall": 0.8784737540389183,
    "f1-score": 0.8607790566674358,
    "support": 3692511.0,
    "iou": 0.7555857024094008
  },
  "accuracy": 0.940362450074933,
  "macro avg": {
    "precision": 0.9055739040105502,
    "recall": 0.9176373166154066,
    "f1-score": 0.9114164218534876,
    "support": 17594368.0
  },
  "weighted avg": {
    "precision": 0.941428759608003,
    "recall": 0.940362450074933,
    "f1-score": 0.940799368812012,
    "support": 17594368.0
  }
}