{
  "soil": {
    "precision": 0.9558516009385725,
    "recall": 0.9216292439798414,
    "f1-score": 0.9384285232142744,
    "support": 1998743.0,
    "iou": 0.8839993761472292
  },
  "plant": {
    "precision": 0.8503192503874769,
    "recall": 0.9127322035010919,
    "f1-score": 0.8804210011837937,
    "support": 974953.0,
    "iou": 0.7863857772561939
  },
  "accuracy": 0.9187122691761364,
  "macro avg": {
    "precision": 0.9030854256630247,
    "recall": 0.9171807237404666,
    "f1-score": 0.9094247621990341,
    "support": 2973696.0
  },
  "weighted avg": {
    "precision": 0.9212518699079486,
    "recall": 0.9187122691761364,
    "f1-score": 0.9194102349877094,
    "support": 2973696.0
  }
}