{
  "soil": {
    "precision": 0.9559775007190674,
    "recall": 0.9212359968240039,
    "f1-score": 0.9382852690638545,
    "support": 1998743.0,
    "iou": 0.8837451734672084
  },
  "plant": {
    "precision": 0.8497226968565946,
    "recall": 0.9130296537371545,
    "f1-score": 0.8802393818079517,
    "support": 974953.0,
    "iou": 0.7860960347303295
  },
  "accuracy": 0.9185454733772382,
  "macro avg": {
    "precision": 0.902850098787831,
    "recall": 0.9171328252805793,
    "f1-score": 0.9092623254359031,
    "support": 2973696.0
  },
  "weighted avg": {
    "precision": 0.9211409068674669,
    "recall": 0.9185454733772382,
    "f1-score": 0.9192544024528074,
    "support": 2973696.0
  },
  "inference_time_seconds": 0.45230905599987636
}