{
  "soil": {
    "precision": 0.9429442913434699,
    "recall": 0.6650734986939292,
    "f1-score": 0.7800003990038985,
    "support": 1998743.0,
    "iou": 0.6393447984466931
  },
  "plant": {
    "precision": 0.571961014123844,
    "recall": 0.9174996128018479,
    "f1-score": 0.7046497228725466,
    "support": 974953.0,
    "iou": 0.543983921040389
  },
  "accuracy": 0.7478336723054407,
  "macro avg": {
    "precision": 0.7574526527336569,
    "recall": 0.7912865557478885,
    "f1-score": 0.7423250609382226,
    "support": 2973696.0
  },
  "weighted avg": {
    "precision": 0.8213140846662891,
    "recall": 0.7478336723054407,
    "f1-score": 0.7552960015986864,
    "support": 2973696.0
  },
  "inference_time_seconds": 1.4297522530000606
}