{
  "soil": {
    "precision": 0.9418806821008935,
    "recall": 0.6629496638637383,
    "f1-score": 0.7781750677492452,
    "support": 1998743.0,
    "iou": 0.6368957182071485
  },
  "plant": {
    "precision": 0.5700481087725434,
    "recall": 0.9161354444778363,
    "f1-score": 0.7027951242791087,
    "support": 974953.0,
    "iou": 0.5417765053407981
  },
  "accuracy": 0.7459589009771006,
  "macro avg": {
    "precision": 0.7559643954367185,
    "recall": 0.7895425541707873,
    "f1-score": 0.7404850960141769,
    "support": 2973696.0
  },
  "weighted avg": {
    "precision": 0.8199720260499068,
    "recall": 0.7459589009771006,
    "f1-score": 0.7534610747835755,
    "support": 2973696.0
  },
  "inference_time_seconds": 2.134498249972239
}