{
  "soil": {
    "precision": 0.7024711390171717,
    "recall": 0.9967944853340325,
    "f1-score": 0.8241434975723512,
    "support": 1998743.0,
    "iou": 0.7008878174087073
  },
  "plant": {
    "precision": 0.9534083802376485,
    "recall": 0.1344752003429909,
    "f1-score": 0.23570496922605344,
    "support": 974953.0,
    "iou": 0.1335972527920437
  },
  "accuracy": 0.71407534596677,
  "macro avg": {
    "precision": 0.8279397596274101,
    "recall": 0.5656348428385117,
    "f1-score": 0.5299242333992022,
    "support": 2973696.0
  },
  "weighted avg": {
    "precision": 0.7847431722511093,
    "recall": 0.71407534596677,
    "f1-score": 0.6312186294867069,
    "support": 2973696.0
  },
  "inference_time_seconds": 0.4481978119999894
}