{
  "soil": {
    "precision": 0.7307438883071753,
    "recall": 0.9966772767833812,
    "f1-score": 0.8432405985785341,
    "support": 2047417.0,
    "iou": 0.7289680097195068
  },
  "plant": {
    "precision": 0.9624517054862568,
    "recall": 0.1882553744606107,
    "f1-score": 0.3149136898070267,
    "support": 926279.0,
    "iou": 0.1868828248749842
  },
  "accuracy": 0.7448612770101584,
  "macro avg": {
    "precision": 0.846597796896716,
    "recall": 0.592466325621996,
    "f1-score": 0.5790771441927804,
    "support": 2973696.0
  },
  "weighted avg": {
    "precision": 0.8029187458544237,
    "recall": 0.7448612770101584,
    "f1-score": 0.6786716175091971,
    "support": 2973696.0
  }
}