{
  "soil": {
    "precision": 0.7049344733459568,
    "recall": 0.9963041771753547,
    "f1-score": 0.8256680039737757,
    "support": 1998743.0,
    "iou": 0.7030958934677085
  },
  "plant": {
    "precision": 0.9503611867083291,
    "recall": 0.1450613516754141,
    "f1-score": 0.2517031985249624,
    "support": 974953.0,
    "iou": 0.1439705193721115
  },
  "accuracy": 0.7172165547520661,
  "macro avg": {
    "precision": 0.827647830027143,
    "recall": 0.5706827644253843,
    "f1-score": 0.538685601249369,
    "support": 2973696.0
  },
  "weighted avg": {
    "precision": 0.7853998304210529,
    "recall": 0.7172165547520661,
    "f1-score": 0.6374884762188414,
    "support": 2973696.0
  }
}