{
  "soil": {
    "precision": 0.8128878446771148,
    "recall": 0.9971301675740155,
    "f1-score": 0.8956319631025988,
    "support": 13901857.0,
    "iou": 0.8109904788794656
  },
  "plant": {
    "precision": 0.9263412679803483,
    "recall": 0.13587962229496406,
    "f1-score": 0.23699571861514393,
    "support": 3692511.0,
    "iou": 0.13442719403323378
  },
  "accuracy": 0.8163804462882668,
  "macro avg": {
    "precision": 0.8696145563287316,
    "recall": 0.5665048949344897,
    "f1-score": 0.5663138408588714,
    "support": 17594368.0
  },
  "weighted avg": {
    "precision": 0.8366981920300204,
    "recall": 0.8163804462882668,
    "f1-score": 0.7574046861825857,
    "support": 17594368.0
  }
}